hindi	mundari
वे भी कमजोर पड़ रहे हैं	इनकु कमजोरोःतानाको
इनमें यदि और बढ़ोतरी हो तो और भी अच्छा।	नेआको रे ओड़ोःगे सानाडगि होबाजान रे ओड़ोःगे बुगिना।
उन्होंने शादी करने का भी वादा किया था	इनिः आड़ानदि रिका राः किरिआओ जोमलाःए
मैं आधे अधूरे पेट उठा तो दूसरी समस्या शुरू।	आञ तारा पेरेः लाइः बिरिदकेनाञ दो एटाः बालाए एटेः।
इस सुविधा के कारण इतिहासकार ईश्र्वर हो जाता है।	नेआ रानाबाल मेनते इतिहास ओलको बोङगासामको लेकाओःआ
वह पास्ट में सब कुछ खो चुका है।	इनिः सिदा रे सोबेनाः आदउतारतादाएः।
अदिति शायद अब जिंदगी भर यही दोहराती रहेगी।	आदिति गोटा जिनिद नेआगे खाने काजिबेड़ाएआएः।
इसलिए वे हमारे दोस्त नहीं हो सकते।	नेआ मेनते इनकु आलेआः सोङगे काको बाइ दाड़िओःआ।
और उस दिन ये हवेली हँस रही थी मौज में	आर एन हुलाङ एन हवेली लानदातान ताइकेना रासिकाते
हरेप्रकाश उपाध्याय ने अब तक किया क्या है?	हारेप्रकाश उपाध्याय नाआः जाकेद चानाःए चिकातादाएः?
रात में जहाज हजार द्वारी में लंगर डाल लेता है।	निदा जाआज जहार द्वारी रे लाङगार उयुःएआए।
उसी से तो मेरा काम चलता है।	एना ते गे आञाः कामि चालाओआ।
दो बार की फ्लैग मीटिंग्स बेनतीजा रहीं।	बार साः राः फ्लैग मीटिंगको बेगार नतीजा राः ताइनजाना।
मुझे तो उसकी दरबानी बहुत है	आञ दो इनिआः दरबानी बेसे मेनाः
लालू और मुलायम से बात की जा रही है।	लालू आर मुलायम लोः जागार होबाओताना।
यही कि तुम्हारे साथ ऐसा हुआ।	नेआ गे चि आम लोः नेका होबाजाना।
मैंने तो देखना ही बन्द कर दिया है।	आञ दो लेल गे होकाजानाञ।
जाने पर अपनी सहमति व्यक्त की।	सेन नातिन हेए केदा।
दूसरा पहले से आगे निकलना चाहता है।	एटाः निः सिदा रे गे आयार सेन सानाङाएः।
यूपी इलेक्शन वॉच की सूचना के मुताबिक उत्तर प्रदेश विधान	यूपी इलेक्शन वॉच राः उनुदुब होरा ते उत्तर प्रदेश विधान
तुम्हारे कारण एक बार आईना है आपके	आमाः नातिन मोसा आईना मेनाः आमाः
यहां कभी भी माओवादी घटना को अंजाम दे सकते हैं।	नेताः रे जाआं इमताङो माओवादी ताको जाआन घाटना रिका दाड़िआको।
शीतला को खेद हुआ कि उन्होंने मुझे देख लिया।	शीतला गिउःगे टोओर केदाएः चि इनिः आञे लेललिञाएः।
हमारे दरवाजे तक पहुंच गया है।	आलेआः दुआर जाकेद तेबातादा।
उन्हें झूठ बोलना बंद कर देना चाहिए।	इनकु होसोड़ो होका लागातिङा।
बरक्स उनके जो पेडोमीटर स्तेमाल नहीं कर रहे थे।	उलटा इनकु ओकोएः पेडोमीटर कामि रे काको आउजादताइकेना।
सौ बुराईयों की जड़ एक शराब है।	साए काबुगिन काजि राः रेएद मिआद आरकि मेनाः।
अब सारी प्रक्रिया फिर से शुरु होगी।	नाआः सोबेन कामि सिदा ते एटेगोआ।
बैठक को अन्य भाजपाईयों ने भी संबोधित किया।	दुनुब रे एटाः भाजपा रेन होड़ोकोओ जागारलेदा।
उसे घसीटता हुआ गुंडा अपने साथ ले गया।	एदकान होड़ोः इनीः ओर इदिकिःआए।
और इस मामले में उनकी भूमिका अग्रणी थी।	आर नेआ मामला रे इनिः रिकातानको रे आयार गे ताइकेनाएः।
और क्योंकि ये नगर कालका का मामला था।	आर चिआचि नेआ नगर कालका राः मामला ताइकेना।
तब तक वहाँ घने जंगल थे।	एन सोमाए दो एनताः बेसे बिर ताइकेना।
प्रेस कांफ्रेंस में आने वाले तो बस कर्मचारी भर हैं।	प्रेस कोनफेरेनस रे हिजुःलेनको कर्मचारी बाआरिको मेनाःकोआ।
पहली बार किसी धार्मिक जुलूस में इतना रोमांटिक दृश्य देखा।	जाआन धोरोम राः जुलुस रे निमनाङ रोमानटिक लेनेल नाआः जाकेद काञ लेललाः।
मैं कैसे जानूँ कि सउनको मुझसे मुहब्बत है।	चिलका तेञ टोओरेआ चि इनिः आञे सुकुआञतानाएः।
फ़िल्म में ग्लैमर है थिएटर में नहीं है	फिलिम रे ग्लैमर मेनाः थिएटार रे बानोः
इस कारण उन्हें नया कंप्यूटर शिक्षक रखना पड़ा।	नेआ मेनते इनकु नावा कंप्यूटार पाड़ाओतेनिः जोगाओ टोःजाना
कॉरपोरेट कंपनियाँ शाहिद की लोकप्रियता को भुनाना चाहती हैं।	कारपोरेट कम्पनिताको शाहिद राः नुतुम कामि रे आउ सानाङतानाको।
हीरालाल का गुरुवार शाम मोही में अंतिम संस्कार किया गया।	हीरालाल राः गुरुवार आयुम मोही रे हासागाड़ा होबाजाना।
घर बार सब जल उठा।	ओड़ाः दुआर सोबेन ओनडोताना।
इससे मस्तिष्क को कम से कम कष्ट होता है।	नेआ ते हाताङ हुड़िङ ते हुड़िङ हासुआ।
जनजाति क्षेत्रों पर राज्यपालों की दो दिवसीय बैठक सम्पन्न	आदिवासी दिसुम चेतान रे राज्यपालकोआः बारसिङ राः दुनुब चाबा
आज सुबह उसकी मौत हो गई।	तिसिङ सेताः इनिः बाङगाइःजाना।
आते हुए ट्रेफिक के विशाल प्रकाश पुंज	हिजुःतान ट्रेफिक राः माराङ मारसाल पुंज
एक विशिष्ट शान्ति के साथ वह सोने चली गई।	मिआद एटाः हानापे लोः इनिः गितिः सेनोःजानाएः।
क्यों मीण्डी बुआ को परेशान करता है जोगिया।	चानाः मेनते मिण्डि हातोमेः बालाएइआः जोगिआ।
कौन सुरभि की दिव्य बेलि प्राणॉ मॅ गमक उठी है?	ओकोएः सुरभि राः दिव्य बेलि प्राणॉ मॉ सोआन एटेःआकान?
लोग रंगकर्मी के पसन्द कर रहे है।	होड़ोको नाटकतानको सुकुजाःकोआको।
इन्होंने अपनी लेखनी को इन नवीन विषयों पर चलाया।	निकु आपान ओनोलको नेआ नावा विषयको रे चालाओतादा।
आज गोकुल में भगवान श्रीकृष्ण पहुंच गये।	तिसिङ गोकुल रे भोगोमान श्रीकृष्ण तेबाःतादाएः।
इस भ्रामक नामकरण पर किसीको बड़ी आपत्ति नहीं थी।	नेआ का मुनडिओः साकि ते जाआएआः आपत्ति का ताइकेना।
इसके लिये समाजिक सोच में परिवर्तन होना पड़ेगा।	नेआ नातिन सामाजिक उड़ुः बादिलि लागातिङा।
जिसके बाद दोनों पक्षों के मध्य झड़पें आरंभ हो गयीं।	ओकोआ तायोम बारान पक्ष ताला ते गोपोएः एटेःजाना।
घटना के बाद से आरोपी फरार हो गया है।	होबालेनाः तायोम ते आरोपी निर जानाएः।
बड़ी बिटिया के ससुर दुआर पर लेटे हैं।	माराङ कुड़िआः होनजार दुआर रे बाटिआकानाएः।
संभवत आजकल उनको हारने के पैसे मिल रहे हैं।	होबा दाड़िओःआ चि निमिर इनकु कादाड़ि राः टाका नामोःताना।
उस दिन से सुखदा का यही नियम हो गया।	एन हुलाङ ते सुखदा राः नेआ नियम बाइजाना।
पानी के फव्वारों को हफ्ते में एक दिन सुखा दें।	दाः राः फव्वारा पीटि रे मोसा आनजेदकेपे।
श्रम शक्ति सीसीएल की सबसे बड़ी संपदा है।	बालबाल दाः राः पेड़ेः सीसीएल राः सोबेनको ते माराङ पेड़ेःमेनाः।
धन्य भाग्य है कि आपके दर्शन हुए।	धन्य भाग्य राः चि आमेञ लेल दाड़िजाना।
किरोड़ीलाल मीणा कलेक्ट्रेट पहुंचे और उन्होंने नामांकन दाखिल किया।	किरोड़ीलाल मीणा कलेक्ट्रेट तेबाःलाःए आर नामांकन पेरेःकेदाएः।
हर शाख का यही हाल है।	सोबेन कोतो राः नेका गे हाल मेनाः।
उन्होंने अपनी स्कूलिंग पूरी कर ली है।	इनिः आएः इसकुल पाड़ाओ चाबाकेदाएः।
आय से अधिक संपत्ति का।	नाला ते साङगि पुनजि राः।
मैं अभी उसे पूरा करता हूँ।	आञ नाआः गे एना गोटालेआञ।
इसके बहाने वह पूरे इंटरनेट पर नजरदारी करेगी।	नेआ नुतुम ते इनिः गोटा इंटारनेट रे कोयोःएआएः।
परियोजना के लिए जमीन अधिग्रहण का काम आगे बढ़ सका।	परियोजना नातिन ओते आउ राः कामि आयार दाड़िलेना।
अब यह इतिहास के पन्नों में दर्ज हो गया।	नाआः नेआ इतिहास राः साकाम रे ओलजाना।
दूसरी बड़ी चूक भी सुभाषचन्द्र बोस से ही संबंधित है।	बारिआतेआ का टोः जागारो सुभाषचन्द्र बोस लोः गे मेनाः।
मैंने काफी लंबे समय से जिन गेंदबाजों को देखा है।	आञ बेसे सोमाए ते ओकोएः गेंदबाज ताकोञ लेलतादा।
उसी जगह कम नींद से हार्मोनल बैलेंस बिगड़ जाता है।	एन ठांव गे कोम गितिः ते हार्मोनल बैलेंस बागड़ाओओआ।
अगर कहीं श्रृद्धा आ गयी तो फिर गला न	आर श्रृद्धा हिजुःजान रे होटोः
दो हिन्दु परिवारों का शोर किले को आबाद करता है	बार हिन्दु ओड़ाः राः काकाला ते किला आबाद आयुमोःआ
परम्परा भी वैसी ही चली है।	परम्पराओ एनगा गे सेसेनाकाना।
कि इतनी गौएं कहां रखी जायें।	चि निमनुङ उरिःको कोताः जोगाओःआ।
पोलैण्ड में कपड़ा उद्योग भी भयंकर संकट में है।	पोलैण्ड रे लिजाः उद्योगो बेसे बालाए रे मेनाः।
स्थान बड़े दृश्य के लिए कृपया छवि पर क्लिक करें	माराङ ठांव लेनेल नातिन छवि रे ओताएपे।
हमारे लिए तो मानो सपना सच हो गया है।	आलेआः नातिन दो कुमु गे सारतेजाना।
संस्कृत की कुट् धातु में आश्रय का भाव है।	संस्कृत राः कुट् धातु रे आश्रय राः भाव मेनाः।
चुनाव में रुही परवीन विजयी रही।	चुनाव रे रूही परवीन दाड़िजानाएः।
उसी दौरान यह सब तय हुआ।	एन सोमाए गे नेआको गोटालेना।
इसी तरह मीरा रोड स्टेशन आ गया।	नेकागे मीरा रोड स्टेशन हिजुःजाना।
किसी को अपने भाई की पड़ी है।	ओकोएः दो आएआः हागाते राः उड़ुःतानाएः।
हमारी अकेले दम पर उतरने की योजना नहीं है।	आलेआः एसेकार गे हाड़ागुन राः योजना बानोः।
अधिकारी आग से हुई क्षति का जायजा ले रहे हैं।	अधिकारी ताको सेङगेल ते होबालेन क्षति आगामजादाको।
दिल की लगी का बस इज़हार होना चाहिए	जी टेनेकाद राः उदुब बारि रिका लागातिङा।
वे बिना लायसेंस के ड्राइवर हैं।	इनिः बेगार लायसेंस राः ड्राइवर मेनाःइ
वह स्वयं कितना पराक्रमी है?	इनिः आपान चिमनाङ का-बोरोआन मेनाःइ?
लेकिन जनता ने इमानदार कप्तान पर पूर्ण भरोसा किया।	मेनदो होड़ोको इमानदार कप्तान रे गोटा भोरसा केदा।
बाकी बचा टुकड़ा एक दोस्त ने अपने पास रख लिया।	सारेःलेन खानड मिआद सोङगे आपान ताः जोगाओकेदाएः।
तेरे पापा तो अब हैं नहीं जो तेरे दुष्कर्मों को	आपुम दो बाङगाइ ओकोएः आमाः एदकान कामिको
उसकी छत चार विशाल पाषाण स्तंभों पर टिकी है।	इनिः साड़िमा उपुनिआ माराङ माआरि स्तंभ रे टेकाओआकाना।
मैं कबसे अपने शहर में भी दिल्ली ढूंढने लगी?	आञ चिमतुङ ते आपान शहर रे दिल्ली दांड़ा एटेःकेदाञ?
तब से महाराणा की सेवा में रहने लगे।	एन सोमाए ते महाराणाआः सेवा रे ताइन एटेःजानाएः।
चतुर्दिशाओं में घिर उठे बादल घने ॥	सोबेन साःते हेनदे रिमबिल राकाबजाना।
रोबोफार्म एक लाइफ सेवर बन चुका है।	रोबोफार्म मिआद लाइफ सेवर बाइनजाना।
अभागे के पास तीन पैसे हैं।	अभागा ताः रे आपि पोएसा गे मेनाः।
यह तालाब जिले के जल स्रोतों में से है।	नेआ बानदा जिला राः दाः नामोः ठांवको रे मिआद मेनाः।
चंदेरी के बाद कदवाया में कार्य चल रहा है।	चंदेरी तायोम ते कदवाया रे कामि सेसेनताना।
मनुष् य पापों के बोझ से लदा हुआ है।	होड़ो पापाः भारोम ते तेनाकानाएः।
ऐसे में आपको कितनी जगह मिली है?	नेका रे आप चिमनाङ ठांव नामतादाम?
भाजपा पर गलतबयानी का आरोप लगाते हुए उन्होंने कहा कि	भाजपा चेतान रे होसोड़ोकाजि राः आरोम लागाओतान लोः इनिः काजिकेदाएः।
मुख सों कढ़यो जो ज्ञान परम नवीन	मोचा ते काजिलेन सेंड़ा सोबेनकोआःते नावा
· स्क्रीन का वीडियो रेकॉर्ड कर सकते हैं	स्क्रीन राः वीडियो रेकॉर्ड रिका दाड़िओःआ।
हम दोनों की हाल एक जैसी थी।	आलिङाः हाल मोद लेका गे ताइकेना।
फिर सारी दुनिया उसे नसीहतें देनी शुरू कर देती है।	एन तायोम ते गोटा दुनिया इनि नसीहत ओम एटेःएआ।
जैन समाज के दीक्षा रजत जयन्ति महोत्सव का शुभारंभ।	जैन समाज राः दीक्षा रजत जयन्ति महोत्सव एटेःजाना।
तेरे बिन लादेन के सिक्वल में होंगे मनीष पॉल	तेरे बिन लादेन राः सिक्वल रे ताइनाएः मनीष पॉल
टीवी क्या कर रहा है और क्या करना चाहिए?	टीवी चानाःए रिका तानाएः आर चानाः रिका लागातिङा।
» आप जैसे प्रयोक्ताओं और दान दाताओं के विचार देखें।	आम लेका कामि रे आउतानको आर ओपोम होड़ोकोआः उड़ुः लेलमे।
इसलिये दास्य भाव का बड़ा माहात्म्य है।	एनामेनते गुति भाव राः इसु मानाराङ मेनाः।
सन्नी लियोन के हॉट कंडोम वीडियो ने मचाई सनसनी	सन्नी लियोनाः हॉट कांडोम राः विडियो ते आकादानदाजानाको
बाहर के पर्यटकों में भी भय बैठ गया है।	बाहर रेन होनोर होड़ोको ताला रेओ बोरो बोलोआकाना।
भरत की आवाज़ गले में कहीं खोकर रह गई थी।	भरताः साड़ा होटोः रे जाआः ताः आदउतारलेना।
यहां का सब काम अंग्रेजी में होता है।	नेताः रे सोबेन कामि अंग्रेजी ते गे होबाओआ।
पेंसिल की नोंक से रची नायाब दुनिया	पेंसिल राः चोगा ते बाइकेदाएः माजालेकान दुनिया
अस्पताल में ओटी की बिगड़ी दशा पर भड़के सीपीएस	आस्पाताल राः ओटी राः बागाड़ाओआकान मुटान लेलकेआते सीपीएस खाएराओजानाएः
और कान के अंदरूनी कान में एक ट्यूब से जुड़े	आर लुतुर राः बितार लुतुर रे मिआद ट्यूब ते जुड़ागेनपे
सीरिया सहायता के लिए जॉर्डन में टीम गठित	सीरिया देङगा नातिन जॉर्डन रे टीम बाइजाना
अब सतवंती होकर बैठी लूट लिया सारा संसार	नाआः बुगिन होड़ो बाइकोःआते दुबाकानाम आम दो रेः केदाम गोटा दुनिया
उनका वो अमूल्य उपहार अभी भी मेरे पास रखा है।	इनिआः गोनोङान उपहार नाआःओ आञ ताः दोआकाना
उसे मुनि पुलस्त्यजी ने कार्तवीर्य से विनय करके छुड़ाया।	इनिः मुनि पुलस्त्यजी कार्तवीर्य ते काजिकेआते राड़ा रिकाकिःआएः।
देखते ही जान जाता है कि कौन क्या है।	लेललोःगे इनिः टोओरेआएः चि ओकोएः चिलका मेनाःइ।
पढ़ें और पालन डुप्लिकेट यूआरएल फिक्स निर्देश	पाड़ाओपे ओड़ोः आसुल डुप्लिकेट यूआरएल फिक्स आनाचु
यही सवाल तो अपने से भी कर रहा हूँ।	नेआ गे आञ आपान ते कुलिनतानाञ
उर स्थान में स्वर रूप लेता है।	उर ठांव रे स्वर राः मुटान आउएआएः।
विशेषांक के मुखपृष्ठों में से एक पर सानिया	मानाराङलेनेका राः मुनुसाकामको रे मिआद रे सानिया
सभी राज्यों में आईआईएम खोले जाएं	सोबेन राज्यको रे आईआईएल निगोका
उस समय दैनिक जागरण ने इसे लगातार छापा भी था।	एन सोमाए दैनिक जागरण नेआ खाने चापालाःए
मुझे पता ही नहीं था कि एक्टिंग कैसे करते हैं।	आञ इतुओ काञ इतुलाः चि एक्टिंग चिलका लागातिङा।
अचानक कोई लड़का कमरे में आ जाता था।	रोकागे जाआंए कोड़ा कोठरि रे हिजुःआएः।
निजी क्षेत्र के मेडिकल एवं डेन्टल पाठ्यक्रमों	निजी क्षेत्र राः मेडिकल ओड़ोः डेन्टाल पाआड़ाओपानतिको
पुलिस ने उसकी उम्र दर्ज करने में गलती की थी।	पुलिस इनिआः उम्र ओल रे गालतिकेदा।
व्यावहारिक मनोविज्ञान और आत्म सुधार नहीं टिप्पणियाँ »	कामिरेआउओः मनोविज्ञान ओड़ोः आपान होड़मो सुधार का उनुदुब
इससे विवेकानन्द दरिद्र नारायण की सेवा में लग गये।	नेआते विवेकानन्द दरिद्र नारायणाः सेवा रे लागाओजानाएः।
रेयूकाई केयर दक्षिण भारत में सुनामी पीढ़ितों को राहत	रेयूकाई केयर बोओःकुनदड़ि भारत रे सुनामी ते बालाएतानको नातिन देङगा
चौहाटा बाजार में लगेगी फलों व सब्जियों की रेट लिस्ट	चौहाटा बाजार रे लागाओआ जो आर साबजिको राः गोनोङ लिस्ट
जल संगरक्षण के बारे में पुरे जानकारी प्राप्त करे	दाः बानचाओ नातिन गोटा इनितु नामेपे
वहाँ किसी और के नाम का बोर्ड था।	एनताः जाआंए एटाः निआः नुतुम बोर्ड रे ताइकेना।
को दौरेपर जा रहे थे।	होनोर ते सेनोःतान ताइकेना।
छोटी कंपनियां भी टाटा के साथ	हुड़िङ कंपनिकोओ टाटा लोः
यह वर्जन दूसरे मार्केट्स में भी बेचा जा रहा है।	नेआ वर्जन एटाः पीटिको रेओ आकरिङोःताना
मकसद क्या होगा? सोचा नहीं था।	एतेल चानाः ताइना? काञ उड़ुःलाः।
में आ पहुँचे तथा प्रेम से उसके साथ भोजन किया।	ताः तेबाःलाःए ओड़ोः दुलाड़ा ते इनिः लोः मानडि जोमकेदाएः।
लाल बहादुर शास्त्री स्टेडियम कहां पर है।	लाल बहादुर शास्त्री स्टेडियम कोताः रे मेनाः।
भारत की ओर से अफ़ग़ानिस्तान को और सहायता का वादा	भारत साःते अफ़ग़ानिस्तान नातिन ओड़ोः गे देङगा राः किरिआ
मैं खुद से ही खुद डर सा जाता हूँ	आञ आपान ते आपान बोरोनाञ
सुरक्षा का संकट भी नहीं आता।	जानाङगि राः बालाएओ का हिजुगा।
स्टेशन अपनी तमाम खूबसूरती लिए मेरे सामने हैं।	स्टेशन आएआः सोबेन सुनुगाड़ा साम आञाः सानामाङ रे मेनाः।
उनसे पहले एक उद्देशिका प्रस्तुत की जाती है।	इनकु आते सिदा मिआद एनेतेल आउसानामाङोआ।
मैं भी अज़ीब किस्म का इंसान हो गया	आञोः जुदाउतार होड़ो बाइनजानाञ।
सभी जैसे एक दूसरे से रूठे हुए हों।	सोबेनको ने लेका चि हापाड़ांआकानाको
लेजर प्रक्रिया के चयनात्मक प्रकृति जटिल	लेजर कामि राः सालाआकान प्रकृति हामबाल
प्रमुखताएँ फोटो गैलरी सूचना का अधिकार अधिनियम	मुनुकामिको फोटो हाटिआ इनितु राः अधिकार अधिनियम
आने वाले समय में ऐसी समस्याएं बढ़ती जाएंगी।	हिजुःतान सोमाए रे नेकान बालाए साङगि इदिओःआ।
बहुत बढ़िया रही यह शब्द चर्चा।	बेसे माजा ताइकेना नेआ टुङ जापागार
घुग्घू सामान्य ज्ञान मैं किम्मे घणाए कमजोर था।	घुग्घू राबाल इनितु रे कमजोर ताइकेनाएः।
उनकी कहीं कोर्इ जमीन नहीं बची है।	इनकुआः जाआं ताःरे जेतान ओते का सारेगाकाना।
अंगूर की अनुपलब्धि पर लाल मुनक्के तथा किसमिस का पानी।	अंगूर का नामोःतान रे आराः मुनक्का आर किसमिस राः दाः।
चीजों को टाला देना भी कोई अच्छा विकल्प नहीं है।	रिकाओ को तायोमरिका बेस बानोः।
कुछ शोध के अनुसार यदि रात को	मिआद बारिआ शोधको लेका ते निदा
किसी प्रकार की सिफारिश अथवा रिश्वत वहाँ काम नहीं आयेगी।	जाआं लेकान सिफारिश आर घूस एनताः कामि रे का हिजुगा।
एक माह के बाद हार मान ली।	मिआद चानडुः तायोम हारातिङ पातिकेदाएः।
कम्पनी विगत तीन वर्षों से लाभार्जन कर रही हो।	कमपनि सिदा राः आपि सिरमा ते टाका हाराजादगेआ।
कोई साथ देने वाला नहीं है।	जाआंए देङगातानको बाङकोआ।
सरिता ने भी अपने कड़े उतार दिए।	सरिताओ आपान लिजाः ओचोःकेदाएः।
आशा है इससे आपको मदद मिलेगी।	सानाङतानाञ चि आम नेआते देङगाओःआम।
बुद्धि तो इस जगत के सभी प्राणियों में है।	सेंड़ा दो ने दुनिया रेन सोबेन जिदाकानको रे मेनाः।
कमरे किलसिया ही साफ़ करती है।	कोठरि किसलसिया गे साफाएआएः।
दो रोटी खाकर गहरी नींद सोया है।	बारिआ लाद जोमकेआते दुड़ुमउताराकानाएः।
वो दोनों दुष्यंत के भी उतनी ही नजदीक थे।	इनकिन दुष्यंत लोः ते इमनुङ गे नाड़ेः रेकिन ताइकेना।
इसलिए चलिये उससे स्थिति रिपोर्ट मांगते हैं।	एनामेनते दोला इनिः ते स्थिति रिपोर्ट आसेआबु।
ये अपनी पार्टी आजसू के सुप्रीमों भी हैं।	निः आएआः पार्टी आजसू रेन सुप्रीमोंओ मेनाःइ।
जहाज से इंग्लैंड के लिए रवाना हो गया।	जाआज रे इंग्लैड नातिन देःजानाएः।
स्टेशन के पास ही एक कमरा ले रखा था।	स्टेशन जापाः रे गे मिआद कोठरि आउजोगाओकेदाञ।
इसके बाद इसमें कुछ न कुछ बदलाव किए जाते रहे।	नेआ तायोम नेआ रे जाआना दो जाआना बादिलि रिकालेना।
मंडेला को रॉबेन द्वीप पर बनी जेल में रखा गया।	मंडेला रॉबेन द्वीप राः जेल रे सानजुलिःआको।
वहाँ बारिश के समय ऐसा करना संभव नहीं होगा।	एनताः जारगि सोमाए नेका का रिका दाड़िओःआ।
शान्ति का प्रगीत है मरा हुआ।	हानापे राः हानारा गे गोएःआकाना।
स्वप्न द्रष्टा थे श्री इन्द्रेश जी।	कुमुलेलतानिः ताइकेनाएः इन्द्रेशजी।
इस पर चुन्नू ने इंकार कर दिया।	नेआ ते चुन्नू का मेनकेदाएः।
मैं अपनी समस्त शुभकामनाएं अर्पित करता हूं।	आञ आञाः सोबेन बुगिन सानाङ दोड़ोमजादाञ।
कहीं कोई गुंजाइस है तो और फाड़ो जुता	ओड़ोः जाआं ताः बाइओः रे दो ओड़ोः केचाएमे आमाः जूता
ईमान बिक जाता है ऊंचे दामों में	लेएः आकरिङोःआ माराङ गोनोङ रे
आगामी व्यय हेतु बजट पर विस्तृत चर्चा हुई।	हिजुःतान टाका-सेनोः नातिन बजट चेतान माजा ते जापागार होबालेना।
बीजेपी भी लाइन में आ गई है।	बीजेपीओ लाइन रे हिजुःजानाएः।
मोटापा व्यक्ति को सेक्स से विचलित करता है।	मोनोटो होड़ोः देड़े-सानाङ ते आकालबाकाल रिकाएआ।
पत्ते तक जरा नहीं हिल रहे थे।	साकाम राटि का एकलाओःतानताइकेना।
ऐसा नहीं है कि कटोना सेक्स करना नहीं चाहती।	नेका बानोः चि कटोना देड़े काएः सानाङजाःइआ।
लेकिन कोई ठोस ख़ुशख़बरी अभी नहीं आई है।	मेनदो जाआन गोटाआकान बुगिनकाजि नाआः जाकेद का हिजुःआकाना।
तुम्हें जाने क्यों महात्माओं से चिढ़ है।	आम इदो चानाः मेनते महात्माको ते कैराओनाम
एमपी में इंदौर में हाल ही में कार्यालय खोला है।	एमपी रे इनदौर रे नाआः-नाआः गे कामिओड़ाः निःतादाएः।
इससे अनियमितताओं को पनपने का आधार मिलता है।	नेआते होका होका ते होबा रे रेएद नामोगा।
विश्वविद्यालयों से उत्तीर्ण होने वाले अभ्यर्थी जो	विश्वविद्यालय ते पाआसलेन होनको ओकोए
उद्देश्य रखा हिंदू विरोधी आतंकवाद का मुकाबला।	एनेतेल दोलेना हिंदूको कासुकुतान आतंकवाद ते गोपोएः।
दूसरा कार्यक्रम करमा गीत नृत्य से शुरू होता है।	बारिआतेआ काजिकामि काराम दुराङ सुसुन ते एटेगोआ।
इस मेडिकल शॉप में मैं सेल्समेन था।	नेआ मेडिकल दोकान रे आञ आकरिङतानिः ताइकेनाञ।
स्टडी रिपोर्ट ह्यूमन जिनेटिक्स मैगजीन में छपी है।	स्टडी रिपोर्ट ह्यूमन जिनेटिक्स साकाम रे चापाआकाना।
श्रम बँटवारे के कारण आया अलगाव एक दूसरे	कामि हानाटिङ मेनते हिजुःजाना बिनिनगा आपान आपान ताला रे
ऐसे श्री गुरुदेव को मेरा नमस्कार है।	नेकान श्री गुरुदेव आञ जोआरजाःइआ।
इनका दूसरा संस्करण तो विरले ही छप पाता है।	नेआ राः एटाः संस्करण दो कोम गे चापाओःआ।
बाद में मैं यौन सम्बन्धों में भी फँस गया था।	तायोम ते आञ देनेड़ेको रेओ फासेलेनाञ।
ऐसे में जेबों में भरे ढेले ही उनके काम आते।	नेका रे पोकिट रे पेरेःआकान टुकु गे इनकुआः कामि रे हिजुगा।
राजस्थान के प्रथम वित्त आयोग के अध्यक्ष कौन थे?	राजस्थान रेआः सिदाउतार वित्त आयोग रेन अध्यक्ष ओकोएः ताइकेनाएः?
दरअसल ये लोग आदि दलित हैं।	सारते ते दो निकु माआरिउतार दालितको मेनाःकोआ।
इसके कारण टरबाइन संयंत्र की दक्षता बढ़ जाती है।	नेआ मेनते टरबाइन संयंत्र राः कामिपेड़ेः हाराओःआ।
वह पूरा का पूरा दिन त्रिलोचन जी को समर्पित रहा।	एना गोटा सिङगि त्रिलोचन जी नातिन गे रिकालेना।
श्याम के उदास चेहरे पर कैमरा फ़्रीज़ होता है।	श्यामाः गोसो मोचा रे केमरा ताइगिड़िओःआ।
चालू खाता लेनदेन तथा साथ ही पूर्णविकसित मनी चेंजरों को	सेसेनतान खाता ओमआगु ओड़ोः एनालोः गोटाहारालेन टाका उलथातानको
इसके अलावा लगातार आंखों पर जोर नहीं डालना चाहिए।	नेआ बागेकेआते मेदकिनरे जोर का ओम लागातिङा।
उच्च गति के इंटरनेट के बारे में?	सेकेड़ा सेसेनोः इनटारनेट नातिन?
जब अंक व्यक्ति दूसरेसे बुराई में बढ़कर हो तब।	चिमतुङ लेनेका होड़ो एटाःनिःआते काबुगिनाः रे साङगि गे ताइना इमतुङ।
कई प्रखंडो के कार्यालयों में ताले लटके दिखे।	तिसिङ प्रखनडकोआः कामिओड़ाः रे ताला हाकाआकान लेलजाना।
लगता है आज शाम को ज़रूर जायेंगे।	टोओरोःताना तिसिङ आयुब सेनोः ते सेनोःआएः।
तो दूसरी तरफ सही राह पर चलने वाले आंदोलन कारी।	आर एटाः साः सारते राः होरा रे सेनतान आंदोलनकारिको।
श्रेणी का चयन करें बीएमडब्ल्यू शेवरलेट फ़िएट फोर्ड	श्रेणी सालाएपे बीएमडब्ल्यू शेवरलेट फ़िएट फोर्ड
कौन कौन से आपूर्तिकर्ताओं से निविदाये मंगायी जायें	ओकोन ओकोन हाटिङतानको ताः ते निविदा आसे लागातिङा
डेन्यूब डेल्टा के पास साइिकल चलाने का रास्ता है।	डेन्यूब डेल्टा जापाः रे साइकिल चालाओ राः होरा मेनाः।
आरोपी जगदीश मूलरूप से राजस्थान का रहने वाला है।	आरोपी जगदीश नेका दो राजस्थान रेनिः मेनाःइ
इसके बाद इस स्थान पर खुदाई की जाती है।	नेआ तायोम ते ने ठांव उरोगा।
प्रीमियम का भुगतान कहां और कैसे करें	प्रीमियम राः टाका कोताः रे आर चिलका ओम लागातिङा।
वैसे आपसे इसका उत् तर जरूर जानना चाहूँगा।	नेकादो आम ताः ते नेआ राः उत्तर इतु ते इतु सानाङजाःञा।
लोग भाषणों से अपना आक्रोश व्यक्त कर रहे थे।	होड़ोको भाषण ओम केआते आपान काएराओ लेलरिकाजाद ताइकेना।
गोलीबारी की वजह से लोग वहां से भाग।	गुलि चालाओतानताइकना एनामेनते होड़ोको एनताः ते निरजानाको।
शिव हमेशा गहराई में ध्यान केंद्रित हैं।	शिव सोबेन सोमाए इकिर रे ध्यान ओमेआएः।
श्रीहरिदास स्वामी विषय उदासीन वैष्णव थे।	श्रीहरिदास स्वामी विषय उदासीव वैष्णव ताइकेनाएः।
वहीं से दरें बढ़ाई गई हैं।	एनताः ते गोनोङ हाराजाना।
दुखी मन से अपनी बाँबी में जाकर सो गया।	दुकु जी ते आएआः लाता रे सेनकोआते गितिःजानाएः।
मर्यादा अपने समय की सर्वश्रेष्ट मासिक पत्रिका थी।	मर्यादा आपान सोमाए राः सोबेन कोआते माराङ चानडुः रे उड़ुङोः साकाम ताइकेना।
यद्यपि सीबीआई ने इन आरोपों को खारिज कर दिया है।	एनकादो सीबीआई नेआ आरोपकोएः खारिजतादा।
वे इसके बजाय अपनी मर्जी से पढ़ें।	इनकु नेआ बादले आपान सानाङ ते पाड़ाओकाको।
टीओआई की यह ट्रेनिंग बेस्ट मानी जाती थी।	टीओआई राः नेआ ट्रेनिंग सोबेनकोते माजा पातिओःआ।
की राजनीति बनकर रह गया है।	राः राजनीति बाइबागेआकाना।
मुँह से शब्द छीनना तो कोई आपसे सीखे	मोचा ते टुङ रेः दो जाआंएः आम ताः ते इतुकाएः।
आप नहीं बता सकते कि पानी ठंडा है अथवा गरम?	आम काम उदुब दाड़िआ चि दाः तुतकुम मेनाः चि लोलो?
यह सामाजिक प्राथमिकता और उनके जीवित रहने का मुद्दा है।	नेआ सामाजिक प्राथमिकता आर इनकु जिद ताइनोः राः मुद्दा मेनाः।
बूढ़ी आंखों से ढेर सा प्यार झलकता था।	हाड़ाम मेदकिन ते पेरे-पेरे दुलाड़ा लेलोःतानताइकेना।
उपभोक्ता उपकरणों में संभवतः इसका स्थान अनूठा है।	किरिङतानकोआः जिनिसको रे नेआ राः ठांव बिनगा गे मेनाः।
अब खुद ही अखबार हैं लोग।	नाआः आको गे आखबार मेनाःकोआ होड़ोको।
भाषा को लेकर लंबी बहस चली।	भाषा नातिन बेसे जिगिङ कापाजि सेसेनजाना।
कांग्रेस के पक्ष में अपने पद का दुरुपयोग किया है।	कांग्रेस राः पक्ष रे आपान पद राः दुरुपयोग रिकाकेदाएः।
उसमें पाये जानेवाले प्रगतिशील तत्त्वों को अनदेखा किया गया।	एनरे नामोःतान प्रगतिशील तत्त्वको मोटाइ ते काको लेलकेदा।
कहता रोहित स्नान करने चला गया।	काजितान लोः रोहित डेबेल सेनोःजानाएः।
आम आदमी पार्टी सरकार क्या करेगी?	आम आदमी पार्टी सरकार चानाःए चिकाएआ।
गायता ने उन सबको असीसा।	गायता रे इनकु सोबेनको असीसा।
इस मौके पर शहर के गणमान्य व्यक्ति शामिल थे।	नेआ मौका रे शहर रेन माराङ होड़ोको ताइकेनाको।
आखिर उन्हें यह सब कौन समझाता है?	ओकोएः नेआको बुजाओकोआएः?
कर तमाम तरह के सामानों का भंडार था।	रोकोम जिनिस राः भंडार ताइकेना।
तुरंत उन्होंने सामान हमारे घर रखा और चाबी खोजने दौड़ीं।	एन लोः गे इनिः आएआः सामान आलेआः ओड़ाः रे जोगाओकेदाएः आर चाबी दाड़ां मेनते दाउड़िकेदाएः।
ऐसे में पीछे से हमला नहीं हो सकेगा।	नेका रे तायोम ते हमला रिका का दाड़िओःआ।
जानहिं मोर बल निज बल नाहीं।	एटाः कोआः पेड़ेः आञाः पेड़ेः बानोः।
हिन्दू धर्म का इतिहास यहां अत्यन्त अपेक्षाकृत नया है।	हिन्दु धोरोम राः इतिहास नेताः रे बातिरि नावा गेआ।
जैसे कि जापान के सभी लोग जापानी है।	चिलका चि जापान रेन सोबेन को जापानरेनको मेनाःकोआ।
वह ऐसा आसानी से कर सकता है।	इनकु नेका राबाल ते रिका दाड़िआको।
विश्लेषण वाले मिजाज को रद्दी की टोकरी में फेंक दूं।	सोङतान सानाङ आञ गानदुरा गाढ़ा रे गिड़िताञ।
रुपये का अवमूल्यन लगातार हो रहा है।	रुपया राः गोनोङ हाड़ागुनताना।
यहां पढ़कर बच्चे अपना कौशल तेज करेंगे।	नेताः रे होनको पाड़ाओकेआते आकोआः सेए ओड़ोः बाइआ।
लेकिन ये मैंने कुछ दिन पहले ही सुनीं।	मेनदो नेआ आञ हुड़िम दिन सिदा रे गे आयुमतादाञ।
आलाधिकारी घर पहुंचे और पुरे मामले की छानबीन की।	माराङ अधिकारी ताको ओड़ाः तेबाःकोःआते गोटा मामला राः छानबीनकेदाको।
आज सुबह कुछ बदली सी है।	तिसिङ सेताः बातिरि बादला बादला गेआ।
फैजाबाद से लखनऊ जा रहे मंत्री सडक दुर्घटना में घायल	फैजाबाद ते लखनऊ सेनोःतान मंत्री सानडाका तुगुड़ि रे टोजानाएः।
इनमें से एक अंग नक्षत्र है।	नेआकोरे मिआद हानाटिङ नक्षत्र मेनाः।
वे लगन से इसे सीख रहे हैं।	इनकु जी ते नेआ इतुतानाको।
भावों को परिचालित कर देता है।	भावको सेसेन रिकाएआ।
उनके हित श्रमवर्ग के हित में ही अंतर्निहित हैं।	इनकुआः हित कामितानकोआः हित रे गे मेनाः।
भारत और नेपाल विश्व मे मात्र दो हिन्दू देश है।	भारत आर नेपाल दुनिया रेआः बारिआ गे हिनदु दिसुमकिन मेनाः।
इसलिए अब पढ़ने वालों की राय ही मान्य होगी	एनामेनते नाआः पाड़ाओतानकोआः काजि गे आयुमोःआ।
बच्चाें को जंबो की पीठ से उतारा	होनको जंबोआः देआ ते हाड़ागुनलेना।
सात बजे वह सफेद हो गया।	एएआ बजे इनिः पुनडिजानाएः।
हमने सिर उठाकर आसमान को निहारने का प्रयास किया।	आले बोओः राकाबकेआते सिरमा लेल राः कोशिशलाः।
युगनिर्माण अभियान को युगऋषि ने त्रिवेणी संगम कहा है।	युगनिर्माण अभियान युगऋषिआः मोचा ते त्रिवेणी संगम साकिजाना।
इस मामले में लंकाई संस्कृति का धु्रवीकरण हो चुका है।	नेआ मामला रे लङका सासाङकिर हाटिङउताराकाना।
उनकी फिल्मी यात्रा पर बात ही नही हुई।	इनिआः फिलिम राः सेनहोरा चेतान जागार गे का होबाजाना।
कुछ भी आपको खत्म नहीं कर सकता।	जेतानाओ आमेः काएः चाबादाड़िआ।
इस नंबर पर संपर्क न करें।	नेआ नमबार रे आलोम फोनेआ।
से जूझो यह मैं नहीं चाहता।	नेआते काम दाड़िआ आञ एना काञ सानाङताना।
शुक्लजी पूरे समाज की मुक्ति चाहते थे।	शुक्लाजी गोटा सामाज राः रानाड़ा सानाङतान ताइकेना।
नीतीश ने कहा वाजपेयी जी राजधर्म की बात करते थे।	नीतीश काजिलाःए चि वाजपेयी जी राजधोरोम राः जागार तानताइकेनाएः।
गिरजाघर ने इसके लिए तैयारियां भी शुरू कर दी हैं।	गिरजा ओड़ाः नेआ नातिन तेयारिओ एटेःकेदाएः।
संध्या की पूजा का जुगाड़ कर रही थीं।	आयुब राः बोङगा नातिन जुगुतुतान ताइकेनाएः।
पर न नजाने कितनी गहराई मैं धंस गया है	इदु चिमनुङ इकिर रे धासाओआकाना।
स्टावेंगर शहर ने एक नई पहचान कायम की है।	स्टावेंगर शहर मिआद नावा उनुरुम बाइतादाएः।
सक्रियण के रोग की प्रक्रिया के	सक्रियण राः रुआ राः कामि रिका राः
आजम खां इस बयान पर भौंचक्के रह गये।	आजम खां नेआ काजि चेतान आकादानदाजानाएः।
फिर शुरू हो गई मुहिम गार्ड को पटाने की।	ओड़ोः एटेः जाना आंदोलन गार्ड दाल राः।
इसी के साथ वह दो बिस्किट चट कर जाती।	नेआ लोः इनिः बार बिसकिट जोम चाबाएआएः।
तो सुई चलाने वाले उसके हाथ	दो तुकुइ चालाओतान इनिआः ती
आदिवासियों के बच्चों को अगर नहीं पढ़ाया गया तो वे	आदिवासिकोआः होनको का पाआड़ाओकेको रे इनकु
डूरैंड रेखा अफ़्गानिस्तान और पाकिस्तान की सीमा रेखा है।	डूरैनड राचाः अफ़ग़ानिस्तान आर पाकिस्तान ताला राः सीमा मेनाः।
रद्द हुए मुकाबले से चार्जर्स को एक अंक मिले थे।	रद्द होबालेन मुकाबला ते चार्जर्स मिआद लेनेका नामलाः।
जिससे स्पष्ट है कि एस्सेल कंपनी सफल बोलीदार नहीं थी।	ओकोआते पारचिओःआ चि एस्सेल कंपनि दाड़िओः लेका बोली काएः लागाओलाःए।
इन अनबन का अंत दोनों के बीच तलाक से हुआ।	नेआ कापाजि राः टुनडु बाराकिनाः ताला रे तालाक ते होबाजाना।
फ्रीडम ऑफ स्पीच की रक्षा होनी ही चाहिए।	फ्रीडम आफ स्पीच बानचाओ लागातिङा।
उन्हें स्टेशन के भीतर ही बंधक बना लिया गया।	इनकु स्टेशन बितार रे गे बंधकको बाइलेकोआको।
मेरी आंखों में आंसू छलछला गए।	आञाः मेद ते मेददाः लिङगिजाना।
मैं बाज़ार को अपनी पीठ पे लादे भागता रहता।	आञ पीटि देआ रे लादिकेआते निराकान ताइनजानाञ।
पापा ने कल ममि को चो दा	आपुञ होला हातोमेञ देड़ेकिःआ।
लेकिन आपने एक जरूरी काम तो किया ही नहीं।	मेनदो आम मिआद जारुड़ु कामि दो काम रिकाकेदा।
इन्हीं संघर्षों ने नामवर जी को नामवर बनाया।	नेआ सितुमको गे नामवर जी नामवरेः बाइकिःआ।
सपनों की एक आर्काईव बना रखी है।	कुकुको राः मिआद आर्काईव बाइतादा।
बस कागज का पेटा पूरा करते रहो।	कागज राः पेटा गोटा रिकाएमे।
इंडिया टीम में शामिल खिलाड़ी इसी लिए नहीं आ सके।	इंडिया टीम रेन खिलाड़ी को नेआ मेनते काको हिजुः दाड़िजाना।
लेकिन अमरोहा में ये सब नहीं किया गया।	मेनदो अमरोहा रे नेआको का रिकालेना।
बीएमई में पीजी भी किया जा सकता है।	बीएमई रे पीजीओ रिका दाड़िओःआ।
दिल मे आग लिये फिरता है	दिल रे सेङगेल इदिबेड़ाएआ
फ़रेब ख़ुद को दिए जा रहे हैं और ख़ुश हैं	आपान ते होसोड़ोन तानाएः आर रासिकान तानाएः।
निराशा को हावी न होने दे।	निराशा आलोपे हावी रिकाएपे
हमने सीखा कि हमें डरने की जरूरत नहीं।	आले इतुकेदा चि का बोरो लागातिङा।
जिसका उद्देश्य सामाजिक चेतना को और अधिक जागरूक बनाना था।	ओकोएआ उद्देश्य सामाजिक चेतना ओड़ोः साङगि चिरगालान बाइ राः ताइकेना।
लेकिन क्या अगर किसी ने उसे धक्का दे दिया?	मेनदो इनिः जाआंए उदुरकिःरेदो?
राधेश्याम की आँखें मेरे चेहरे पर स्थिर थीं।	राधेश्यामाः मेद आञाः मोचा रे टेकाओआकान ताइकेना।
आंदोलनकारी भी पूरी तैयारी के साथ थे।	आंदोलनकारीकोओ गोटा तेयारि लोःको ताइकेना।
यह विशेषकर इन्फीरियर वॉल इन्फार्क्शन में होता है।	नेआ साङगि दो इन्फीरिया वाल इन्फार्क्शन रे होबाओआ।
शपथ खाकर किसी सिद्धान्त का त्याग	किरिआ जोम केआते जाआन उनुड़ुः बागे
इनमें देश के कितने ही राजनीतिक दल भी सम्मिलित हैं।	नेआको रे दिसुम रेन चिमनुङो राजनीतिक दलको जामा मेनाःकोआ।
सेक्स रैकेट चलाती थी भोजपुरी हिरोइन	सेक्स रैकेट चालाओ तानताइकेनाएः भोजपुरी हिरोइन
उसने कहा कि मैंने सिर्फ फिल्म बनाई।	इनिः काजिकेदाएः चि इनिः फिलिम बाआरि बाइतादाएः।
मैं माइकल जैक्सन के निजी जीवन	आञ माइकल जैक्सन राः आएआः जिदान
शौच के लिए सैप्टिक टैंक बने हुए हैं।	डोडो नातिन सैप्टिक टैंक बाइआकाना।
बिना जोखिम का कारोबार बन गया है?	जोखिम बानोः रेआ कारोबार बाइआकाना?
लेकिन मेरी आगे जाने की हिम्मत न हुई।	मेनदो आञ आयार सेनोः काञ साआसकेदा।
आज्ञा को पालन करने का यथाशक्ति प्रयत्न करुगाँ।	आनाचु पाति गोटा पेड़ेः ते रिकाएआञ।
लेकिन प्रिंसिपल को सरकार ज्यादा तनख्वाह देती है।	मेनदो प्रिंसिपल सरकार साःते साङगि टाकाएः नामजादताइकेना।
तो मंगलवार को स्पीकर की बारी आई।	दो माङगार हुलाङ स्पीकर पाड़ि हिजुःजाना।
रेलवे स्टेशनों पर बिकने के लिए।	रेलवे स्टेशनको रे आकिरिङ नातिन।
बात उन दिनों की है जबकि धोबी कपड़े धोते थे।	काजि एन सोमाए राः मेनाः ओको सोमाए धोबी ताको लिजाः साफा तानकोताइकेना।
इसके साथ ही आंदोलन लोकतांत्रिाक भी होना चाहिए।	नेआ लोः आंदोलन लोकतांत्रिको ताइन लागातिङा।
यूपी मे थाने में दलित बच्ची से रेप की कोशिश	यूपी राः थाना रे दालित होनकुड़ि लोः रेप राः कोशिश
उनकी इस बयान ने मुझे परेशान किया था।	इनिआः नेआ काजि आञेः आकालबाकालकिःञा।
गाड़ी अंधकार को चीरती चली जा रही थी।	गाड़ि नुबाः केचाकेआद सेनोःतानताइकेनाए।
सभी सियासी लोग है सियासत हमेशा रंग बदलती रहती है।	सोबेनको सियासी होड़ोको मेनाःकोआ सियासत सोबेन सोमाए नेद बादिलिआकान ताइना।
जापानी में हैलो कहने के लिए विभिन्न तरीके	जापान राः भाषा रे हैलो काजि नातिन बिनगा बिनगा तरीका मेनाः।
उनकी औकात दो कौड़ी की हो गई है।	इनकिनाः औकात बार कौड़ी राः गे ताइनजाना।
काट दिए गए बक़ाया पैसे माँगने को बढ़े हाथ	हाद लेन सारेःलेन टाका आसे मेनते ती आयारजाना।
उनके साथ कई भाजपा पदाधिकारी भी हैं।	इनकु लोः बेसे भाजपा पदाधिकारिकोओ मेनाःकोआ।
यह भक्ति की भावना सभी को आत्मसात करने वाली थी।	नेआ भक्ति राः भावना सोबेनको आपान बितार राचा लेकानाः ताइकेना।
साथ ही खिचडी महोत्सव आयोजित करने की परम्परा भी पडी।	एना लोः लेटे पोरोब रिका राः चोलोनो बाइजाना।
फिर खोजता है मन सताए हुए	आर दाड़ांतानाए जी बालाएआकान
कोयला घोटाले पर अदालत जा सकते हैं सुब्रह्मण्यम स्वामी	कोयला धोटाला रे अदालत सेनोः दाड़िआ सुब्रह्मण्यम स्वामी
बाबा भारती का यह सटीक उदाहरण है।	बाबा भारती राः नेआ टोगोःतान उदाहरण मेनाः।
कई दिनों तक बेचारे इसी चिंता में पड़े रहे।	बेसे दिन जाकेद इनिः नेआ उड़ुः रे गे ताइकेनाएः।
आज किसी एक फैक्ट्री में सारा सामान नहीं बन सकता।	तिसिङ जाआन मिआद फैक्ट्री रे सोबेन सामान का बाइ दाड़िओःआ
पिता की कब्र की पायंती की मिट्टी सर पर डाली।	आपुतेआः हासा गाड़ा राः हासा बोओः रे हिरचिकेदाएः।
इसके लिए मेसेंजर एप में नया फीचर जोड़ा जाएगा।	नेआ नातिन मेसेंजर एप रे नावा फीचर जोड़ाओ लागातिङा।
मोहाली में मेले जैसा माहौल है।	मोहाली रे बुरु लेकान माहौल मेनाः।
तंबाकू की पुड़िया आगे बढ़कर ले ली बानी से।	तंबाकू राः ठुलि आयार सेनकोःआते आउ केदाएः बानी ते।
साधकों के जीवन का पूर्व निर्धारण कर दिया गया है।	साधक ताको जिदान राः सिदा ते गे निर्धारण रिका तादाको।
इण्टर की परीक्षाओं में सबसे ज्यादा बच्चे इन्हीं दोनों विषयों	इनटर राः परीक्षा रे सोबेनको ते साङगि होनको नेआ बारिआ विषयकिन
वही था और मुझे घूर रहा था।	इनिः गे ताइकेनाएः आर आञेः मेद आरिद केआते लेलतानताइकेनाएः।
अलबत्ता चुनाव आयोग भी कटघरे में होगा।	एनका रेदो चुनाव आयोगो कटघरा रे ताइना
सारे गांव की सहानुभूति उस युवक के साथ होने लगी।	गोटा हातु राः सहानुभूति एन दाङगाड़ा लोः ताइन एटेःजाना
उस लेख को तीन हिस्सों में यहाँ बाँट रहा हूँ।	एना ओनोल नेताः रे आपि हानाटिङ रे हाटिङजादाञ।
नानी और दमयन्ती इन्दर को आँगन से अन्दर	नानी आर दमयन्ती इनदारकिन राचा ते बितार
मरने में भी बहुत व्यर्थता लगती है।	गोजोओ इपाए गे टोओरोःआ।
इन्दौर। बेवसाइट के माध्यम से	इन्दौर। वेबसाइट राः होरा ते
इनसे एक पुत्री का जन्म हुआ।	निआःते मिआद कुड़िहोनाः जोनोम होबालेना।
उर्दू से अन्य भारतीय भाषाओं के लिए लिप्यतंरण सुविधा	उर्दु ते एटाः भारत दिसुम राः भाषा रे ओल राः सुविधा
कुछ नगरसेवक नयी गाड़ी बुङ्क्षकग नहीं करा रहे हैं।	तारा लेका नगरसेवक ताको गाड़ि राः बुकिङ काको रिकाजादा।
एनडीए भी होती तो वह भी एफडीआई लाती।	एनडीए ताइनजान रेओ एफडीआई आउकेदाए होनाङ
उसकी आवाज़ सुनकर साहब की त्यौरियाँ चढ़ गईं।	इनिआः साड़ा आयुम केआते सायोब काएराओ जानाएः।
जबकि पठान ने एक विकेट लिया था।	एनकादो पठान मिआद विकेट आउलाःए
ग्राउंड में डाली गई मुरम में पत्थर अधिक थे।	ग्राउंड रे दुल लेना मुरुम रे दिरि साङगि ताइकेना।
मुझ से यह चूक हुई है।	आञाः ते नेआ गालति होबाजाना।
आज भी सपने में ट्रेन ही दिखाई दे रही है।	तिसिङो कुमु रे ट्रेन गेञ लेलताना।
व्यंजना का हम अनुमोदन मात्र करते हैं।	व्यंजना राः आले बेस कामितादाएः एना बाआरि ले रिका जादा।
सुन्नी मुंह फेरकर हंसती हुई चली गई।	सुन्नी मोचा उकुकेआते लानदातानलोः सेनोःजानाएः।
उसके सामने एक क्षण के निलए खड़ा हो जाता हूँ।	इनिआः सानामाङ मोसा नातिन तिङगुकोःआञ।
कार्यक्रम का संचालन परमकीर्ति शरण द्वारा किया गया।	काजिकामि परमकीर्ति शरण सेसेन रिकालाःए।
उत्तराषाढ़ में मिष्ठान्न व भोजन प्राप्त होता है।	उत्तराषाढ़ रे मेटाइ आर जोमेआः नामोगा।
कुटुंब तथा मित्रजनों से पूर्ण सहयोग की प्राप्ति।	कुपुल आर सोङगेकोआः गोटा देङगा नाम
इहाँ हम उनकर बात के खंडन	नेताः रे आञ इनकुआः जागार राः खानडान
एक कविता पोस्टर। अनहद नाद	मिआद गामु पोस्टर। अनहद नाद
सिटी कोतवाल ने बताया कि संदीप प्रापर्टी डीलर है।	सिटी कोतवाल उदुबकेदाएः चि संदी प्रोपर्टी डीलर मेनाःइ।
हमारे ब्लॉग पर आपको ऐसे गन्दे चित्र न मिलेंगे।	आलेआः ब्लॉग रे आपे नेकान गोनड चित्रको कापे नामेआ।
आदिवासी लड़कियों के साथ रोज एक शाइनी	आदिवासि कुड़िको लोः दिनाकि मिआद शाइनि
सारे शरीर में जैसे तरंगें चल रही थी।	गोटा होड़मो रे चिलका करेनट सेसेनतानताइकेना।
शुरू में जजमान अपने ही इलाके के प्रवासी थे।	एनेटेः रे माइनान आपान इलाका रेन ताइनोः ताइकेनाएः।
अजब नहीं कि फसाद शुरू हो जाए।	नेका का चि गोपोएः गे एटेगोआ।
प्यास को किसी भाषा की ज़रूरत नहीं होती।	तेताङ जेतान भाषा राः जारुड़ु का ताइना।
भंडारे में कई गांवों के लोगों ने पंगत प्रसादी पाई।	भंडारा रे बेसे हातु रेन होड़ोको प्रसाद नामकेदाको।
ईरान का शिया बम वह कभी बर्दाश्त नहीं करेगा।	ईरान रेआः शिया बम इनिः चिउलाओ काएः जिलाएआ।
अवकाश के प्रार्थना पत्रों पर स्वीकृत रिमार्क अंकित नहीं था।	छुट्टि राः गोआरि चिट्टि रे होबालेनाः ओनोल का मानडाआकाना।
मीडिया बॉक्स की प्रतिष्ठा से एमसीए का खिलवाड़	मीडिया बॉक्स राः मानारङ ते एमसीए राः इनुङ
इस सब से तो तुम्हारे अहंकार को सजावट मिलती है।	नेआको ते गे आमाः पुलाइ सामपोड़ोःओआ।
मूड विकारों के लिए हर्बल सप्लीमेंट	टोओर बागाड़ाओ नातिन रेएद रानु
परंतु भावना के क्षणों में बहकर वह गर्भवती हो गयी।	मेनदो उड़ुः राः सोमाए रे आतुजान चि इनिः लाइःते बाइजानाएः।
वो हमेशा जरूरतमंदों की मदद करते आए हैं।	इनिः सोबेन सोमाए जारुड़ुतानकोएः देङगाजादताइकेनाएः।
उसे अपना कोई दोष भी नहीं दिख रहा था।	इनिः आपान दोष गे का लेलोःतानताइकेना।
खासकर उस टाकीज में जो नई मस्जिद के पास थी।	एना टाकीज रे ओकोआ नावा मस्जिद जापाः रे ताइकेना।
क्रांति को कुछ अजीब सा महसूस हो रहा था।	क्रांति जाआना एटाः गे टोओरतान ताइकेनाएः।
हिंदी की किताबें भी लंदन मेले में रखी गईं	हिन्दी किताबकोओ लन्दन राः मेला रे जोगाओलेना।
जिनका नाम लुंगा उन्हें कोट नहीं करूंगा क्योंकि स्थानाभाव है।	ओकोएआः नुतुम आउएआञ इनिः काञ कोटिआ चिआचि टाआओं बानोः।
इन्टरनेट पर हिंदी समाचार पढने के कुछ पते	इन्टरनेट रे हिन्दी समाचार पाड़ाओ राः जाआन टाआंओ
एक दिन वह खाली हाथ उदास मन से घर लौटी।	मुसिङ इनिः सामा ति गोसो जी ते ओड़ाः रुड़ाजानाएः।
पानी के निजीकरण पर उनका स्टैंड क्या रहेगा।	दाः राः निजीकरण रे इनिः चिलकाएः काजिआ।
लिए दान एकत्र करने पर सहमत नहीं हुए।	नातिन दान जामा नातिन काको बापाइजाना।
हमें तू पियर के बदले में गम नसीब होगा	आले दो पियर बादले दुकु गे नामोगा।
केवल जीवन का एक महत्वपूर्ण हिस्सा है बल्कि इससे बढ़ते	जिनिद राः मानाराङ हानाटिङ मेनाः आर नेआते हारा
आगे » अक्षय के बदलते अंदाज	आयार अक्षयाः बादिलिओःतान लेनेल
इंग्लिश मीडिया और खिलाड़ियों ने हमें बहुत कुछ कहा।	इंग्लिश मीडिया आर खिलाड़को बेसेको काजिआलेआको
इसलिए इस दिशा में ठोस कानून बनाने की आवश्यकता है।	एनामेनते नेआ दिशा रे कानून बाइ राः जारुड़ु मेनाः।
इनके पिता केवल किशन सिकंद सिविल इंजीनियर थे।	इनिआः आपुते बाआरि किशन सिकंद सिविल इन्जीनियार ताइकेना।
उस का जी बुरी तरह से मिचला रहा था।	इनिआः जी बेसे कुड़िलतानताइकेना।
सही मायने में ये सबकुछ नीयत का मामला है।	सारते दो नेआ सोबेन सानाङ रेआ मामला मेनाः।
गांव का पंचायती आंगन भी आपदा की भेंट चढ़ा था।	हातु राः पन्चायत दुबोः टाआंओः रोमबोदजाना।
आना जब बहुत सरल न हुई हो ज़िन्दगी	हिजुः चिमतुङ राबाल बानोःजाना तोबे जिनिद
नेता लोग बड़ी मोटी चमड़ी के होते हैं।	नेताको इबिल उर रेनको ताइना।
स्टेडियम का निर्माण हरियाणा मंडी बोर्ड ने किया है।	स्टेडियम हरियाणा मंडी बोर्ड बाइतादा।
बुद्धिजीवी भी कई खेमो मे बँटे हुए है।	सेंड़ा बोःकोओ हाटिङाकानाको।
नतीजे में भूजल स्तर में लगातार कमी हो रही है।	एना मेनते ओते बितार राः दाः कोम इदिओःताना।
जब से उससे मिली है तबसे।	चिमतुङाते इनिः लोः नापाम होबाआकाना इमतुङाते
तदंतर मूलराज ने विद्रोह कर दिया।	एन तायोम ते मूलराज विद्रोह एटेःकेदाएः।
उनके बाद नरगिस राज्यसभा सदस्य बनीं।	इनिआः तायोम नरगिस राज्ससभा रेन सदस्य बाइजानाएः।
कई घायलोंं को दूसरे हॉस्पिटल्स में शिफ्ट किया गया।	बेसे टोगाकानको एटाः हस्पताल रे इदिजानाको।
इन सब का कारण है आज़ादी।	नेआको राः कारण मेनाः आजादी।
एक्सरसाइज के दौरान बीपी बढ़ता है।	एक्सरसाइजतान सोमाए बीपी बाड़ाओःआ।
अब पैसा मिलेगा तो ठेका फर्म भी काम करेगी।	नाआः टाका नामोगा तोबे ठेका फर्मओः कामिआ।
हलक में इस उदवेग ने दर्द पैदा कर दिया।	होटोः रे नेआ ते हासु एटेःजाना।
बांझ प्रसव की पीड़ा को क्या जान सकती है	का-होन लेनिः चिलका होन होबाजान राः हासु इतुएआएः।
कर दिये विफल जिसने प्रहार विधि के कठोर।	का दाड़िजाना ओकोएः ताम विधि राः केटेः।
जगत का अर्थ होता है संसार।	जगत राः ओरोथ मेनाः साङसार।
बाद में सामाजिक गोठ का आयोजन किया गया।	तायोम ते सामाजिक गोठ रिकाजाना।
हर कोई कन्हैया के जन्मोत्सव में झूमता नजर आया।	सोबेनको कन्हैया राः जोनोम माआ रे सुसुनतानको लेलजाना।
उनको याद करते करते लंड में कठोरता आ गई।	इनिः उड़ुः-उड़ुः ते आञाः बाबु केटेःजाना।
माँ को एक हफ़्ते बाद आना था।	एआङ मोयोद पीटि तायोम ते हिजुः राः ताइकेना।
जनाब बोले यही तो मैं चाहता हूं।	सायोबेः काजिकेदाएः नेआ गे आञ सानाङतानताइकेना।
जिसमें मैं मारने को तैयार हो सकता था।	ओकोआ रे आञ गोएः तेयारोः ताइन दाड़िजाना होनाङ।
इसमें आदमी दौड़ते थे और रथों की दौड़ होती थी।	नेआ रे होड़ोको दाउड़ितानताइकेना आर राथकोआः लापाः होबाओतानताइकेना।
मृतक की शिनाख्त नहीं हो पाई है।	गोजाकाको काको उनुरुम दाड़िजाना।
महेशानन्द अंतिम तक खींच ले गए।	महेशानन्द टुनडु जाकेद राचाः इदिकेदाएः।
दार्जिलिंग जिले में दलबहादुर गिरी के नेतृत्व में ब्रिटिश	दार्जिलिंग जिला रे दलबहादुर गिरिआः आनायार रे ब्रिटिश
नरोत्तमदास जन्मस्थली परिसर में स्थापित महाकवि की मूर्तिं	नरोत्तमदास जोनोम टाआंओ रे बाइआकान महाकवि राः मुरतु
फ्लोरोकार्बन इसी तरह का अणु है।	फ्लोरोकार्बन नेकान अणु मेनाः।
लगता है कहीं से बहार आ गयी है।	नेका टोओरोःताना चि जाआं ताः रे बाहर हिजुःआकाना।
कच्चे नारियल की बर्फी को जल्दी और	पेटोः नारिकाल राः बर्फी सेकेड़ा आर
आज तरकश साफ़ करने रखा हुआ है।	तिसिङ तरकश साफाकेआते जोगाओआकाना।
जब मैं आया मैं तनावग्रस्त था।	चिमतुङ आञ हिजुःलेना इमतुङ आञ उड़ुः रे ताइकेना।
अन्न्ू के साथ घूमने जाते हैं।	अन्नू लोः होनोर सेनोःआएः।
खाली समय हमारे पास नहीं है।	इपाएः सोमाए आले ताः रे बानोः।
लेकिन दोनों मार्गोपर एहतियाती कदम उठाए गए हैं।	मेनदो बारान होरा रे एहतियात होबाआकाना।
इस ब्लॉग को मैं नियमित रूप से पढ़ता हूँ।	नेआ ब्लाग आञ जाआनाओ पाड़ाओआञ।
कुत्ते बड़े लोगों के बहुत काम सरकाते हैं।	सेताको माराङ होड़ोकोआः बेसे कामिको राचाःएआको।
जिसके कारण आज धरती पर मानव का अस्तित्व है।	ओकोआ कारण ते तिसिङ धरती रे मानोआ को मेनाःकोआ।
महफ़ूज़ रहो खुद भी मुझ को भी बचाओ तुम	बानचाओआकान ताइनोःमे आमो आर आञोः बानचाओमे।
नजदीक ही एक मकान किराये पर ले लिया।	नाड़ेः रे गे मिआद ओड़ाः किराया रे आउकेदाञ।
बस मन में विश्वास यही एक बार तुम्हें पाउँगा मैं	नेआ गे मिआद जी राः सानाङ मेनाः चि जाआं चिलका ते नाममेआञ।
अगर ऐसा नहीं किया गया तो हम इसका बहिष्कार करेंगे।	नेका का रिकाजान रे आले नेआ विरोधेआ।
वे महापुरुष हमसे कैसी दिवाली मनाने की उम्मीद रखते होंगे?	इनकु आले ताः ते चिलका दिवाली मानातिङ राः आसराएआको।
लेकिन महसूस किए जा सकते हैं।	मेनदो आगामोः दाड़िओःआ।
इधर नंदीग्राम पर बजरिया गवर्नर तेवर दिखाए।	नेताः नन्दीग्राम रे बजरिया गवर्नर तेवर लेलरिकाकेदाएः।
इस साल फिर से उसका दाखिला कराया था।	ने सिरमा ओड़ोः मिसा इनिआः दाखिला रिका लाःञ।
वे मुनाफाखोरों को बिल्कुल भूल गये।	इनको मुनाफा जोमको रिड़िङ उतारकेदाको।
हालांकि वो मरने वालों में सबसे पहले थी।	एनकादो इनिः गोजोःलेनको रे सिदाउतार रेनिःताइकेनाएः।
याद करने को तो तुझको सौ बहाने है यहाँ पर	उड़ुः नातिन दो हजार बहाना मेनाः नेताः रे
लेकिन आखिरकार मंडन मिश्र इसके लिए तैयार हो गये।	मेनदो टुनडु रे मन्डन मिश्र नेआ नातिन तेयारेनजानाएः।
प्रेम की प्रमेय का ये अद्भुत ज्ञान	सुकु राः सुनुकु राः नेआ सेंड़ा
क्या आपने किसी लोहे को पानी में तैरते देखा है?	जाआं इमतुङ आम मेड़ेद दाः रे ओयारतान लेलाकादाम?
संजय को मिली मोहलत आज खत्म हो गई।	सन्जय नामलेद मोहलत तिसिङ चाबाजाना।
से आपको नुक़सान पहुँचता है क्योंकि आप गर्भवती हैं।	एना नुकसानमेआ चिआचि आम लाइःते मेनाःमेआ।
मौत के बारे में आपके और क्या विचार हैं?	गोनोएः बारे रे आमाः चान विचार मेनाः?
इसकी छत नीचे और नींव ऊपर है।	नेआ राः साड़िमा लातार आर नीव चेतान रे मेनाः।
अमिताभ बच्चन सहस्त्राब्दी के महानायक कहे जाते हैं।	अमिताभ बच्चन नेआ सताबदी रेन महानायक काजिओःआएः।
नवजात शिशु का रंग हल्का सुनहला पीला होता है।	नावा जोनोमलेन होनाः नेद सासाङनोः ताइना।
प्रकाशित किया गया था ईमेल के माध्यम से	पासाराओलेना इमेल होरा ते
वहीं आकर नवाब मिर्जा के साथ रहने लगी।	एनताः हिजुःकेआते नवाब मिर्जा लोः ताइन एटेःजाना।
जेपी यादव संसद भवन के सहायक सुरक्षा सहायक थे।	जेपी यादव सन्सद भवन रेन सहायक सुरक्षा सहायक ताइकेनाएः।
या जो साथ रहते हैं वे कैसे रहते हैं?	कारेदो ओकोएः मोसा ते ताइनाएः इनिः चिलका ताइनाएः?
त्रिपुरा राज्य की कृषि में पशुपालन की सहायक भूमिका है।	त्रिपुरा राज्य राः कृषि रे उरि-मेरोम आसुल सहायक गे मेनाः।
गीतिका शर्मा। हरियाणा। पूर्व मंत्री गोपाल कांडा।।	गीतिक शर्मा। हरियाणा। सिदा रेन मन्त्री गोपाल कान्डा।
फि ल्मों में स्पोट्र्समैनशिप काफ ी काम आई।	सिनेमा रे स्पोर्ट्रसमैनशिप बेसे कामि रे हिजुःजाना।
बैठक में केबिनेट ने बजट को औपचारिक मंजूरी दी।	दुनुब रे केबिनेट बजट हेए केदाएः।
कांग्रेस के लिए इस रिपोर्ट के क्या मायने हैं?	कान्ग्रेस नातिन नेआ रिपोर्ट राः चान मतलब मेनाः?
परिवार में कलह के कारण परेशानी रहेगी।	ओड़ाः रे का-बापाइ मेनते दुकु ताइना।
वह अपनी पढ़ाई का खर्च खुद निकालता है।	इनिः आपान पाड़ाओ राः गोनोङ आएः गे उड़ुङजादाएः।
मारे प्रसन्नता के मैं सवेरे तक सो नहीं पाया।	रासिका ते आञ दुड़ुम राटि काञ दुड़ुमजाना।
वह उसे लेकर मस्तक से लगाकर रख ले।	इनिः एना सामाङ जापाःकेआते जोगाओएकाएः।
जीपों का मुँह गाँवों की तरफ मुड़ गया।	जीपको बोओः हातु साः बियुरजाना।
इनवर्टर चुके। जेनरेटर फुके।	इनवर्टर होकालेना। जेनरेटर जुलजाना।
उनके रहते पार्टी अगले कुछ महीनों में बंट सकती है।	इनिः ताइनोःतान लोः गे पार्टी हिजुः चानडुः रे हाटिङोःआ।
पसंद के कपड़े पहनकर जा सकती हैं।	सुकु राः लिजाः तुसिङकेआते सेनोः दाड़िआएः।
वे अहुत अच्छी क्रिकेट खेलते हैं।	इनिः बेसे माजा क्रिकेट इनुङाएः।
राजभाषा हिन्दी की प्रगति का जायजा	राजभाषा हिन्दी राः हारा लेल
गौरवेंद्र का भाई पुष्पेंद्र पौड़ी में शिक्षक है।	गौरवेन्द्राः हागा पुष्पेद्र पौड़ी रे पाआड़ाओनिः मेनाःइ।
इसलिए चीन से अधिक खतरनाक है पाकिस्तान की डाँवाडोल स्थिति।	एनामेनते चीन ते साङगि खतरनाक पाकिस्तान राः डांवडोल स्थिति मेनाः।
बाद में तुलसी चक्रवर्ती ने वो रोल किया।	तायोम ते तुलसी चक्रवर्ती एना रोलकेदाएः।
सिर्फ पचास ही तो उम्र के पड़ाव देख़े हैं	मोड़े गेलको गे उम्र राः पड़ाव लेलतादाको।
इसको कभी खर्च में नहीं लेना चाहिए।	नेआ जाआं इमतुङ खर्च रे का आउ लागातिङा।
लोगों के पहनावे बिल्कुल पीपली जैसे लगते हैं।	होड़ोकोआः तुनुसिङ पीपली लेका लेलोगा।
हर पंखुड़ी पर जमा थीं कई	सोबेन बा रे साकिदाकान ताइकेना बेसे
मैं भी स्वामीजी की बात से सहमत हूँ।	आञोः स्वामीजीआः जागार ते सहमत मेनाःञा।
चुनाव आयोग ने रमन के खर्चे का हिसाब मांगा	चुनाव आयोग रमन ताः ते खर्चा राः हिसाब आसेकेदाएः।
बात जो सिर्फ़ निगाहों से कही जाती है	जागार ओकोआः मेद ते बाआरि काजिओःआ।
इसी गफलत में सब कुछ चलता है।	नेआ गफलत से सोबेना चालाओआ।
तभी तो आजतक माँ की कृपादृष्टि है उनके परिवार पर।	एनामेनते दो तिसिङ जाकेद एआङ राः दुलाड़ा मेनाः इनिः ओड़ाः रे।
पुलिस ने उससे चोरी का सामान जब्त कर लिया है।	पुलिस इनिः ताः ते कुमबुड़ु राः सामान साबकेदाएः
राहों को फूलों से ज्यादा काटों से मढ़ा	होरा रे बा ते साङगि जानुमको ताइकेना।
तुने मुझे अपनी दुनिया से निकल दिया	आम आञेम आपान दुनिया ते उड़ुङकेदाम।
ज्योर्तिमई आंध्रप्रदेश के विजयवाडा शहर की रहने वाली थी।	ज्योतिर्मई आन्ध्रप्रदेश राः विजयवाडा शहर रेनिः ताइकेनाएः।
फोटो स्कूल घर के बारे में	फोटो इसकुल ओड़ाः राः बारे रे
आपने हमारी सारी समस्या का हल कर दिया है।	आम आलेआः सोबेन बालाए सोओजकेदाम
लेकिन जैसे ही प्रधानमंत्री भाषण के लिए मंच पर आए।	मेनदो चिलका गे प्रधानमन्त्री भाषण ओम नातिन पिड़िङगि रे देः जानाएः।
क्या यह सब समझने की बुद्धि रामन नायर को नहीं?	नेआ बुजाओ राः सेंड़ा रामन नायर ताः बानोः चि?
शहद चाटने से लगातार आ रही हिचकी रुक जाती है।	हुरुमसुकु चाटेः ले रे हिचकी होकाओःआ।
अब यह आदत दिन में भी उनका पीछा नहीं छोड़ती।	नाआः नेआ हेओआ सिङगि मेनाः रेओ काएः बागेइआ।
आदर्शों को प्रतिष्ठापित करने पर बल दिया है।	उड़ुः तिङगु केटेः चेतान जोर ओमाकाना।
बीएसएनएल उपभोक्ताओं को रोमिंग की चपत	बीएसएनएल उपभोक्ताको रोमिङ राः चपत
शुभकामनाएं।मैं भी हनुमान चालीसा पाठ शुरू करता हूँ।	बुगिन सानाङ। आञो हनुमान चालीसा पाड़ाओ एटेःलेआञ।
उनके हाथ में लाठियां और झंडे थे।	इनकुआः ति रे डानडाः आर झानडा ताइकेना।
इसके बाद फल एवं जूस देना शुरू करें।	नेआ तायोम ते जो आर जूस ओम एटेःपे।
इसलिए मधुमेह में पैरों की देखभाल पहले जरूरी है।	एनामेनते मधुमेह रे काटा लेल-होरो लागातिङा।
नई कारों पर भी मची छूट की लूट।	नावा कारको रेओ छूट राः लूट होबाजाना।
अब मुसीबत यह कि बाहर जाकर मीडिया को क्या कहें।	तिसिङ बालाए नेआ मेनाः चि बाहर सेनकेआते मीडिया सानामाङ चानाःबु काजिआ।
शिव जी के बारे में जानना अच्छा लगा	शिव जी बारे रे इतुकेआते बुगि टोओर केदाञ।
पर नियमित रूप से उत्तरदायी अपने मुंह से न केवल	चेतान का-होका लेका काजिजिममा आपान मोचा ते नेआ बाआरि दो का।
बेंत कारिगर फर्नीचर बना रहे हैं।	बेंत ते कामितानको फर्नीचर बाइजादाको।
आमीरशाप हो गई अमीर और ग्राहक कंगाल	दोकान टाकाआन बाइनजाना आर ग्राहक कोएःतानिः।
लेकिन देख कर भी हमने निष्कर्ष नहीं लिए।	मेनदो लेल केआतेओ आले टुनडु काले उड़ुङकेदा।
मैंने परिणाम के बारे में नहीं सोचा।	आञ चानाः होबाओआ बारे रे काञ उड़ुःकेदा।
इसमें सात लोगों की मौत हो गई है।	नेआ रे एएआ होड़ोको बाङकोजाना।
वह दोपहर दिन चढे लौट जाता है।	इनिः तिकिनोः लोः हिजुः रुड़ा।
आखिर हडताल क्यों की जाती है?	नेका दो हडताल चानाः मेनते रिकाओःआ?
यह फूल मेरे जीवन में आगे वसंत में खिलेगी।	नेआ बा आञाः जिनिद राः हिजुः बसन्त रे बाओआ
कामुकों के हाथों में पड़कर इस कथा की	कामुककोआः ति रे साबकेआते नेआ काआनि राः
जिसमे उत्तर प्रदेश की खबरों की प्राथमिकता है।	ओकोआ रे उत्तर प्रदेश राः खोबोर सिदा रे ओमोगा।
दूसरा कोई काम ऐसे लोगों को मालूम ही नहीं है।	एटाः जाआन कामि होड़ोको इतु गे काको इतुएआ।
लालच में वो थूक कर चाटता है।	हाया रे इनिः बेः केआते चाटेःएआ।
ये मझोले आकार के पक्षी होते है।	निकु साङगि माराङ चेड़ें को काको ताइना।
राजनीतिक शास्त्र > स्पेन > सेविले	राजनीति राः सेंड़ा > स्पेन > सेविले
इसलिए ये वेदान्त के नाम से भी प्रख्यात हैं।	एनामेनते निः वेदान्त नुतुम तेओ नुतुमाकाना।
वहीं से साभार लेकर इसे यहां प्रकाशित कराया गया है	एनता ते गे नेआ कुलिकेआते नेताः चापाआकाना।
शायद इसे किसी की नज़र लग गई है।	निः जाआंए नजर लागाओकेदाएः जा।
अंदर नहीं ले जा सकते हैं	बितार कापे आउ दाड़िआ।
उससे जुड़े सभी लोग साधुवाद दिये जाने के योग्य हैं।	इनिआः ते जुड़ागाकान सोबेन होड़ोको जोआर लागातिङा।
मा र्क्सवादी वर्ग शत्रु के सफाए के विश्वासी हैं।	मार्क्सवाद पातितान को वर्ग रेन मुदाइकोआः चानाबा रे विश्वास मेनाः।
अभी थोड़ी देर पहले मेरे एक प्रिय मित्र का एक	नाआः हुड़िङ सोमाए सिदा रे आञाः सोङगेआः मिआद
आज तक राज्य में कई बड़े आंदोलन हो चुके हैं।	तिसिङ जाकेद राज्य रे बेसेे माराङ आन्दोलन होबाआकाना।
इस दिन विशाल भंडारा भी आयोजित होगा।	ने हुलाङ माराङ भनडाराओ रिकाओआ।
बिना अधिक स्वनिंदा के सख्त रहने के लिए।	बेगार साङगि आपानउकुता राः केटेः ताइनोः नातिन।
एक रस्सी गर्दन मे भी थी।	मिआद बायार होटोः रेओ ताइकेना।
आज की पीढ़ी में जिज्ञासा और चेतना अधिक है।	तिसिङ रेन होनको रे इतु हाया आर चिनिरगाल साङगि मेनाः।
अधिकारी सब कुछ जानते हुए भी चुप्पी साधे बैठे हैं।	अधिकारी सोबेनाः इतुनतान रेओ हापेआकानको ताइना।
मैं खिड़की से झांकता रहता हूं	आञ खिड़कि ते कोयोःआकान ताइनाञ।
यह भिन्न तुकांत अथवा अतुकांत महाकाव्य है।	नेआ एनेटाः तुकान्त कारेदो अतुकान्त माराङगामु मेनाः।
पुलिस अपना काम कर रही है?	पुलिस आपान कामितानाएः।
ऐसे लोग डिजायर एसवी को चुन सकते हैं।	नेकान होड़ोको डिजायर एसवी साला दाड़िआको।
लाला हशमतराय के वोट अधिक थे।	लाला हशमतरायाः वोट साङगि ताइकेना।
तभी मेरे घर के दरवाजे की घण्टी बजी।	एन लोः गे आञाः दुआर राः घन्टि बाजाओजाना।
दोनों पुरुषों का सहयोग थोडा अतिश्योक्ति है हाहा हाहा	बारान कोड़ाकिनाः देङगा बातिरि साङगि गे जागार मेनाः।
उन्हें पार्टी के विदेश विभाग का प्रमुख बनाया गया है।	इनिः पार्टी राः विदेश विभाग राः मुनु होड़ो बाइआकाना।
और चोरी में जो मजा है वो और कहां।	आर कुमबुड़ु रे नेका रासिका मेनाः ओकोआ एटाः रे बानोः।
पर बीजेपी ने अभी भी पूरे पत्ते नहीं खोले।	मेनदो बीजेपी नाआः जाकेद सोबेन साकामको काएः लेलरिकातादाए
सिक्किम सरकार के बागवानी विभाग ने प्रगतिशील	सिक्किम सरकार राः बागवानी विभाग आयार राकाबोः।
या यूँ कहें की अक्सर अचानक नहीं हो जाता।	कारेदो नेका काजिओः का चि खाने रोका गे का होबाओआ।
ये गुप्तांगों से पानी जैसा बहने वाला स्त्राव होता है।	नेआ उकु अङग ते दाः लेकान लिङगिओःतानाः मेनाः।
स्थान परिवर्तन के योग बनते है।	टाआंओ बादिलिओः राः सोमाए बाइओःताना।
इसने उसकी ज़रा भी परवाह न की।	निः इनिआः मोदचोकोएओः काएः उड़ुःकेदाएः।
दंगा विरोधी बिल लाने की तैयारी	दङगा विरोधी बिल आगु राः तेयारी।
जबकि हथेलियों को घुमाकर नीचे की तरफ करें।	ति बियुर केआते लातार आगुएपे।
जान देने की रुत रोज आती नहीं	आपान दांड़े गिड़ि राः जारुड़ु दिनाकि का हिजुगा।
जीवन इसी तरह निरंतर जीता चलता है।	जिनिद नेका गे का-होका लेका सेसेनाकान ताइना।
बेहतर मौकों को भुनाने पर यथासंभव जोर देंगे।	साङगि मौका साब रे जोर ओमेपे।
आप यहां है » उत्तर » स्पैनिश	आपे नेताः रे मेनाःपेआ >> काटा जामबाड़ा >> स्पैनिश
स्वयं इन्हे अनुभव करता है।	आए आपान ते नेआ टोओरेआएः।
पर मैं खुद को थोड़ा ज़्यादा बूढ़ा महसूस करता हूँ।	मेनदो आञ साङगि हाड़ामजानाञ लेका टोओरेआञ।
ये जीवन फिर संवर जाये अगर तुम मिलने आ जाओ	नेआ जिदान बाइरुड़ाओआ आम नापाम हिजुःजान रे दो।
लेकिन उन्होंने सिरे से इनकार कर दिया।	मेनदो इनिः मोद चुटि रे का मेनकेदाएः।
इन्हीं बातों को लेकर मन मुटाव बढ़ता है।	नेआ जागारको ते गे का बापाइओःआ।
इसे प्रलय का अनुमान लगाना गलत होगा।	नेआ प्रलय सिदा ते का टोओरोःआ।
भज्जी भारत के लिए शानदार बॉलर रहा है।	भज्जी भारत नातिन बेस बॉलर मेनाःइ।
सदा हमारे साथ रहेगी क्या?	सोबेन सोमाए आले लोः ताइनाएः चि?
ये मन्दिर भगवान शिव को समर्पित हैं।	नेआ मन्दिर भोगमान शिव नातिन मेनाः।
इससे साधकों के समाज में बहुत उलझन मची है।	नेआ ते साधक कोआ समाज रे बेसे उलझन होबाआकाना।
यह चारों क्रियाएँ एक साथ होनी चाहिए।	नेआको उपुन कामि मोसा ते होबा लागातिङा।
यहां युवती का उपचार किया गया।	नेताः कुड़ि होनाः रानु होबालेना।
उनकी शारीरिक वृद्धि भी लड़कों की अपेक्षा अधिक होती है।	इनकुआः होड़मो हाराओ कोड़ाको ते साङगि गे ताइना।
उन्होंने एक बयान देकर गुजरातियों को मुंबई छोड़ने कहा है।	इनिः मोसा काजिकेआते गुजरात रेनको मुम्बइ बागेपे काजिकेदकोआएः।
पर बदले की यह कार्रवाई ठीक नहीं है।	मेनदो बदला आउ नातिन नेआ कामि रिका जाना एना टीकी बानोः
मेरी बातों पर उसे हँसी आ गयी।	आञाः जागारकोते इनिः लानदाकेदाएः।
हर्निया रोग अनेक कारणों से उत्पन्न होता है।	हर्निया रोग एटाः-एटाः कारण ते होबाओआ।
लेकिन खुद हानि होती हो तो वह आपको हानि पहुंचायेंगा।	मेनदो आपानाः काबुगिन होबाओ रे इनिः एटाः को बालाएकोआएः।
सीधा छूना लड़की के लिए असहाय हो सकता है।	सोओज चापु कुड़िकोआः नातिन का टीकी होबाओआ।
वो सोफे पर कुशन गोद में लिए बैठ गया।	इनिः सोफा राः कुशन कोयोङ रे आउ केआते दुबजानाएः।
बच्चों को पढ़ाने में गुरु का मन नहीं लगता।	होनको पाआड़ाओ रे गुरुआः जि का ताइना।
मोती मगरी का बड़ा ऐतिहासिक महत्व है।	मोती मगरी राः माराङ मानाराङ मेनाः।
अलबर्टीना संग्रहालय में शुक्रवार से एक प्रदर्शनी शुरू हुई है।	अलबर्टीना संग्रहालय रे सुक ते मिआद प्रदर्शनी होबाओताना।
स्वामीजी के प्रबोधन का अधिकार प्रदान करती है।	स्वामीजीआः प्रबोधन राः अधिकार ओमेआएः।
मामला बढ़ता देख प्रबंध तंत्र ने पुलिस को बुला लिया।	मामला हाराओःतान लेल प्रबंध तन्त्र पुलिसकोएः राःकेकोआएः।
मसलन जैसा राजा होगा वैसी ही प्रजा होगी।	चिलका राजा ताइनाएः एनका गे प्रजा ताइनाएः।
कौमार्य और व्यक्तिगत मेडिकल परीक्षा के लिए पहले यौन समागम	कौमार्य आर आपान मेडिकल परीक्षा सिदा देड़े-देपेड़े
फाइनेंशियल टाइम्स का टाइटल मुद्दा आज सुप्रीम कोर्ट में	फाइनेंशियल टाइम्स राः टाइटल मुद्दा तिसिङ सुप्रीम कोर्ट रे
जो तुम्हें अनिच्छा से बताया था तुम्हारे बुजुर्गों ने	ओकोआ आम का सानाङतान रे उदुबलेमेआको आमाः हाड़ामको
वैसे मनमोहन के मामले में सारी कांग्रेस बचाव में।	नेका मनमोहन राः मामला रे गोटा कान्ग्रेस बानचाओ रे।
दुश्मन भी गले मिल जाते है।	मुदाइकिनो जोपोआराकिन।
आप ही इस संबंध में कार्रवाई कीजिए।	आबेन गे नेआ सोमबोन्ध रे कामिमे।
अमृत सरोवर में मिट्टी भरवा दी गई।	अमृत बानदा रे हासा पेरे रिकाजाना।
मैं उसकी नंगी चूचियों को दबा रहा था।	आञ इनिआः टोआङ तोआकिन सिपुदतानताइकेना।
मेरे एसीसी स्थानांतरित करने के साथ चार	आञाः एसीसी टाआंओ बादिलि लोः उपिनिआ
यहाँ ऐसा करने से समाज में निंदा है।	नेताः नेका रिका ले रे समाज राः उकुता मेनाः।
और फिर एक दिन हम सब आपके पास आयेंगे।	आर मुसिङ आले सोबेन आम ताः ले हिजुगा।
नहीं करते? क्यों जीती मक्खीप निगलते हो?	काम रिकाएआ? चानाः मेनते जिद रोको उदतानाम?
रंग तैयार करने में भी इसका उपयोग होता है।	नेद बाइ रेओ नेआ कामि रे हिजुगा।
आपस् मैं झग्रो हो रह्यौ हो।	आम लोः आञ गोपोएःताना।
आज की शाम सब कुछ का फैसला हो जाएगा।	तिसिङ आयुम सोबेन फैसला होबाओआ।
प्रशासन में मास्टर डिग्री और कंप्यूटर प्रणालियों के प्रबंधन	प्रशासन रे मास्टर डिग्री आर कम्प्यूटर प्रणाली राः जुगुतु
और शिक्षकों द्वारा अंग्रेजी से अनुवाद	आर पाआड़ाओको ताः ते अङग्रेजी राः जागार उलथा
मंत्री जी रौ में आ गए।	मन्त्री जी खीस जानाएः।
बढ़ती महंगाई के लिए कौन जिम्मेदार है?	हाराओःतान गोनोङ नातिन ओकोए जिममेदार मेनाःइ।
की इस अवधारणा की सराहना की गई है।	नेआ अवधारणा राः मानाराङ लेकालेना।
चारों तरफ पुलिस ही पुलिस नजर आ रही है।	सोबेन साः पुलिस गे लेलोःतानाको।
अपनी अपनी बाइक या कार से आएंगी।	आपान आपान बाइक कारेदो कार तेको हिजुगा।
अकादमिक गुणवत्ता की अपेक्षा न रखें।	पाड़ाओ राः बुगिन आलोपे कोमरिकाएआ।
क्योंकि सदानन्दजी और गोबरगणेशजी में दाँतकाटी दुश्मनी थी।	चिआचि सदानन्दजी आर गोबरगणेशकिन रे डाटाहाब मुनुदाइतानकेना।
बशर्ते हम अपने को बेवकूफ मानने को तैयार हों।।	कारेदो आबु डोनडो मेनाःबुआ पाति एटेः लागातिङा।
वो क्षण कितने आनंद दाई होता था।	एना सोमाए चिमनुङ रासिका ओम ताइना।
यह हिन्दी साहित्य को उन का विशिष्ठ योगदान है।	नेआ हिनदी साइति रे इनिआः मानाराङ देङगा मेनाः।
मधेपुरा में बाढ़ का कहर मंगलवार को भी जारी रहा।	मधेपुरा रे बाढ़ राः बालाए माङगार हुलाङ जाकेद ताइकेना।
एक बार वह रेलगाड़ी में यात्रा कर रहे थे।	मुसिङ इनिः रेलगाड़ि रे सेनोःतान ताइकेना।
अमित ने पुलिस कंट्रोल रूम को फोन किया।	अमित पुलिस कंट्रोल रूम रे फोन केदाएः।
कृष्ण इस अहंकार के फन पर खड़ा है।	कृष्णा नेआ पुलाइ राः बोओः रे तिङगुआकाना।
स्राव भी गले में एकत्र न होने पाए।	लिनिङगिओ होटोः रे आलोका जामाओःका।
बाकी तो हम संभाल ही लेंगे।	एटाःको दो आले सामबाड़ाओ दाड़िआ।
पति साहब ज़रूरत से ज्यादा ही मोटे थे।	ओड़ाः किसान दो जारुड़ु ते साङगि मोटो गे ताइकेनाएः।
आलू की कीमत में लगातार बढोत्तरी हो रही है।	आलू राः गोनोङ का होकातान लेका हाराओःताना।
तो एक हजार रुपये मिलेंगे मतलब ठीक ठीक कितने?	तोबे मिआद हाजार टाका नामोगा एनका दो सारते चिमनुङ?
दुकान में बैठा एक व्यक्ति चुटहिल हो गया।	दोकान रे दुबाकान मिआद होड़ो टोःजानाएः।
हर अरब डॉलर की कंपनी के पीछे है एक	सोबेन अरब डॉलर कम्पनी तायोम रे मिआद
वे सनातन धर्म के रक्षार्थ निरंतर कटिबध्द रहे।	इनिः सनातन धोरोम जाङगि मेनते कुटुमुटु ताइकेनाएः।
लड़का भी उसके साथ रह सकता है।	कोड़ाओ इनिः लोः ताइन दाड़िआ।
मेरे हाथों से डलिया लेकर वह रसोई में चली गई।	आञाः ति ते टुङकि आउ केआते इनि मानडि ओड़ाः सेनोःजानाएः।
तो इसमे किस प्रकार का शोक करना।	तोबे नेरे चान रोकोम राः दुकु लागातिङा।
ठीक रिलीज के पहले यह खेल क्यों?	रानाड़ा ते टीकी सिदा रे नेआ इनुङ चानाः मेनते?
मैं आज भी उस दिन को नहीं भूल पाई हूं।	आञ तिसिङो एन हुलाङ काञ रिड़िङतादा।
दिन है ऐतबार का मज़ा लीजिये	हुलाङ मेनाः ऐतबार राः रासिकानपे।
उस समय चंद लोग ही थे वहाँ।	एन सोमाए हुड़िङ गे को ताइकेना एनताः।
बाबा हरनाम दास जी की महिमा अवर्णनीय है	बाबा हरनाम दास जी आः महिमा का काजि दाड़िओःआ।
पास ही एक जगह थी जहां कोई नहीं जाता था।	जापाः रे गे मिआद टाआंओ ताइकेना ओकोताः जाआंए काएः सेनोःतानताइकेना।
कि वो कैसे लग रहे हैं।	चि इनिः चिलका लेलोःतानाएः।
क्योंकि मनरेगा में हाथों को काम नहीं मिल रहा है।	चिआचि मनरेगा राः ति रे कामि का नामोःताना।
वो शायद मेरी फिल्म की शूटिंग देखने आई थी।	इनिः जा आञाः फिलिम राः शूटिङग लेल मेनते हिजुःआकानाएः।
यह जानना जरूरी है कि गैस पारदर्शी होती है।	नेआ इतु जारुड़ु मेनाः चि गैस पारोम लेल दाड़िओःआ।
इसका औपचारिक ऐलान हो गया है।	नेआ राः औपचारिक काकाला होबाजाना।
पास में मतलब एक डेढ किलोमीटर दूर।	जापाः रे मतलब मिआद डेढ किलोमीटर साङगिन।
लड़की को इस बात की उम्मीद नहीं थी।	कुड़ि होन नेआ काएः टोओर लाएः।
धार्मिक लेख भी लिख ही लूँगा।	धोरोम राः ओनोलो ओल दाड़िआञ।
पार्टी अध्यक्ष हिटलर जैसा बर्ताव कर रहे हैं।	पार्टी अध्यक्ष हिटलर लेका रिकातानाएः।
आप क्या बोल रहा है कि हम ड्रामा करता है।	आम चानाःम काजिताना चि आञ नाटकतानाञ।
नये कलाकार उत्साह के साथ लगातार भाग ले रहे हैं।	नावा कलाकारको जुलुङ लोः हिजुःतानाको।
के साथ घास काटने की मशीन थर्मल एल्यूमीनियम आवास	लोः तासाद हाद मशीन थर्मल एल्यूमीनियम ओड़ाः।
धुन से लटक फिर अपनी उदासी तक पहुँच गई थी।	साड़ि ते हाकाकोःआते ओड़ोः आएआः दुकु जाकेद तेबाःजानाएः।
राज्य में पर्यटकों की रुचि के कई स्थान हैं।	राज्य रे होनोरकोआः सुकु नातिन बेसे टाआंओ मेनाः।
फीर भी वह इस उपन्यास की चावी है।	सेरेओ इनिः नेआः काआनि रेन चावी मेनाःइ।
प्रसून ने सतुष्टि की एक गहरी सांस भरी।	प्रसून राड़ेः राः सायाद आउकेदाएः।
क्या तब तक स्थिति टाली नहीं जा सकती।	चि एन सोमाए जाकेद एना कारिका का दाड़िजाना होनाङ?
संख्याबल कम होने तथा समान विषमताओं	होड़ोको साङगि का ताइन जान आर बाराबारि विषमता
ऑस्ट्रेलियाई बल्लेबाजों ने इस दौरान परिस्थितियों का जायजा लिया।	आस्ट्रेलिया रेन बल्लेबाज ताको ने सोमाए रे चानाः चिका लागातिङा एना उड़ुःकेदा।
बहुत दूर चला जाना चाहता हूँ मैं शब्दकोष से	साङगिन सानाजाःञा टुङकोढारि ते
इससे पार्टी को भारी क्षति हुई है।	नेआ ते पार्टी बेसे नुकसान होबाआकाना।
उन्हें तेज गेंदबाज मोर्ने मोर्कल ने पगबाधा आउट किया।	इनिः जोर तेर गेन्दबाज मोर्ने मोर्कलेः काटाकोटोङ आउट रिकाकिःआएः।
आचार्य मिश्र इन श्लोकों में अलंकार दोष निकालते है।	आचार्य मिश्र नेआ श्लोक को रे अलंकार राः दोष उड़ुङजादाएः।
यही तो कला के दिन हैं।	नेआको गे कला राः दिनको मेनाः।
मैं तेरे काका और भाइयों को देख लूँगी।	आञ आमाः काका आर हागाकोञ लेलकोआ।
बेशुमार लोग लाइनों में खड़े थे।	बेसे होड़ोको लाइन रे को ताइकेना।
रहना तो पूरी उम्र साथ पड़ता है।	ताइनोः दो गोटा जिनिद मोसा ते ताइन लागातिङा।
मैं खुद एक दूरसंचार क्षेत्र से जुड़ा इंजिनियर हूँ।	आञ आपान गे दूरसन्चार क्षेत्र रे कामितान इन्जिनियर मेनाःञा।
खबर है कि इनसे पैसा और कागजात मिले हैं।	खोबोर नेआ मेनाः चि निःताःते टाका आर कागजको नामाकाना।
कहीं प्रेम राग न हो जाए।	दुलाड़ा रुआ आलोका होबाओका।
प्रमुख मांग बन गई जिसने ब्रिटिश इंडिया गवर्नमेंट को उसकी	मुनु आनासे बाइ जानाएः ओकोआते ब्रिटिश इन्डिया सरकार इनिःए।
अथॉरिटी ने ड्रॉ मैनुअल तरीके से कराया।	अथॉरिटि चापु उड़ुङ ति ते गे रिकाकेदाको।
मैंने आलेख में बताया भी है।	आञ ओनोल रे उदुबतादाञ।
पहले मैं अपने बारे में बता दूँ।	सिदा आञ आपान बारे रे उदुबलेआञ।
जीप में महंत और बैलगाड़ी पर भूपेश	जीप रे महन्त आर साड़गि रे भूपेश।
रुके हुए कार्यों में देवीय सहायता का भी अनुभव होगा।	होकाआकान कामिको रे बोङगाकोआः देङगा टोओरोःआ।
कुबद का खान ऊपर ढाँक पर है	कुबर राः खान चेतान ढांक रे मेनाः।
भूमि में हल्की नमी बनी रहना चाहिए।	ओते रे आलि ताइनोः लागातिङा।
राजेश लोहिया पडरौना कुशीनगेर यू पी	राजेश लोहिया पडरौना कुशीनगेर यू पी
भाग्य के मीठे फल की उनकी कामनाओं पर	भाग्य राः हेड़ेम जोको इनिआः सानाङ रे
इस फिल्म की प्रोड्यूसर एकता कपूर हैं।	नेआ सिनेमा रेन प्रोड्यूसर एकता कपूर मेनाःइआ।
उनके आश्रम में अश्विनीकुमार नामक वैद्य आये।	इनिआः आश्रम रे अश्विनीकुमार नुतुम ते मिआद वैद्य हिजुःलेनाएः।
इस दौरान गाड़ी में एक अतिरिक्त कोच लगाया जाएगा।	नेआ सोमाए रे गाड़ि रे मिआद कोच लागाओआ।
खून उसे कभी इतना प्यारा न था।	मायोम इनिः जाआं इमतुङ काए सुकुलाःए।
इनमें हजकां के भगौड़े विधायक की भी शामिल हैं।	निकुरे हजकां रेन निराकान विधायको ताइकेनाएः।
वह ज्ञान की तरह स्थितप्रज्ञ नहीं रहती।	इनिः सेंड़ा लेका स्थित हिसाब ते काएः ताइना।
बढ़िया फ़िल्म की बहुत बढि़या समीक्षा की है सतीश भाई।	माजा फिलिम नातिन माजा उड़ुःओलतादा सतीश हागा।
मीटरों की क्वालिटी पर भी सवाल उठ रहे हैं।	मीटरकोआः क्वालिटी रे ओ कुनुलि राकाबोःताना।
↑ डीटीसी के बेड़े में सौ नई बसें शामिल।	डीटीसी बसको रे मिआद साए नावा बस साङगिजाना।
स्कूल होलिडेइस प्रोग्राम और जानकारी प्राप्त करें	इसकुल छुट्टिको राः काजिकामि आर उनुदुब नामेपे।
और मन में हलचल हो रही थी।	आर जि आकालबाकालोः तानताइकेना।
जल्द ही इसका भट्टा बैठना भी तय है।	सेकेड़ा गे नेआ होका होबा गे होबाओआ।
मैं भी बच्चों को खूब कहानियाँ सुनाता था।	आञोः होनको बेसे काआनिको आयुम रिकाकोआञ।
बीएलओ को त्रुटि सुधारने के निर्देश दे दिये गये हैं।	बीएलओ गलति सुधराओ आचुरिकाकिःआको।
स्वागत उद्बोधन वरिष्ठ साहित्यकार राजेन्द्र जोशी ने दिया।	दारोम जागार साइतिओलनिः हाड़ाम राजेन्द्र जोशी ओमलाःए।
का प्रयास हो सकता है।	राः प्रयास दाड़िओःआ।
इस प्रकरण की काफी धूम रही।	नेआ प्रकरण राः बेसे जागार होबाओताना।
समाज भी उनका सहायक और पहरेदार होता था।	समाजो इनिआः देङगा ओम आर जाङगितानिः ताइकेना।
ये चित्र गोइची नकाता का बनाया हुआ है।	नेआ चित्र गोइचि नकाताआः ति ते बाइआकाना।
पुलिस का कहना है कि जल्द मामला दर्ज किया जाएगा।	पुलिस काजितानाएः चि सेकेड़ा गे नेआ मामला दर्ज होबाओआ।
यहां बाढ़ हर साल कहर बरपाती है।	नेताः बाढ़ सिरमा सिरमा बालाए रिकाबुआएः।
फिर मैंने अपने आप को सम्भाला।	ओड़ोः आञ आपानेञ सामबाड़ाओकेदाञ।
ज्यादातर लोग भले मानुष जैसा ही आचरण करते हैं।	साङगि होड़ोको सुगाड़ा होड़ोको लेका गे जापागारेआको।
स्वयं अपने मन से नहीं करते।	आपान उड़ुः ते काएः रिकाएआ।
ऐसे में उनके साथ बातचीत कठिन है।	नेका रे इनिः लोः जापागार बालाए गेआ।
प्रमोद तांबट जी पुरस्कार लेते हुए&	प्रमोद तांबट जी पुरस्कार तेलातान लोः।
इस पर आप चौडी बेल्ट लगा सकती हैं।	नेआ रे आम चाकार बेल्ट लागाओ दाड़िआम।
मोइन मोइन हिन्दी विकी पाइथन में हिन्दी भाषी साफ्टवेयर	मोइन मोइन हिन्दी विकी पाइथन रे हिन्दी भाषा साफ्टवेयर
इनमें से पहले तीन तो मंत्री भी बने।	निकु रेन ताः ते आपिको मन्त्रीओको बाइजाना।
की बढ़ती बौद्ध धर्म में ही	राः हारातान बौद्ध धोरोम रे गे
लोग शोर करते हुए हॉल के अंदर घुसने लगे।	होड़ोको काकालातान लोः हॉल बोलोजानाको।
इसका इंतजाम तो वित्तमन्त्री महोदय अगले सत्र में कर देंगे।	नेआ राः इन्तजाम दो टाकामन्त्री गोमके हिजुः सत्र रे रिकाएआएः।
बेसिक शिक्षा परिषद मंगलवार को जिलेवार मेरिट जारी करेगा।	बेसिक शिक्षा परिषद माङगार हुलाङ जिलाको राः मेरिट उड़ुङेआ।
गोरे लोग कभी भी अकेले नहीं होंगे।	एसेल होड़ोको जाआं इमतुङ काको एसकारोःआ।
ऐसा करते हुए उसे गर्व की अनुभूति हुई थी।	नेका रिकातान लोः इनिः पुलाइ टोओर केदाएः।
इस सरकार की नीयत और नीति में काफी फर्क है।	ने सरकाराः उड़ुः आर नीति बिनगा मेनाः।
फिर परमेश्वर वेद में ऐसी सत्यविरूद्ध बात क्यों कहेगा?	एनाते परमेश्वर वेद रे नेका सारते जागार विरोध रे चानाःए काजिआ?
एसपी विजिलेंस हरगोबिंद सिंह ने इसकी पुष्टि की है।	एसपी विजिलेंस हरगोबिन्द सिङ नेआ सारते मेनाः काजिकेदाएः।
जमींदार है इसलिए जमींदारी भी कर रही है।	जमीनदार मेनाःइ एना मेनते एनका रे रिकातानाएः।
तो मुझे तो उस दिन की प्रतीक्षा है।	तोबे आञ दो एन हुलाङ राः ताङगि तानाञ।
इनका प्रयास उसी डोर को तोड़ने का रहा है।	निआः प्रयास दो एन सुताम टोटोः राः गे मेनाः।
मेने पूछा क्या बात है?	आञ कुलिकेदाञ चानाः जागार मेनाः?
इसे लिंगेश्वरी देवी भी कहते हैं।	निः लिंगेश्वरी देवीओ काजिओःआएः।
सीबीआई ने भांजे को रंगेहाथ पकड़ा।	सीबीआई गेड़े नेदति लोः साबकिःआ।
करने के लिए कि हम के रूप में	रिका नातिन आबु लेका ते।
पृष्ठ का शीर्षकोई अज्ञात अतिथि लिंक अक्षम करना	साकाम राः मुनुटुङगालाङ काटोओरलेनिः लिङक कारिका रिका
यह फूटपाथ पर ही रहता है।	निः फुटपाथ रे गे ताइना।
मुझे तो इसबार वहाँ जाना है।	आञ दो निसकान एनताः सेनोगाञ।
हे तुज बोलावे न लगे कांही।	आते आम रागोःतानाम आलोम टोगोआ।
बिग बी ने ट्विटर पर लिखा	बिग बी ट्विटर रे ओलकेदाएः।
सुनील हांडा ने यह किताब कॉपी लैफ़्ट रखा था।	सुनील हानडा नेआ किताबेः कॉपी लैफ्ट जोगाओ लाःए।
यही मेरी ख़ुशी का बायस हैं	नेआ गे आञाः रासिक राः बायस मेनाः।
सुन्दर प्राकृतिक दृश्य ख़राब कर दिया है।	सुगाड़ा बिरबुरु राः लेनेल बागाड़ाओकेदाएः।
अभी तक आरोपी की गिरफ्तार नहीं हो सकी है।	तिसिङ जाकेद आरोपी का साबाकानाएः।
वही भावरूप से विद्या और अभावरूप से अविद्या कहलाती है।	एना गे भाव लेका ते सेंड़ा आर का-भाव ते का-सेंड़ा काजिओःआ।
एक आसान स्थापना के लिए आवश्यक उपकरण	मिआद दुब ठाआंओ बाइ नातिन जारुड़ु जिनिस
चमारिन से ताल्लुक हो गया था।	चमाार कुड़ि लोः जोड़ेन जानाएः।
कुछ दिन तक हम दोनों में बातचीत नहीं हुई।	हुड़िन दिन जाकेद आलिङ ताला जापागार का होबालेना।
इससे दाँत व मसूड़े वृद्धावस्था तक मजबूत रहते हैं।	नेआ ते डाटा आर मसूड़ाको हाड़ामजानरेओ केटेःगे ताइना।
मुंबई करीना कपूर अब सलाह भी देने लगी हैं।	मुम्बई करीना कपूर नाआः सलाहो ओम एटेगाकानाएः।
आस्ट्रेलियाई खनन कंपनी में हिस्सेदारी लेगी एनएमडीसी	आस्ट्रेलिया रेन खनन कम्पनी रे हानाटिङ आउएआएः एनएमडीसी
कई किस्से मैंने उसके मुँह से सुने।	बेसे काआनिको आञ इनिआः मोचाते आयुमकेदाञ।
के महत्व में एक करीब देखो	राः मानाराङ रे मिआद जानापाः लेलमे
घरेलू नुस्खों से गर्मियों में रखें त्वचा का ख्याल	ओड़ाः राः रेदरानुको ते उर बुगि जोगाओएपे
तो मुझे एक बिट के लिए	तोबे आञ मिआद बिट नातिन
कहते हैं मेकअप करना एक कला है।	काजिओःआ चि मेकअप रिका मिआद कला मेनाः।
नुकसान समझ में सबको आ गया था।	नुकसान सोबेनको बुजाओजाना।
कोई चला जाये तो मिल जायेगें कपड़े।	जाआंए सेनोःजान रे होले लिजाः नामोगा।
इस दिन बहिन वृत रखती है।	ने दिन मिसि काटाबेआएः।
इसी रोशनी में जनजीवन आनंद का अनुभव करता है।	नेआ मासकाल रे जनजीवन रासिका टोओरेआएः।
सूरज बुद्धिमान होने के साथ ही बहुत साहसी भी था।	सूरज सेंड़ान ताइोः लोः काबोरोतानिःओ ताइकेनाएः।
विषाद जल कर भस्मीभूत हो जाता है।	विषाद जुलजान ते तोरोए बाइओगा।
बात कहीं से भी शुरू कर लीजिऐ।	जागार जाआं ताः तेओ एटेःलेपे।
मारुति में हड़ताल पर प्रबंधन सख़्त	मारुति रे हड़ताल रे प्रबंधन केटेः
उसका फ़ैसला क्यों नहीं करते हो	इनिआः फैसला चानाः मेनते काम रिकाएआ।
पर बीच में एक अजीब मन स् थित हो गई।	मेनदो ताला रे मिआद एटाः गे उड़ुः बोलोजाना।
इसके लिए आयात लाइसेंस की आवश्यकता नहीं होती है।	नेआ नातिन हाताओ राः लाइसेन्स राः जारुड़ु का ताइनोःआ।
उन्हें दोबारा हासिल नहीं किया जा सकता।	एना ओड़ोः मिसा का नाम दाड़िओःआ।
और भी कड़वी बात कह दूं तो बुरी लगेगी आपको।	ओड़ोः गे हाड़ाद जागार काजिआञ दो बेस काम टोओरेआ।
सोहराबुद्दीन एनकाउण्टर के मामला भी सभी को याद है।	सोहराबुद्दीन एनकाउण्टर राः मामला सोबेनको टोओरताना।
औपनिवेशिक सत्ता के साथ ब्राह्मणों की जुगलबंदी स्वाभाविक ही थी।	औपनिवेशिक सत्ता लोः बामड़ेकोआः सोनोङगे होबा राः गे ताइकेना।
वक्त संक्रमण का शिकार हो चुका है।	सोमाए का बुगिनाःको ते चालाकाना।
नाटक दुर्लभ और मंहगा होता जा रहा है।	नाटक का नामोः आर साङगि गोनोङ राः होबाओताना।
इसीलिए मैं इसे धर्म प्रान्त कहता हूं।	एनामेनते आञ नेआ धोरोम प्रान्त काजिआ।
लेकिन अभी भी वारंटी के अंतर्गत दुर्लभ	मेनदो नाआःओ वारंटी लोः का नामोगा।
दमित भावनाओं से मुक्ति मिलती है।	दमित उड़ुः ते राड़ाओःआ।
जो आते जाते मुसाफिरों को भी परेशान करता है।	इनिः हिजुः सेनोःतान होड़ोकोओ परेशान तानेःताइकेनाएः।
क्या ऊंची शान है अल्लाह हू अल्लाह	चान माराङ शान मेनाः अल्लाह हू अल्लाह।
विषय को पूरी तरह से बंद है लेकिन वह	विषय गोटा हानडेदाकाना मेनदो इनिः।
टिप्पणी जो प्रकाशित न हो पा रही थी	कानाजि ओकोआ का चापाओ तानताइकेना।
लग रहा था की दोनों ताल थोक	टोओरोः तानताइकेना चि बारान ताल दाल।
इन दोनों सुविधाओं के किसी भी समय है	नेआ बारान सुविधा राः जेतान सोमाए।
ये आप भी जानना चाह रहे होंगे।	नेआ आमो इतुन मोनेतानाम जा।
खनन विभाग के लिए जिलाधिकारी का आदेश	खनन विभाग नातिन जिलाधिकारी राः आनाचु
कविता बेड पर चित होकर लेट गई।	कविता बेड रे बाटि उतार जानाएः।
आज तो आप हमारे लिए देवदूत बन गए।	तिसिङ दो आपे आले नातिन भोगोमान साम गे बाइजानाम।
उसका समय अमूल्य हो जाता है।	इनिआः सोमाए दो कागोनोङान बाइोःआ।
क़रीब डेढ़ अरब लोग हिंसाग्रस्त इलाक़ों में रहने को मजबूर	कारेदो डेढ़ अरब होड़ोको गोपोए इलाका रे ताइनोःताना।
पुस्तक का संपादन विवि के एक पूर्व छात्र ने किया।	किताब राः सोतोःबाइ विवि रेन सिदारेन छात्र रिकातादाएः।
अपने चैनल के नंगेपन की बात नहीं करेंगे?	आपान चैनल राः टोआङ लेलरिका राः काम चि जागारा?
अन्याय करने वालों को सजा मिलनी चाहिए।	अन्याय रिकातानको सजा नाम लागातिङा।
इससे लोको रनिंग स्टाफ में काफी रोष है।	नेआ ते लोको चालाओ स्टाफ रे बेसे खीस मेनाः।
मजिस्ट्रेट एसपी तामांग की इस रपट ने हंगामा बरपा दिया।	मजिस्ट्रेट एसपी तामांग राः नेआ रिपोर्ट ते हङगामा होबाजाना।
नर और मादा मोर की पहचान करना बहुत आसान है।	माराः आर एङगा माराः चिना बेसे राबाल मेनाः।
उन्होने अपनी जीवनी लिखी है इसका नाम है	इनिः आएआः जिदान राः काआनि ओलतादाएः आर एना राः नुतुम मेनाः।
ओबामा को राष्ट्रपति बनने पर हम मुदित हैं।	ओबामा राष्ट्रपति बाइजानचि आले सोबेन रासिकाताना।
गरीबों में बांटने के साथ ही	का-टाकाआकानकोआः ताला रे हाटिङतान लोः
मौसम विभाग ने बारिश होने की सम्भावना जताई है।	मौसम विभाग गामाएआ मेनते आनागोम तादाएः।
गर्दन को नीचे झुकाकर ठोड़ी को कण्ठकूप में लगाएं।	होटोः लातार तिरुबकेआते ठोड़ि कण्ठकूप रे लागाओएपे।
इसमें उन्होंने पाया कि लेफ्टीज पढ़ाई में कुछ पीछे हैं।	नेआ रे इनिः नामकेदाएः चि लेफ्टीज पाड़ाओ रे बातिरि तायोम ताइनाको।
· पेनी कुल आत्मा भाग्य अगस्त	पेनी कुल रोआ भाग्य हासुर
आज सूरज ने भी अपनी रजाई फेंक दी है।	तिसिङ सूरजो आएआः कानता गिड़ितादाएः।
कोल्हू के बैल जैसे काम करता है।	गाना रेन उरिः चिलका कामिआएः।
टीन प्रीगनेंसी पर मैने पहले भी अपने विचार दिये हैं।	टीन प्रीगनेन्सी चेतान आञ सिदाओ आञाः उड़ुः ओमतादाञ।
सालों तक लात भी बहुत लगाई गई है उसे।	सिरमा सिरमा जाकेद बेसे पादाआकानाएः।
काले काँसे की फौलादी सतह मुझे अचानक जीवन्त सी लगी।	हेनदे कांसा राः पेड़ेःआन चेतान रोका गे जिदजाना लेकाञ टोओरकेदा।
हिंदी का युवा लेखक बड़ा प्रतिभाशाली और प्रखर है।	हिन्दी रेन ओनोलिआ बेसे सेःआन आर चिरगालान मेनाःइ।
तभी शासकीय संस्थाओं की व्यवस्थाओं मैं सुधार हो सकेगा।	तोबे एनाङ सरकाराः सन्साथाको राः व्यवस्था बेसोःआ।
ठन्डे मौसम में मजा दुगुना हो गया।	राबाङ दिन राः रासिका बारसाः हाराओःआ।
जन्मकुंडली के अनुसार भवन सुख का योग देख लें।	जन्मकुन्डली लेकाते ओड़ाः सुकु राः योग लेलपे।
बड़ी जोर की भूख लगी है।	बेसे रेङगेःजाःञा।
भारत में इसे फ़ारसी कहा जाता है।	भारत रे नेआ फारसी काजिओःअ।
अभियंताओ की टीम ने किया दहरबती डेम निर्माण का निरीक्षण	अभियन्ताकोआः टीम दहरबरी डेम लेल मेनतेको सेनोःजाना।
इसमे युवा राम मंदिर के निर्माण का संकल्प लेंगे।	नेआरे युवा राम मन्दिर बाइ राः किरियाको जोमेआ।
थोड़ा सा विवरण उस पृष्ठ पर दे दिया जायेगा।	काटिः उनुदुब एना साकाम रे ओमोगा।
इलाज से कोई फायदा मिलता नहीं दिख रहा था।	रानु ते जेतान फायदा ना लेलोःतानताइकेना।
इस कविता के प्रवाह में पड़कर बहना ही पड़ता है।	नेआ गामुआः लानिङगि रे आतु लागातिङगेआ।
छवियाँ और अधिक खोजें पिकनिक मानते मां और बेटी	छविको ओड़ोः साङगि दांड़ाएपे पिकनिक मानाओतान एङगा आर कुड़िहोनकिन
यह टिप्पणी मुझे सागर ने दिखाई जब वे आनलाइन मिले।	नेआ कानाजि सागरेः लेलरिकालिःञअ चिमतुङ आएः आनलाइन ताइकेनाएः।
नानी और माँ रसोई में थी।	जिआञ आर एङगाञ ताकिन मानडि ओड़ाः रे ताइकेनाकिन।
बूढ़े च्यवन सम्भोग के योग्य हो गये।	हाड़ाम च्यवन देड़े दाड़ि लेका बाइजानाएः।
जंगली जानवरों की गिनती होगी अगले माह	बिर रेन जानवरकोआः लेनेका होबाओःआ हिजुः चानडुः।
कुछ हैं जो बस रूट तक ही आते हैं।	हुड़िङ मेनाःकोआ ओकोएको बस रूट जाकेद गेको हिजुगा।
आजादी चंद दिलों की सुहागरात भी नहीं	रानाड़ा बारिआ-आपिआ दिलको राः सुहागरातो बानोः।
ईसाई और पारसी के भी उत्तराधिकार कानून हैं।	ईसाई आर पारसीकोआः उत्तराधिकार कानून मेनाः।
पग पग पर चल रहा संग तेरी अंगुली थामे मधुकर	चाङगाए चाङगाए रे आम लोः सेनोःताना आमाः काटुः साबकेआते मधुकर
चीजें खरीदने से पहले विचार कर लें।	जिनिस किरिङ सिदा उड़ुःलेम।
उनके लौटने तक मैंने सविता को	इनिः हिजुःरुड़ा जाकेद आञ सविता
मध्यस्थता उत्तरी आयरलैंड के उद्देश्य उत्तरी आयरलैंड में	मध्यस्थता काटाजामबाड़ा आयरलैंड राः कारण काटाजामबाड़ा आयरलैंड रे
जगन्नाथ प्रसाद दास मुख्य अतिथि होंगे।	जगन्नाथ प्रसाद दास मुनु गोमको ताइनाएः।
होली का त्योहार आ चुका है।	होली पोरोब सेटेराकाना।
इसलिए जाति का माल व असबाब उसी का हो गया।	एनामेनते जाति राः माल आर असबाब इनिआः ताइनजाना।
इसीलिए शायद मेरी क्लास में वह	नेआ मेनते इनिः आञाः क्लास रे
पुराना वाले बैग को अवकाश प्रदान कर दिया गया है।	पुरना बैग रे छुट्टि ओमउताराकाना।
वे भीतर ही भीतर बेचैन रहते थे।	इनिः बितार बितार आकालबाकाल ताइनोःताइ ताइकेना।
बस प्रक्रिया में थोड़ी देर हो गई।	नेआ कामि रे हुड़िङ हेड़ाजाना।
बिस्तर छोड़ने को मन नहीं कर रहा था।	पारकोम बागे का सानाजाःञताइकेना।
डबल प्रवेश एमआईएलए टैटू हस्तमैथुन एमिली एडिसन	बारिआ बोनोलो एमआइएलए खोदा तिदेड़ेन एमिली एडिसन
जयप्रकाश जी देश के सच्चे सपूत थे।	जयप्रकाश जी दिसुम रेन सारते होनेः ताइकेना।
तब तक पायल भी खाना खाकर आ गई।	एन लोः पायलो मानडि जोमकेआते हिजुःजानाएः।
लेकिन कभी इसकी जरूरत नहीं रहेगी और	मेनदो जाआं इमतुङ नेआ राः जारुड़ु का ताइना ओड़ोः
आदि अनेक शब्दों के अर्थ भी दिखेंगे।	आदि बेसे टुङको राः ओरोथो लेलोगा।
और भीड़ से अलग है शांतनु का संगीत भी।	एटाः भीड़ ते बिनगा मेनाः शान्तनु राः दुराङको।
दोनों एक दूसरे को ढोंगी और नास्तिक समझते थे।	बारानकिन एटाःनिःए ढोङगि आर नास्तिक मेताइतानताइकेना।
बड़े बाज़ार से जुड़ना उसके अधीन होना है।	माराङ बाजार ते जोड़ेन इनकुआः लातार सेनोः लेका मेनाः।
बहरहाल जैसा है आपके सामने इसे पेश किया।	सेरेओ चिलका मेनाःइ एनका आमाः सानामाङ आउतादाञ।
तैंतीस छात्रों पर जुर्म दर्ज हो चुका है।	आपिगेल आपिआ छात्रको चेतान रे जुर्म ओलउताराकाना।
दलालों ने मेयर से माफी मांगी ली थी।	दलालको मेयर ते माफि आसेउतार लाःको।
मेरे विचार में यह एक अच्छा कदम था।	आञ लेका ते नेआ माजा कामि ताइकेना।
इस फिल्म का निर्माण विजय गालानी कर रहे हैं।	नेआ सिनेमा विजय गालानी बाइजादाएः।
अब मेरे सामने दो रास् ते हैं।	नाआः आञाः सानामाङ बारिआ होरा मेनाः।
वे नक्सलियो की हर चाल को बखूबी समझते हैं।	इनिः नक्सलिकोआः सोबेन चाल बुजाओतानाएः।
वह भी प्रकाशित हो गई।	एनाओ पासाराओजाना।
सच्चाई से हट कर सब कुछ हुआ	सारते होरा ते बिनगा सोबेना होबाजाना।
तप के अंतराल में शिव तथा पार्वती दिखायी पड़े।	लोः राः ताला रे शिव आर पार्वती किन लेलोःजाना।
कंडक्टर के साथ पक्षियों के टकराने के माध्यम से या	कंडक्टर लोः चेंड़ेको टेपेड़ा राः होरा ते चि
न उनमें सूझबूझ है और न ही योग्यता।	इनिआः रे बुनुजाओ बानोः आर दानाड़िओ बानोः।
वहां पर दोपहर का खाना खाया।	एनताः रे तिकिन राः मानडि जोमकेदाको।
एकसा मौसम रहे तो क्या उब न होगी?	मिआद लेका गे होयो दाः ताइनजान रे काचि आसादि गे टोओरोआ।
राष्ट्रीय कार्यकारिणी में इसी पर मंथन होगा।	राष्ट्रीय कार्यकारिणी रे नेआ चेतान विचार होबाओआ।
अब पार्टी स्तर पर लड़ाई लड़ेंगे।	नाआः पार्टी स्तर ते गोपोए होबाओआ।
साल भर पसीना बहाने का विराट को मिला इनाम	सिरमा सिरमा बालबाल दाः जोरोकेदाएः मेनते विराट नेआ इनाम नामकेदाएः।
उर्मिला को भूत के लिए कई पुरस्कार मिले	उर्मिला भूत मेनते बेसे पुरस्कारकोएः नामकेदा।
रसोइयों की नियुक्ति नहीं हो रहा है।	मानडि बाइतानकोआः नियुक्ति का होबाओताना।
सुनने में यह जुमला बेहद आकर्षक लगता है।	आयुम रे नेआ होसोड़ोकाजि सारते लेका गे आयुमोःआ।
रंगभेदी दक्षिण अफ्रीका में एक अश्वेत	रङगभेदी दक्षिण अफ्रीका रे मिआद हेनदे होड़ो
फिर जबलपुर का ट्रैफिक भी तो बहुत खराब है।	ओड़ोः जबलपुर राः ट्रैफिको दो बेसे खराब मेनाः।
सुशील अपनी पत्नी लुइज़ा के साथ आया था।	सुशील आपान ओड़ो होड़ो लुइजा लोः हिजुःलेनाएः।
इस दौरान सुरक्षा व्यवस्था को लेकर पुलिस प्रशासन सतर्क रहा।	ने सोमाए जाङगि व्यवस्था मेनते पुलिस चिरगालाकान ताइकेनाएः।
विचारों में भी तरह तरह की कामनायें बनती हैं।	उड़ुः रेओ एटाः-एटाः लेकाते सानाङ बाइओगा।
सारा सिस्टम क्यों बदल दिया?	गोटा सिसटम चानाः मेनते बादिलिकेदाम?
तुम इसी घर में रहती चली जा सकती हो।	आम नेआ ओड़ाः रेओ ताइन दाड़िआम।
बड़े वी आई पी मैल हो?	माराङ वीआईपी गोनड मेनाःमेआ?
उनका पूरा नाम वसंत कुमार शिवशंकर पादुकोण था।	इनिआः गोटा नुतुम वसन्त कुमार शिवशङकर पादुकोण ताइकेना।
मेरी भी यह हार्दिक इच्छा थी।	आञाःओ नेआ इकिर जी राः सानाङ ताइकेना।
शुक्रवार देर शाम सात बजे लीकेज ठीक हो सकी।	सुक हुलाङ हेड़ा आयुब जाकेद गे नेआ बुः तेपेद दाड़िजाना।
मोर नाचना बंद कर देता है।	माराः सुसुन होकाएआएः।
आपके आगे हम पल्ला नहीं फैलाएँगे।	आमाः सानामाङ आचोड़ो काले पासराओएआ।
लेकिन हो सकता है कि आप कोई बैंक बैलेंस	मेनदो होबा दाड़िओआ चि आमाः जाआन बैंक बैलेंस
ये यात्रा यहीं समाप्त होती है।	नेआ होनोर नेताः गे टुनडूःताना।
आज आप देखिए हीरोज को जरूरत है कैरेक्टर आर्टिस्ट की।	तिसिङ आम लेलमे हीरोकोआः जारुड़ु मेनाः कैरेक्टर आर्टिस्टकोआः।
न शोभते सभा मध्ये हंसाः मध्यें वको यथा।	हन्सकोआः ताला रे बगुला बेस का लेलोगा।
सौंदर्य लहरी संस्कृत श्लोकों की ही एक श्रृंखला है।	सुगाड़ा लहरी सन्स्कृत श्लोकको राः गे मिआद पानति मेनाः।
नईम और गिरिधर भी अपने कुकृत्य पर लज्जित हुए।	नईम आर गिरिधरकिनोः आपान कुकृत रे गिउजानाकिन।
सपेर नागपंचमी के लिए सांप को पकड़ते हैं।	सपेराको नामपन्चमी नातिन बिङको साबकोआको।
के माध्यम से ताजा «उर्वरक सीबीएस लॉस एंजिल्स	होरा ते लोलो << हाराओःलेका सीबीएस लॉस एंजिल्स
राज ठाकरे शव यात्रा में पैदल ही चल रहे हैं।	राज ठाकरे हासा ओम मेनते पैदल गे सेनोःतानाएः।
फिर घूमने को तैयार हो जाती थी	आर होनोर राः सामपोड़ो होबाओआ।
यानि जितना विवादास्पद बयान दें उतनी ही टीआरपी।	चिमनुङ कापाजि लेका काजिआम इमनुङ गे टीआरपी।
रेलवे कार्यालय की दीवार ध्वस्त हो गई है।	रेलवे कामिओड़ाः राः पाचिरि रापुदजाना।
समाज में इन सबकी जरुरत है।	समाज रे नेआको राः जारुड़ु मेनाः।
जालंधर लीगल अथारिटी को मिला उत्तर जोन में प्रथम स्थान	जालन्धर लीगल अथारिटी नामकेदाएः काटाजामबाड़ा जोन रे सिदाउतार टाआंओ।
हमारे अध्यापक जो आगे बढने मे आपकी साहायता करे	आलेआः टीचर ओकोए आयार सेनोः रे देङगाएआ।
ऐसी हिंदी से तो अंग्रेजी ही भली थी	नेकान हिन्दी ते दो अङग्रेजी गे बेस ताइकेना।
किया तो यही समय उचित प्रतीत	रिकाएआम दो नेआ सोमाए गे टीकी टोओरोःआ।
हरेले आदि पर्वों पर मिट्टी के डिकारे बनाए जाते है।	हरेले पोरोबको रे हासा राः डिकार बाइओःआ।
डाइबिटीज को रखेगा हरदम कंट्रोल ये देसी तरीका	डाइबिटीज का हारा रिकाएआ नेआ हातुरानु
इस चौथे चरण के अपने चार चरण हैं।	नेआ उपुनिआतेआ चाङगाए राः उपुनिआ चाङगाए मेनाः।
अब तक पीछे का रिक्शावाला भी आ गया।	नाआः लोः दो तायोम रेन रिक्शाओ हिजुःजानाएः।
सावा खिलाड़ी भागीदारी अभ्यास स्वस्थ वसूली	तारालेका खिलाड़ी लापाः हेनेओआ जी बुगिन टाका आउ
कुछ देरी में जो जम के	हुड़िङ खोन रे जोर ते
उन्हें उँगलियों के बीच से अन्दर किया।	एनाको काटुःकोआ ताला ते बितार आउकेदा।
इसके बाद सुबह इनका छिलका उतार कर बारीक पीस लें।	नेआ तायोम ते सेताः नेआको राः चोका ओचोःकेआते माजा ते रिदलेपे।
आपका व्यक्तित्व आकर्षण एवं मोहकता से भरा हुआ था।	आमाः जी रानाचाः आर सुनुकु ते पेरेःआकाना।
हर दिन मुझे सूखा पेड़ बनाते जाते है	दिनाकि आञेः रोओड़ दारु बाइरिकाजादाएः।
हम ना प्यार ना महोब्बत करते हैं	आले प्यारो का महोब्बतो काले रिकाएआ।
उनकी राजनीतिक महत्वाकांक्षाएं दुनियादारी की इच्छाओं से बड़ी हैं।	इनिआः राजनीतिक सानाङ दुनियादारी राः सानाङ ते माराङ मेनाः।
हरा धनिया से इसकी गार्निशिंग करके सर्व करें।	गादेद धनिया ते नेआ गार्निशिङ केआते नेआ लूएपे।
सभी बच्चों को क्रम से लाइनों में बिठाया गया था।	सोबेन होनको पानति ते दुबरिकालेनाको।
शाम को घर में कोई नहीं था।	आयुम ओड़ाः रे जेताए काएः ताइकेना।
किसी को एक कप चाय पिला नहीं सकते।	जाआंएको मिआद कप चाप काएः आनु दाड़िकोआएः।
देखभाल रोज़मर्रा की आदत में शुमार हो गया है।	लेलहोरो दिनाकि राः हेओआ रे जामानजानाएः।
उनके भोजन का इंतेज़ाम सैयद साहब के घर पर था।	इनिआः मानडि सैयद सायोबाः ओड़ाः रे बाइलेना।
इसकी अनुभूति ही कुछ अलग है।	नेआ टोओर गे एटाः ताइकेना।
खोरधा आरंभ में उड़ीसा शासकों की राजधानी थी।	खोरदा एनेटेः रे उड़ीसा रेन राजाकोआः राजधानी ताइकेना।
मेरे साथ स्नातक में दो लड़के पढ़ते थे।	आञ लोः स्नातक रे बारिआ कोड़ाकिन पाड़ाओतानकिन ताइकेना।
यह सब सोचना खुद रुक गया।	नेआको राः उड़ुः आपान ते होकाजाना।
यहाँ तक कि उनकी फ़र्म इंगलेंड में भी है।	नेताः जाकेद चि इनकुआः फर्म इन्गलैन्ड रेओ मेनाः।
मैदान में खिलाड़ी अनमन मन से सुस्त बैठे थे।	इनुङ पिड़ि रे खिलाड़ीको बेगार जी ते को दुबाकान ताइकेना।
संचालन जिलाध्यक्ष ज्ञान सागर अम्बेडकर ने किया।	चालाओ राः कामि जिला रेन अध्यक्ष ज्ञान सागर अम्बेडकर रिका केदाएः।
एहि सब परियोजना क कार्यान्वयन पर विस्तृत चर्चा भेल।	नेआको गे परियोजना राः कार्यान्वयन राः जिलिङ चारचा मेनाः।
जादा झन मारीन नई तो मर जाही बेर्रा मन।	साङगि गोजो रे का गोजोगा आपान जी।
तब जाकर यह घोटाला सार्वजनिक हो पाया।	तेबा दाङ नेआ घोटाला सोबेनको इतुकेदा।
अब लोकतंत्र की यह रवायत बुस गई है।	नाआः लोकतन्त्र राः सेङगेल एड़ेःजाना।
आपको क्या कहकर बुलाते हैं गौतम?	आम चानाः एटाः नुतुम ते को राः मेआ गौतम।
तब तक सब कुछ भली प्रकार निपट चुका था।	एनलोः सोबेनाः बेस लेका ते गे होबाउतारलेना।
यह फैसला कोर्ट के आदेश के कारण लिया गया है।	नेआ फैसला कोर्ट राः आदेश मेनते आउआकाना।
डोमनियों के जो रूप में सारंगियाँ छेड़ छेड़ सोहलें गाओ।	डोमनको जे रूप रे सारङगि साड़ि साड़ि दुराङेपे।
हमने मेन टू मेन रखा है।	आले मेन टू मेन जोगाओतादा।
इसके प्रथम गुरु थे गुरु नानक देव जी।	नेआ रेन सिदाउतार गुरू ताइकेनाएः गुरु नानक देव जी।
रिश्तों के जंगल में तबसे हूं यूं ही भटका हुआ।	नाता राः बिर रे एन सोमाएआते नेका गे होनोरतानाञ।
श्रद्धालु नहाने व आचमन के लिऐ भटकते नजर आये।	बोङगातानको डेबेल आर आचमन नातिन होनोराकानको लेलजाना।
पुलिस ने जांच शुरू कर दी है।	पुलिस जांच एटेःतादाएः।
शाऊल और उसकी बची सेना ने गिलगाल को छोड़ दिया।	शाऊल आर इनिआः पालटानको गिलगाल बागेकेदाको।
राजधानी समेत कई ट्रेनों को भीड़ ने रोक लिया।	राजधारी लोः एटाः ट्रेनकोओ भीड़ तिङगु रिकाकेदआ।
ब्लाग देवीयों की दशा सोचनीय सी हो रखी है।	ब्लाग देवीकोआः हालत उड़ुःआकान गे होबाओताना।
बधाई। आशा है हमें अपना यह पक्षी मिल जाएगा।	रासिका जोआर! सानाङ मेनाः चि आपेआः ने चेंड़े नामोगाएः।
आवश्यकता आविष्कार की जननी होती है।	जारुड़ु बानाइ राः एङगा ताइनाएः।
ये आज भी छात्रों का फेवरेट है।	नेआ तिसिङो छात्रकोआः सुकु मेनाः।
आरोपी व पद छापे की तारीख मिलीसंपत्ति	आरोपी आर पद छापा रेआः दिन नामजाना टाका-सिका
यीशु अपने अनुयायिओं को खुश देखना चाहते थे।	यीशु आपान चेलाकोएः रासिका रे ताइनोः लेल सानाङाएः।
साफ है हर आसन एक योनी से सीखी गई होगी।	इतुओःताना चि सोबेन आसन जाआंए योगी ते इतुलेना।
जिसमें जमीनों के अधिग्रहण का मामला आया।	ओकोआ ते ओते अधिग्रहण राः मामला हिजुःजाना।
इस दौरान पुलिस ने कहीं भी गाड़ी को नहीं रोका।	ने ताला रे पुलिस जाआं ताः गाड़ि काएः तिङगु रिकाकेदाएः।
मजरुह सुल्तानपुरी की कलम का जादू देखिये।	महरुह सुल्तानपुरीआः कलम राः जादू लेलपे।
मुंबई क्रिकेट एसोसिएशन के सुनील चतुर्वेदी मैच रेफरी होंगे।	मुम्बई क्रिकेट एसोसिएशन रेन सुनीन चतुर्वेदी मैच रेन रेफरी ताइनाएः।
आज यह दुनिया का सबसे बड़ा बाजार है।	तिसिङ नेआ दुनिया राः सोबेनको ते माराङ पीटी मेनाः।
हिंदी के अनेक लेखक और संपादक इसमें मौजूद थे।	हिनदि रेन बेसे ओनोलिआ आर सोतोबाइको ताइकनेा।
नौसादर और चुने से बनी हुई छार	नौसादर आर गाटि ते बाइआकान छार
यह चम्बल नदी के किनारे बसा हुआ है।	नेआ चम्बल गाड़ा जापाः रे मेनाः।
पौने बारह बजे उनकी आँखें खुली थीं।	पौने बारह बजे इनिः आरिदाकान ताइकेनाएः।
ई मेल भेजने के द्वारा पैसे कमाएँ	ईमेल कुलकेआते टाका नालाएपे।
उसके वजूद को सिर्फ महसूस किया जा सकता है।	इनिआः ताइन आगाम बाआरि आगाम दाड़िओःआ।
हमारा जीवन चक्र ग्रहों की गति और चाल	आले जिदान चक्र ग्रहको राः सेसेन
आब मात्रा सही नहि बसि रहल छैक।	नाआः मात्रा टीकि बानोः मेनदो ताइनोःमे।
यहाँ से सीधे ब्लॉगर पर जाइए पंजीकृत होने के लिए।	नेताः ते सोओज ब्लागर ताः सेनोःमे ओलोः मेनते।
ड्राइवर के मुंह से खून तक फूट पड़ा था।	ड्राइवराः मोचा ते मायोम राटि लिङगि लेना।
लेकिन लिब्राहन के फैसले से क्या निकलता है।	मेनदो लिब्राहन राः फैसला ते चानाः उड़ुङजाना होनाङ।
भटकने के लिए दिशा तय करना जरूरी नहीं है।	होनोर नातिन दिशा इतु जारुड़ु बानोः।
उसका मन मानस स्वच्छ होने लगता है।	इनिआः जी होड़ोमो बुगि एटेगोआ।
फिर कोई खुशी भी तो नहीं	एना ते जाआन सुकुओ दो बानोः।
यहाँ आकर बहुत बदल गई है।	नेताः हिजुःकेआते बेसे बादिलिजानाएः।
दस बजे तक नाश्ते में इडली और पोंगल।	दस बजे जाकेद लोआड़ि रे इडली आर पोङगल।
इससे पढ़ाई भी प्रभावित होती है।	नेआ ते पाड़ाओओ टोगोगा।
पूरे चुनाव में सर्वेक्षण नहीं हुए।	गोटा चुनाव रे सर्वेक्षण का होबाआकाना।
जिसके प्रति प्रबंधन पूरी तरह उदासीन है।	ओकोएआः नातिन प्रबंधन जागार काएः आयुमजादाएः।
इसलिए जरूरी है कि युवा आगे आएं।	एनामेनते जारुड़ु मेनाः चि नावा होड़ोको आयार हिजुःकाको।
अब सिर्फ प्रतिभा से कुछ नहीं होता।	नाआः सेएः ते बाआरि जेताना का होबाओआ।
और कुछ ही क्षणों में उसका ब्लाउज खोल दिया।	आर हुड़िङ खोन रे गे इनिआः ब्लाउज ओचोःकेदाएः।
कारोबार की प्रकृति अति महत्वपूर्ण कारक है।	कारोबार राः प्रकृति बेसे मानाराङ जिनिस मेनाः।
एक ब्राह्मण नागवंशी पुत्राों को पढ़ाने आता था।	मिआद बामड़े नागवन्शी कोड़ाकोएः पाड़ाओ मेनते हिजुःतानेःताइकेना।
उनके मेवाड फ़िर लौटने का कोई प्रमाण नहीं मिलता।	इनिआः मेवाड रुड़ा राः जेतान सबुत का नामोगा।
ये कहनि ऐसेहि एक कितब से है।	नेआ काआनि ने लेका मिआद किताब ते मेनाः।
फिलहाल वह सीकर में जेल में बंद था।	नाआः इनिः सीकर रेन जेल रे मेनाःइ।
सोफी की मुलाकात विकी से होती है।	सोफी विकी लोः नापामतानाएः।
इस घटना से गाँवों में मातम छा गया।	नेआ होबालेनाः ते हातु रे सोबेनको दुकुजाना।
कोई भी निर्णय पूरी कार्यकारिणी द्वारा लिया जाता है।	सोबेन निर्णय कार्यकारिणी गे आउएआ।
आपके और अन्य कुछ मामलों में यही किया गया।	आमाः एटाः मामलाको रे नेआ गे होबाआकाना।
और मुझे दुनिया की बांहों में सौंप दिया था।	आर आञेः दुनिया ताला ते बागेकिःआएः।
चीनी मिलों के जरीये गन्ना किसान को फकीर बनाया गया।	चीनी मिलकोआः होरा ते गुड़ डानडाः किसानको फकीर बाइलेनाको।
ऐसी ही एक गर्मी के दिनों का ये किस्सा है।	ने लेका गे मिआद जेटे-सिङगि राः नेआ जागार मेनाः।
दूसरा सरकार में कौन कौन से दल शामिल होंगे?	बारिआतेआ सरकार रे ओकोआ ओकोआ दलको जामानाको।
अज़ीज़ इतना ही रखो के जी सँभल जाये	अज़ीज़ निमनाङ गे जोगाओएपे चि जी सामबाड़ाओका।
वेद के मन्त्रों में सुंदरता भरी पड़ी है।	वेद राः मन्त्रको रे सुनुगाड़ा पेरेःआकाना।
पुल यही तो एक अच्छा काम करते हैं।	पुल नेआगे दो बुगिन कामि कामिआ।
बाकी पाठक के अपनी समझ और विवेक पर रहेगा ही।	आर पाड़ाओतानिः दो आपान सेंड़ा रे ताइनोःगेआ।
जल्दी जल्दी कदम बढाने पर उनके पास पहुंच गया।	सेकड़ा सेकड़ा चाङगाए के रे इनिः जापाः तेबाः केदाञ।
इसमें रामनिवास गंभीर रूप से घायल हो गया।	नेआ रे रामनिवास साङगि गे टोओजानाएः।
अब थोडा रुप बदल गया है।	नाआः काटि रुप बादालाओआकाना।
तीन बरस के अपने बच्चे से खेलता हुआ।	आपि सिरमा रेन आपान होन ते इनुङतान लोः।
आज हमारे देश के दर्शन में गतिरोध की स्थिति है।	तिसिङ आले दिसुम राः दर्शन रे होनोका राः स्थिति मेनाः।
कवि अशोक चक्रधर भी अभी वहीं हास्पिटल में मौज़ूद हैं।	दुराङ हारिआ अशोक चक्रधरो नाआः एनताः हस्पताल रे मेनाःइ।
फड़कते हुए नथुने शांत हो गये।	राकाबोःतान मूं होकाजाना।
उन्होंने वहां लोकसभा एवं विधान सभा के चुनाव भी लड़े।	इनिः एनताः लोकसभा आर विधानसभा राः चुनावो गोपोएःजाना।
जैनुअन विंडो एडवांटेज प्रॉब्लम का हल	जेनविन विनडो एडवानटेज बालाए राः काजिरुड़ा।
यहाँ तो एक से बढ़ कर एक हैं?	नेताः दो सोबेन माराङगेआको।
केजरीवाल ने जवाब अन्ना को भिजवाया है।	केजरीवाल अन्ना ताः काजि कुलकेदाएः।
इसके बाद बारी आती है कार लोन आदि की।	नेआ तायोम हिजुगा जागार कार लोनको राः।
बाबू जी को इस सभा का सदस्य चुना गया।	बाबू जी नेआ दुनुब रेन सदस्य सालालेनाएः।
युवाओं के लिए रोजगार की बात नहीं कि गई है।	नावा होड़ोकोआः नातिन कामि राः जागार का होबाआकाना।
गांधी वध क्यों? नत्थू राम गोडसे के विचार	गान्धी गोएः चानाःमेनते? नत्थू राम गोडसे राः उड़ुःको
अंधेपन तक पहुंच सकती है नौबत।	जाला जाकेद नेआ तेबाः दाड़िओःआ।
जब खून किसी का होता है	चिमतुङ जाआंएको गोएःइआ।
इस विधि में पचासवे तारे का नाम	नेआ विधि रे मोडेगेलतेआ इपिल राः नुतुम
के खेल चलायें वीडियो में लिंग सत्र »	राः इनुङ चालाओपे वीडियो रे देनेड़े सत्र
वह पार्टी में सबसे लोकप्रिय नेता हैं।	इनिः पार्टी रेन सोबेनको ते सुकुआन नेता मेनाःइ।
परंतु इसे प्रमाणित करना थोड़ा मुश्किल होता है।	मेनदो नेआ सारते मेनाः लेल रिका मेनते बेसे बालाए मेनाः।
मन्दिर बेलगाम नगर के बीचोबीच शहापूर मार्ग पर है।	मन्दिर बेलगाम नगर ताला रे नुतुमान होरा रे मेनाः।
निर्माण और शिक्षण सामग्री पर सबसे ज्यादा खर्चे हुए।	बाइ आर पाड़ाओ जिनिस रे सोबेनको ते साङगि टाका लागाओआकाना।
बगल में एक नया मकान बन रहा था।	जापाः रे मिआद ओड़ाः बाइओःतानताइकेना।
बग़ैर काम के तो कोई मज़दूरी नहीं होती।	बेगार कामि राः जेतान नाला का नामोगा।
राबिया अपने घर में बैठी थी।	राबिया आपान ओड़ाः रे दुबाकान ताइकेनाएः।
नीर भी है उतना ही प्यासा	दाःओ इमनुङ गे तेताङताना।
सक्सैस रिव्यू आदि में देखे जा सकते हैं।	सक्सैस रिव्यूको रे नेआ लेल दाड़िओःआ।
उनके पिता दुर्गानंद जिंटा भारतीय थलसेना में अफसर थे।	इनिआः आपुते दुर्गानन्द जिन्टा भारत राः पालटान रे अफसर ताइकेनाएः।
धनोलटी की आबोहवा चंदगीराम को रास आई।	धनोलटी राः होयो चन्दगीरामेः सुकुकेदाएः।
भयानक स्वपनों द्वारा वे जाग गए।	बोरोआन कुमु ते इनिः बिरिदजानाएः।
पर अब उसका कही पता नहीं था।	मेनदो इनिआः नाआः जेता ताः रे इतु बानोः।
राजनीति में रहकर महत्वाकांक्षी होना कोई बुरी बात नहीं है।	राजनीति रे ताइकोःआते माराङ सानाङ जोगाओ जेतान का-बुगिन जागार बानोः।
पा में मैंने हल्के बॉर्डर वाली सिंपल साड़ी पहनी है।	पा रे आञ एताङ बॉर्डर राः सिम्पल साड़ी तुसिङलाःञ।
इस फोड़े में पीप या पस बन जाता है।	नेआ पुसरि रे सोनदोरो कारेदो पीप बाइओगा।
सदियों पुराने एक खंडहर में शरण ली	माआरि पोआः बङगला रे आङकेदाएः।
लगन लगी को नाथ चरण की।	होबा होबाओका काटा नाथ राः।
फिर उन्हें भैंस के सार में डाला गया।	ओड़ोः इनि केड़ाआः बोओः रे सानजुकेदा।
इसमें कंम्पयूटर और इंटरनेट की बड़ी भूमिका होनेवाली है।	नेआ रे कम्पयूटर आर इन्टरनेट राः माराङ ति ताइना।
लेखक का भी अनुमान सही निकला।	ओनोलिआ टीकी गे टोओरलाःएः।
मौनी अमावस्या स्नान की पहली तस्वीरें	मौनी अमावस्या डेबेल राः सिदाउतार फोटो
लेकिन रोग पर चिंताएं भी खूब जताई जा रही हैं।	मेनदो रुआ रे उड़ुःओ साङगि होबाओताना।
कैस्टर सीड में बिकवाली से कमाएं मुनाफा	कैस्टर जाङ आकरिङकेआते तेलाएपे टाका।
दूसरा भागने में कामयाब हो गया।	एटाःनिः निर दाड़िजानाएः।
मध्यप्रदेश में कितने परिवार गरीब है।	मध्यप्रदेश रे चिमनाङ होड़ोको टाका काको बोसाताना।
बच्चों के रोगोपचार की एक शाखा कुमारतंत्र कहलाती है।	होनकोआः रुआ हार राः मिआद सेंड़ा कुमारतन्त्र काजिओःआ।
तब जीवन के कुछ मुल्य थे।	एनाङ जिनिद राः जाआंन होराको ताइकेना।
इस पशु के पैर छोटे होते हैं।	नेआ ते उरिः-मेरोमकोआः काटा हुड़िङोःआ।
उससे जवाब देते नहीं बन रहा है।	इनिः काजि का मुनडिजादाएः।
के तकनीकी सहयोग से लगाया जा रहा है।	राः तकनीकी देङगा ते लागाओःताना।
ऊपर नीम पर बैठी चील चीख रही	चेतान नीम दारु रे दुबाकान कुड़िद राःतानताइकेनाएः।
हमारी लड़ाई तो भ्रष्टाचार से है।	आलेआः गोपोएः दो भ्रष्टाचार ते मेनाः।
कोई आता है तो थोड़ी सी बातचीत।	जाआंए हिजुगा दो काटिःलेका जापागार।
हमारी चिकित्सा पद्धति भी बहुत उन्नत थी।	आबुआः रानु राः सेंड़ाओ आयार गे ताइकेना।
जितनी बड़ी कुत्ते की डिग्री उतनी ज्यादा कुत्ते की कीमत।	चिमनुङ माराङ सेताआः डिग्री इमनुङ माराङ सेता राः गोनोङ।
सम्बन्धों की गहराई का आधार ही है प्रेम और भाईचारा।	नाता राः इकिर गे दुलाड़ा आर सोङगोति राः खुंटा मेनाः।
वहाँ शायद वर्ल्ड वाइड वेब में ध्यान के लिए	एनताः जा वर्ल्ड वाइड वेब राः ध्यान नातिन
सम्पूर्ण शिक्षातंत्र बसपा राज में अस्त व्यस्त हो गया है।	गोटा शिक्षातन्त्र बसपा राज रे हेनसाः नासाः होबाआकाना।
यह आयाराम गयाराम के जमाने से पहले की बात है।	नेआ आयाराम गयारामकोआः जूगु ते सिदा राः जागार मेनाः।
कहीं इस हादसे से गोवा की	नेआ हादसा ते गोवा राः
इस प्रकार भुवनेश्वर वर्तमान में एक बहुसांस्कृतिक शहर है।	ने लेका ते भुवनेश्वर तिसिङ मिआद सेलेद सासाङकिर राः शहर मेनाः।
पर मुझे अपने से भी ज्यादा	मेनदो आञ आञाः तेओ साङगि
वायु और सूर्य्य का नाम इन्द्र है।	वायु आर सूर्य राः नुतुम इन्द्र मेनाः।
जब कोई भला आदमी घोड़ागाड़ी पर चढ़के पक्की सड़क के	जाआं इमतुङ माजा होड़ो घोड़ागाड़ि रे देःकोःआते पक्का सानडाका राः
उम्मीदवारों के दावों का आंकलन एक समिति करेगी।	उम्मीदवारकोआः कानाजि राः तुला मिआद समिति रिकाएआ।
कितना टाईम है यार लोगों के पास।	चिमनुङ सोमाए मेनाः गाति होड़ोको ताः।
बात करें अन्ना की टीम की।	जागाराबु अन्ना राः टीम राः।
दोनों ने ही मिलकर फ्लैट्स के दाम दोगुने कर दिए।	बारानकिन मिसा ते फ्लैटकोआः गोनोङ बारसा रिकाकेदाको।
आज मैं वयस्क हो चुकी हूं।	तिसिङ आञ सेपेड़ेद बाइउताराकानाञ।
इस साल भी चौथी तिमाही गोल्ड के लिए बेहतर होगी।	ने सिरमाओ उपुन आपिचानडुः सामडोम नातिन माजा ताइना।
उनके परिवार में पत्नी और दो बच्चे हैं।	इनकुआः ओड़ाः रे आएआः होड़ो आर बारिआ होनकिन मेनाःकिना।
नवीनचंद्र रामगुलाम बिहार आकर बहुत खुश हैं	नवीनचन्द्र रामगुलाम बिहार हिजुःकोःआते बेसे रासिका तानाएः।
अब सीबीआई की इस दलील को और बल मिलेगा।	नाआः सीबीआई राः नेआ जागार ओड़ोः पेड़ेगोआ।
पिछले बरस भी मैं अपने अंडे छोड आयी थी।	मा सिरमाओ आञ आञाः जारोमको बागेउतारलाःञ।
को भी वोट प्राप्त हुये हैं।	ओः वोट नामतादाएः।
होंडा ब्रायो एटी और होंडा ब्रायो डीजल	होनडा ब्रायो एटी ओड़ोः होनडा ब्रायो डीजल
सारी फालतू पूँजी वहीं समेट दी गई।	सोबेन फालतू टाका एनताः गे साकिदजाना।
डिप्रेस होने पर ही आडिएंस जुड़ाव महसूस करते हैं।	डिप्रेस होबाजान रे गे आडिएन्स सानाब टोओरेआको।
परन्तु शीघ्रता करने से शक्ति संग्रह न हो सका।	मेनदो सेकड़ारिका ले रे पेड़ेः सोतोः का दाड़िजाना।
उनकी पतोहू गीता देवी कार्यकत्री है।	इनिआः किमिन गीता देवी कामितानिः मेनाःइ।
ढंग से कानून व्यवस्था बनाए रखना है।	माजा ते कानून जोगाओबाइ लागातिङा।
राजनेता भी यही भाषा बोलते हैं।	राजनेता ताको नेका गे काजिआको।
मैं उस देवी के योग्य न था।	आञ इनिआः नातिन बेस काञ ताइकेना।
भारतीय रेलवे की ये खबर आपको दुखी कर देगी	भारतीय रेलवे राः नेआ खोबोर दुकुपेआ।
यहाँ अनेक राजकीय अस्पताल और दवाख़ाने हैं।	नेताः बेसे राजकीय आस्पताल आर रानुदोकान मेनाः।
यह नाम भी निर्गुण संतों की अवधारणा के अनुरूप है।	नेआ नुतुमो निर्गुण सन्तकोआः उड़ुःको लेकागे मेनाः।
मैं आपके पीछे खड़ा हूँ। घंटा	आञ आमाः तायोम रेञ तिङगुआकाना। हाके
सर्किट हाउस बुलाया तो नहीं आए।	सर्किट हाउस केड़ालेनाएः दो काएः हिजुःजानाएः।
परिवार असुरक्षित होते जा रहे हैं।	ओड़ाः दुआर बोरो रे ताइनोःताना।
अब तो यह भी जाता रहा।	नाआः दो नेआओ सेनोः एटेःजाना।
फलस्वरूप मैं सारा समय अनुवाद कार्य में जुट गया।	एन मेनते आञ आञाः सोबेन सोमाए जागार उलथा कामि रे जुलुङेनजानाञ।
ये हैं हमारे नए मीडिया मुगल	निकु मेनाःकुआ आबुआः नावा मीडिया मुगल
परिवर्तन क्या आपका स्नानगृह और रसोई फैंसी बना सकते हैं?	बादिलि आमाः डेबेल ओड़ाः आर मानडि ओड़ाः फैन्सी बाइ दाड़िओःआ चि?
तो इसका असर हमारे बीवियों के चुनाव पर भी होगा।	तोबे नेआ राः असर आलेआः ओड़ाः होड़ो साला रेओ होबाओआ।
वे पहली बार विधायक चुने गए हैं।	इनिः सिदासाः विधायक सालाआकानाएः।
बस्ती के बच्चे मिले उस रोज़	बस्ती रेन होनको नामआइको दिनाकि
उन्होंने दावा किया कि अभी आगे भी छापेमारी जारी रहेगी।	इनिः मेनजादाएः चि आयार तेओ छापामारि होबाआकान गे ताइना।
संपर्क करने पर वह उचित जवाब नहीं दे पाता है।	कुलिलि रे इनिः बेस लेका ते जवाब काएः ओम दाड़िआ।
उनका वार अपने ही सिर पर पड़ा।	इनिआः ताम आएआः बोओः रे गे उयुःजाना।
प्रसाद बांटकर दोनों युवक चले गए।	प्रसाद हाटिङकेआते बारान दाङगाड़ाकिन सेनोःजाना।
और इनमें न्याय की गहरी भावना होती हैं।	आर निकु रे न्याय राः इकिर भावना ताइना।
मैं वह हैती में कहा जाता है के रूप में	आञ इनिः हैती रे काजिओःआ राः रूप रे
अपनी शादी की शैली का पता लगाएं	आपान आड़ानदि राः शैली इतुनपे
लेकिन केवल तीन ट्रेड यूनियन ही बैठक में शामिल हुए।	मेनदो आपि ट्रेड यूनियनको गे दुनुब रे हिजुःजानाको।
काजोल और शाहरुख के रोमांस वाला भाग बेहतरीन है।	काजोल आर शाहरुखकिनाः रोमान्स राः हानाटिङ माजा मेनाः।
संचयित जल का महत्व बढ़ता जा रहा है।	बिड़िसिर रिकाआकान दाः राः मानाराङ हाराओःताना।
जय हिंद कहिये और भ्रस्टाचार से लड़िये	जय हिन्द काजिपे आर भ्रष्टाचार ते गोपोएःपे।
फ़िल्म इंडस्ट्री की कौन सी बात आपको नापसंद हो?	फिलिम इन्डस्ट्री राः ओकोआ जागार बेस काम टोओरेआ?
उसने कहा कि हमने पहली बार इनको देखा है।	इनिः काजिकेदाएः चि आञ तिसिङ एनाम लेलजाःइआञ।
इंशाअल्ला सरकार से आपको भी इसका इनाम मिलेगा।	इंशाअल्ला सरकार साः ते आमो नेआः राः इनाम तेलाएका।
आपकी प्रतिक्रिया की प्रतीक्षा रहती है।	आमाः काजिरुड़ा राः ताङगिआञ।
उचक्के और बेईमान और बदमाशों के पास भी होता है।	कुमबुड़ु आर जुमबुड़ि आर एदकानको ताःओ ताइना।
उपनिवेशवादियों ने भी ऐसा ही किया।	उपनिवेशवादीकोओ नेका गे रिकाकेदा।
शिक्षा से ही विनम्रता और संस्कार आते हैं।	पाड़ाओ ते गे विनम्रता आर सासाङकिर हिजुगा।
रतन क्या यही अहसास है?	रतन नेआ गे अहसास मेनाः?
कांग्रेस को सबसे ज्यादा नुकसान आंध्रप्रदेश में होगा।	कांग्रेसाः सोबेनकोताः ते साङगि नुकसान आंध्रप्रदेश रे होबाओआ।
रूकइया को यह देखकर बडा मजा आया।	रुकइया नेआको लेलकेआते बेसे माजा टोओरकेदाएः।
बाजार और बिकनी के चंगुल में गीतकार और संगीतकार	बाजार आर बिकनी राः कोनोटोङ रे दुराङतानको आर साड़ितानको।
त्वाडी वी तसल्ली हो जावेगी ते बिरादरी वी	आमोः तसल्ली होबाओआ दो बिरादरी राः
जबकि तीसरा आरोपी सतीश हरपाल का नजदीकी दोस्त है।	एनकादो आपेआतेा आरोपी सतीश हरपालाः नाड़ेःउतार सोङगे मेनाःइ।
का आदेश दिया है संयुक्त राष्ट्र प्रतिनिधि	राः आदेश ओमतादाए सन्युक्त राष्ट्र प्रतिनिधि
तीसरे सत्र में हिन्दी कविता के बारे में चर्चा हुई।	आपिआतेआ सत्र रे हिन्दी गामु बारे रे चारचा होबालेना।
जिसका जितना और जैसा पाप है।	ओकोएआः चिमनुङ ओड़ोः चिलका पाप मेनाः।
इस बजट बाजार से कोई खाली हाथ नहीं जाएगा।	ने बजट बाजार ते जेताए इपाए ति काएः सेनोगाएः।
मिट्टी की सतह और दबाव भी खूब पहचानते थे।	हासा राः चेतान आर सिनिपुद माजा ते चिनाजादताइकेनाएः।
सोचने से खतरा है सच बोलने का	उड़ुः ते बालाएआन मेनाः सारते जागार राः
उनकी सबसे अधिक रचनाएँ अंग्रेजी में हैं।	इनकुआः सोबेनकोआते साङगि ओनोल अङग्रेजी रे मेनाः।
सूचना पाकर पुलिस मौके पर पहुंची और शव बाहर निकाला।	खोबोर नामकेद चि पुलिस एनताः तेबाःकेदाएः आर होड़ोआः होड़ोमो बाआर उड़ुङकेदाको।
मैंने भी उसका साथ दिया।	आञो इनिः देङगालिःआञ।
इसके भीतर का पानी धुँआ हो गया	नेआ बितार राः दाः सुकुलजाना।
गैनन तिब्बत स्वायत्त क्षेत्र काउंटी के झांउकू	गैनन तिब्बत स्वायत्त टाआंओ काउंटी राः झांउकू
और अशोक सुंदरी फुट फुट रोती है	आर अशोक सुगाड़ा कुड़ि काकाला काकाला इआमेआएः।
वह संबंध अभिशाप बन जाता है।	एना सोमबोन्ध अभिशाप बाइओगा।
उसके बाद अंजू को महिपालपुर स्थित घर छोड़ आये।	एन तायोम अन्जू महिपालपुर राः ओड़ाः रे बागेकिःआ।
परंपराओं की जड़ बहुत गहरी हैं।	दोस्तूर राः रेएद बेसे बितार जाकेद मेनाः।
उसने अपनी सहेली अफसाना को बताया।	इनिः आएआः गाति अफसानाएः उदुबकिःआ।
स्रोत कोड कंपाइल करके सॉफ्टवेयर स्थापित करना	सेतेङ कोड साङगोमकेआते साफ्टवेयर तिङगुरिका
असंवेदनशीलता की यह पराकाष्ठा ही थी।	का-उड़ुः नेआ ते माराङ का दाड़िओःआ।
इसलिए भारतीय इस शो को देखने से वंचित रह गए।	नेआमेनते भारत रेनको नेआा शो लेल काको दाड़िजाना।
एक ही कंबल में लिपटे हुए	मिआद गे कानता रे बुरुमाकान
आपूर्ति निरीक्षक ने महिला से की छेड़छाड़	आपूर्ति निरीक्षक मिआद कुड़ि लोः का-बुगिनाः रिकाकेदाएः
पहले प्रश्न का उत्तर आवश्यक नहीं है।	मिआदतेआ कुनुलि राः उत्तर जारुड़ु बानोः।
अब मीडिया ही ऐसी हरकतें करेगा।	नाआः मीडिया गे नेका कामिआएः।
ऐसे में इस क्षेत्र से बचना चाहिए।	नेका रे नेआ क्षेत्र ते बानचाओ लागातिङा।
आपकी कुण्डली में सम्मान पाने के कई योग हैं।	आबेनाः कुण्डली रे माइन नामोः राः बेसे योग मेनाः।
काम कुछ भी कायदे से नहीं हो पाया थ्ाा आज।	कामि मिआदो बेस लेका ते का होबाजाना तिसिङ।
दीमक के श्रमिक ही हानिकारक होते है।	निनदिरकोआः कामिआको गे जोमतानको ताइना।
ऐसी कन्या बड़े भागों से मिलती	नेकान कुड़ि राबाल ते काएः नामोःआ।
क्यों नहीं की कोशिश करो क्रिकेट खेल	चानाः मेनते काम कोशिशकेदा इनुङपे क्रिकेट
अन् यथा ज् योतिष समझ में नहीं आ सकता हे।	कारेदो ज्योतिष का बुजाओ दाड़िओःआ।
हवलदार ने आगे बढ़कर उसका रास्ता रोक लिया।	हवलदार आयार हिजुःकोःआते इनिआः होरा कोटोङकेदा।
शरीर अपवित्र हुआ तो त्याग दूंगा।	होड़ोमो गोनडजान रे दो बागेएआञ।
संता ने शेर को खुला ही छोड़ दिया	सन्ता कुलाएः नेका गे राड़ाकिःआ।
कई बार विवादो में आया विद्यालय	बेसे बार विवाद रे ताइनजाना इस्कुल
वह उत्तम पत्नी ही है।	इनिः माजाउतार ओड़ाः होड़ो मेनाःइ।
जो यहाँ से किसी तरह विदा हुए	ओकोए नेताः ते जाआं लेका ते लेलकुलजाना।
भाई जी सिर पर आ पहुँचे थे।	भाई जी बोओः जाकेद तेबाःलेदाएः।
विदेशी मुद्रा ट्रेडिंग के बारे में	विदेशी टाका किरिङ-आकिरिङ बारे रे
लोग कहते हैं कि आप तो फिल्म स्टार हैं।	होड़ोको काजिआ चि आम दो फिलिम स्टार मेनाःमा।
इस विशेष रिसाव में फोन से अधिकांश आधारित	नेआ मानारङ रिसाव रे फोन रे साङगि टेनेकाद
यदि आप बुकुरेस्टी से मोल्दोवा या	आम बुकुरेस्टी ते मोल्देवा कारेदो
गेंदबाजों की सूची में अनिल कुंबले नौंवें स्थान पर हैं।	गेन्दबाजकोआः सूची रे अनिल कुम्बले आरेआतेआ टाआंओ रे मेनाःइआ।
इस औषधि की जीभ पर विशेष क्रिया होती है।	नेआ रेएद ते आलाङ रे मानाराङ कामि होबाओःआ।
बैठक में वर्तमान राजनैतिक गतिविधियों पर चर्चा की गई।	दुनुब रे नाआः रेआः राजनीति चेतान चारचा होबालेना।
समाज को सही दिशा प्रदान करें।	समाज माजा होरा रे इदिपे।
किराना मंडी में देर रात तक काम हो रहा है।	किराना मन्डी रे बेसे निदा जाकेद कामि होबातानताइकेना।
मनुष्य में ज्ञान प्राप्ति की लालसा रही है।	होड़ोको सेंड़ा नाम राः हाया ताइआकान मेनाः।
हम बीच में कहीं नहीं है।	आबुआः ताला रे जाआं ताः रेओ बानोः।
यमुनानगर के निवासी श्रीश पेशे से हरियाणा शिक्षा विभाग	यमुनानगर रे ताइनोः तान श्रीश हरियाणा शिक्षा विभाग रे कामितानाएः।
कमोबेश यही हाल चन्द्रभागा नदी के हैं।	नेका गे हाल चन्द्रभागा गाड़ा राः मेनाः।
सही कसर योग्य शिक्षकों के अभाव ने	सारते कसर दाड़ितान पाआड़ाओको बाङकोआ
मोबाईल तो बहुत बडी सिरदर्दी है।	मोबाईल बेसे माराङ बोओ हासु मेनाः।
हमें जानना है कि शिवजी की सेना क्या है।	आले इतु लागातिङा चि शिवजीआः पालटान चिलका मेनाः।
जेसिका लालः जब पार्टी में चली गोली	जेसिका लाल - चिमतुङ पार्टी रे गोली चालाओजाना।
सुधार के लिए आठ महीने की समससीमा तय की है।	सुधराओ नातिन इरालिआ चानडुः राः सोमाए ओमाकाना।
इंटरव्यू के दौरान मैं साफ और सीधा बोला था।	इन्टरव्यू सोमाए आञ सोओज आर साफा जागारलाःञ।
उस बच्चे को आराम दे सकता है।	एन होन आराम दाड़िओःआ।
मैंने इस ब्लॉग पर भी डाला था।	आञ ने ब्लाग रेओ सानजुलाःञ।
आधार से एलपीजी पर फिलहाल रोक नहीं	आधार ते एलपीजी रे नाआः जाकेद कोनोटोङ बानोः।
कपिल सिब्बल ने तो कह ही दिया	कपिल सिब्बल दो काजिउतारकेदाएः।
उसकी अशांत अवस्था उसे खुद ही ले डूबेगी।	इनिआः का-हापे इनीः डुमबुइःउतारेआ।
कलरव टिप्पणियाँ बंद हो जाती हैं आरएफआईडी	कलरव कानाजि होकाओःआ आरएफआईडी
जब ठीक पानी का गिलास एक ओक वृक्ष बन गया?	चिमतुङ माजा मिआद गिलास दाः मिआद ओक दारु बाइजाना?
ठीक से खेतीबाड़ी का कार्य नहीं कर पा रहे हैं।	माजा ते सिउचालुः का रिका दाड़ितानाएः।
लेकिन उन्होंने उसकी पहचान बताने से इंकार किया।	मेनदो इनिः इनिआः उनुरुम काएः उदुबरिकाकेदाएः।
क्यों कि आयुर्वेद शस्त्र अनुभव पर	नेआमेनते चि आयुर्वेद शस्त अनुभव रे
संयमहीन साधना छलनी में पानी इकट्ठा करने के समान है।	का-रुड़ुन तानाङगि चाला रे दाः जामा लेका मेनाः।
दो माह से वेतन नहीं मिला	बार चानडुः ते नाला का बोसाआकाना।
आजकल के जालपृष्ठों में यह सामान्य सी बात है।	तिसिङ राः जालोमसाकाम रे नेआ जागार नेका गे होबाओआ।
हरियाणा में मुक्केबाजी काफी लोकप्रिय है।	हरियाणा रे ति-बोक्सिङ बेसे नुतुमान मेनाः।
लेकिन दिन भर बेवकूफ़ न बनेंगे।	मेनदो गोटा सिङगि डोनडो काको बाइओगा।
रेलगाड़ी का इंजन जल की भाप से ही चलता है।	रेलगाड़ि राः इन्जन दाः राः सुकुल ते गे चालाओआ।
शायद न्यून दर्शक इसके मूल में रहे हों।	हुड़िङ लेएलको नेआ राः रेएद रेको ताइकेना जा।
पूरी फिल्म में यही तीन चीजें सबसे ज्यादा मिलेंगी।	गोटा फिलिम रे नेआ आपि जिनिस गे ताइकेना।
तो क्या मोहन भागवत की भी अवमानना हुई है?	तोबे मोहन भागवत राःओ माइन बागाड़ाओजाना?
मैंने कई बार दिल लगाने की सजा पाई हैं	आञ दो बेसे सोमाए दिल लागाओ राः साजा नामाकादाञ।
इस उत्पाद को कहा जाता है	नेआ बाइआकानाः काजिओःआ
तुम्हरी कृपा पाये कोई कोई।	आमाः पोरताप नामेआको जाआंए जाआंए
रक्षित किया हुआ धर्म मनुष्य की रक्षा करता है।	बानचाओआकान धोरोम होड़ोएः बानचाओएआ।
आई कीप लुकिंग फॉर यू बेबी	आमेञ दांड़ाआकान ताइना बेबी
तुम यह नहीं समझ सकते की वे सपने है।	आम नेआ काम बुजाओ दाड़िआ चि एना कुमुको मेनाःकोआ।
पर एक महान पुस्तक के लिए रॉयल	मेनदो मिआद मानाराङ किताब नातिन रॉयल
कौशिक ने ही मानहानि की याचिका दी है।	कौशिक गे मानहानि राः याचिका ओमतादाएः।
इसमें किसी प्रकार की उदासीनता बर्दाश्त नहीं की जायेगी।	नेआ रे जाआं चिलका राः लानडिआ काले जीलाःएआ।
मुझे लगता है कि यह कोई अथेटिकेशन सम्बंधी समस्या है।	आञ लेका ते नेआ जाआन अथेटिकेशन राः दिक्कत मेनाः।
जो शरीर और आत्मा को इस तरह	ओकोआ होड़ोमो आर रोआ नेकाते
हमने अपने कुछ दोस्तों से राय ली।	आले आलेआः गातिको ताःते विचार आयुमकेदाले।
मुझे भी अपना नाम बदलना ही पड़ेगा।	आञ दो नुतुम बादिलि गे लागातिङा।
के तत्वाधान में अनुसंधान करने के लिए आगे न आया।	राः लातार रे बाइ नातिन आयार हिजुः गे लागातिङा।
अब विचार है की कुछ नही हो पता है तो	नाआः उड़ुः मेनाः चि जाआनाः का होबा दाड़िओःआ
यह निर्वाण को डायनमो की शक्ति देने के समान है।	नेआ दुकु हार पेड़ेः ओम लेका मेनाः।
गांधीजी ने तो किसी के लिए कठोर	गान्धीजी दो जाआंए हाड़ाद
वह राज्य व राष्ट्रीय स्तर पर पदक जीत चुकी है।	इनिः राज्य आर राष्ट्रीय स्तर राः पदक नामदाड़िआकानाएः।
पुलिस के साथ यहां के लोग भी अनफिट हैं।	पुलिस लोः ते नेताः रेन होड़ोकोआः अनफिट मेनाःकोआ।
अब इसमें कोकोनट मिल्क डालकर दो मिनट और पकाएं।	नाआः नेरे नारिकाल तोआ सानजुकेआते ओड़ोः बारिआ मिनट जाकेद इसिनेपे।
स्वर्णपर्ण नभ से फिर मिट्टी के दीपों में आओ	सामाड़ोम सिरमा ते ओड़ोः मिसा हासा राः टाटि रे हिजुःपे
इंडिया और श्रीलंका के सारे क्रिकेटर्स यहीं ठहरे हैं।	इन्डिया आर श्रीलङका रेन सोबेन क्रिकेटर्सको नेताः ताइनतानाको।
इन मुकदमों में जो आदेश होता है।	नेकान मुकदमाको रे ओकोआ आदेश होबाओआ।
गुरु जी का मस्तक गर्व से ऊंचा हो गया।	गुरुजीआः बोओः पुलाइ ते राकाबजाना।
लालू प्रसाद भी एक रोचक भूमिका में होंगे।	लालू प्रसादो मिआद रोचक भूमिका रे ताइना।
सेना का दामन एक बार फिर दागदार हुआ है।	पालटानको ओड़ोः मिसा बोदनामजानाको।
पर कोशिश की जायेगी भेजने की।	मेनदो किशिशोःआ कुल राः।
यह गांव सतपुड़ा की घाटी की गोद में बसा है।	नेआ हातु सतपुड़ा बादि राः कोयोङ रे मेनाः।
और पूनम ने अपनी नाइटी उतार दी	आर पूनम आएआः नाइटी ओचोःकेदाएः।
दिन भर घर में करती ही क्या हो?	गोटा सिङगि ओड़ाः रे कामि गे चानाः मेनाः?
जिसमें थे रिटायर्ड सिपाही और रेंजर।	ओकोआ रे ताइकेनाको रिटायर्ड पालटान आर रेन्जर।
दुनिया भी मानती है भारत के खगोलविदों का लोहा	दुनियाओ पातिआ भारत रेन खगोलविदकोआः सेंड़ा
मैं सोच रही थी कि आखिर ये किसने भेजा होगा।	आञ उड़ुः तानताइकेनाञ चि नेआ ओकोएः कुलतादाएः।
इसीलिए कामयाबी उनके कदम चूम रही है।	एनमेनते कामयाबी इनकुआः काटा चोः तानाएः।
भक्ति भाव व्यक्ति सोच समझकर पैदा करता है।	भक्ति उड़ूः होड़ोको उड़ुःकेआते बाइआ।
इसी कारण नगर का नाम पाटलिग्राम पड़ा।	नेआ मेनते नगर राः नुतुम पाटलिग्राम ताइनजाना।
शाश्वत हैं और यदि उन पर कोई	शाश्वत मेनाः आर इनकु रे जेतान
क्योंकि जहां शून्य होता है वहीं शुरूआत होती है।	चिआचि कोताः बाङेआ ताइना एनताः ते गे एनेटेः होबाओआ।
बच्चों के निजी आवश्यकताओं को अनदेखा कर जाते हो।	होनकोआः आपान जारुड़ु काम लेलेआ।
जिसमें विजेताओं को पुरस्कार वितरित किए गए।	ओकोआ रे दाड़िलेनको पुरस्कार नामलाःको।
ऐसे लोगों से आप कभी कुछ नहीं पूछते।	नेकान होड़ोको ते आम जेतानाः काम कुलिआ।
इस साल नवंबर में समझौते का एक दशक पूरा।	ने सिरमा नवम्बर रे समझौता राः गेल सिरमा होबाओआ।
कि चंदेरी मंडी जल्द ही बनेगी।	चि चनदेरि मनडि सेकड़ा गे बाइओगा।
धार्मिक समारोह में डांस परोसना और भक्तों की भीड़ जुटाना।	धारमिक दुनुब रे सुसुन ताइनोःआ आर भक्तकोआः भीड़ हिजुगा।
मेष राशि वालों के लिए भाग्यशाली रत्न मूंगा होता है।	मेष राशिकोआः नातिन भाग्यशाली दिरि मूङगा ताइना।
खासतौर से उनके फिल्म में प्रवेश करते समय।	सारते दो इनिआः फिलिम रे बोलोओःतान सोमाएः।
जरासंध ने इस नगरी पर कई बार हमले किए थे।	जरासन्ध नेआ नगर रे बेसे बार हमलालाःए।
आजी उसे कहानियों के साथ पुराने जमाने के किस्से सुनाती।	तिसिङ इनिः काआनि लोः सिदा जूगु राः माआरि काआनि आयुमरिकाइआ।
म सलन मैं पारोत्रा ब्राह्मण बिरादरी से हूँ।	चिलका चि आञ पारोत्रा बामड़े बिरादरी ते मेनाःञा।
अपुन ने इंपोर्टेड चाकलेट का एक बिग बाक्स उन्हें दिखलाया।	आञ इनकु इंपोर्टेड चाकलेट राः मिआद माराङ डाबा लेलइचिकेकोआञ।
उम्मीद है आप ऐसा नहीं सोचोगे।	आम नेका काम उड़ुगा जा।
देखति भाव दुहुंनि को सोई जो चित करि अवराधा॥	लेलकेआते भाव एटाःकोआ तोबे कामिमे एनका।
मैंने उसको डाॅक्टरी की पढाई कराई।	आञ इनिः डाक्टर राः पाड़ाओ रिकालाःञ।
इसलिए अब तो सावधान हो जाओ भाईयों।	एनामेनते नाआः चिरगाल ताइनपे हागाको।
इस लग्न में मंगल द्वादशेश में नीच का होगा।	नेआ लगन रे मोङगोल द्वादशेश ते लातार रे ताइना।
एंड्रॉयड से राउंड अप और वेब गूगल क्रोम और	एन्ड्रॉयट रे राउंड अप आर वेब गूगल क्रोम ओड़ोः
क्योंकि अधर्मको देखते हुए भी अधर्म	नेआमेनते चि अधर्म लेलकेआतेओ अधर्म
संबद्ध ईमेल विपणन के साथ प्रारंभ करना	जुड़िओतान ईमेल विपणन लोः एटेः
समझ लीजिए कि मैं भी एक ऐसा ही व्यक्ति हूँ।	टोओरलेम चि आञोः नेकान होड़ो गे मेनाःञा।
तिब्बत की समस्या एवं उसका भारत पर सीधा प्रभाव	तिब्बत राः काजि आर एना लोः भारत रे सोओज प्रभाव
प्रत्येक मतदाता को मतदान के लिए प्रेरित करें।	सोबेन वोटओमको वोट ओम नातिन उसकुरेपे।
मैं स्वयं इन्हीं बातों को मानता हूं।	आञ आपान गे नेआ जागारकोञ पातिआ।
हरिहर द्वितीय एक महान योद्धा था।	हरिहर बारिआतेआनिः मिआद माराङ गोपोएः तानिः ताइकेनाएः।
क्या वजह बनती है अल्सर की	चानाः मेनते अल्सर होबाओआ
साथ ही उन्होंने पार्टी छोड़ने की भी बात कही है।	एना लोः इनिः पार्टी बागे राःओ जागारतादाएः।
सेल के साथ हमारा सैलेरी एग्रीमेंट नहीं हुआ था।	सेल लोः आलेआः सैलेरी एग्रीमेंट का होबालेना।
इस साहित्यकार कृष्ण कुमार यादव को	नेआमेनते साइतिओलनिः कृष्ण कुमार यादव
बहुत बहुत बधाई हो आशीष भाई।	इसु पुराः बधाई आशीष हागा।
इसलिए उन्हें उचित सहायता उपलब्ध कराना जरूरी हो गया है।	एनामेनते इनिः जारुड़ु देङगा ओमरिका जारुड़ु ताइनजाना।
उन्होंने पैसा दिया और बिल जेब में रख लिया।	इनिः टाका ओमकेदाएः आर बिल पोकेट रे जोगाओकेदाएः।
कुंवारे रहने में कितने झमेले हैं।	डिनडा ताइनोः राः चिमनुङ बालाएको मेनाः।
आप काम कुछ कभी करैं नहिं कोरे रहैं उपासी।	आम जाआन कामिरिकाएआम काम कामिआ मेनदो काटाबेमे।
वह उर्दू संवादों का सही उच्चारण भी सीख रही हैं।	इनिः उर्दू जापागारको राः टीकि काजिउड़ुङ इतुतानाएः।
प्रयोग न हो तो हमारा देश देश न रहे।	प्रयोग का होबा रे आञाः दिसुम दिसुम का ताइनोःआ।
यदि आप को जानकारी है तो अवश्य बताएँ।	आम इतुतान रे उदुबालेम।
सब से ज़रूरी चीज़ है विकास।	सोबेनकोते जारुड़ु चीज मेनाः विकास।
अब जब अधिकारी ही दरबार लगाने लगेंगे।	नाआः चिमतुङ अधिकारीको गे दरबार लागाओएआ।
मेष से बने मेढ़ा या मेढ़ी जैसे शब्द।	मेष ते गे मेढ़ा आर मेढ़ी लेकान टुङको बाइजाना।
नीतीश आज बहुमत का दावा पेश करेंगे	नीतीश तिसिङ बहुमत राः दावा आउएआ।
सुबह नशा उतरने पर अपने आप से नफ़रत हो गई।	सेताः सुतिजान रे गे आम ते खीसजानाञ।
अनुरागजी कुछ ज्यादा ही याद आ गया।	अनुरागजी हुड़िङ साङगि गे उड़ुःकिःआञ।
ओमप्रकाश की कुर्बानी हमेशा याद की जायेगी।	ओमप्रकाश राः दांड़े सोबेन सोमाए टोओरेआले।
जब चाहो जहाँ मुहं मार लो।	चिमतुङ सानाङा इमतुङ मोचा माराओएमे।
जो इसी तरह की समस्याओं उत्पन्न होगा	ओकोआ ते नेकान बालाए बाइओःआ।
कई बार स्वयंसेवक स्वेच्छा से दूसरी जगह गए भी हैं।	बेसे बार स्वयम्सेवक आपान उड़ुः ते एटाः ताःओ सेनाकानाएः।
बाजार में अनुमान से कहीं अधिक व्यवसाय होता है।	बाजार रे उड़ुः ते साङगि किरिङ आकिरिङ होबाओआ।
आपके प्रति मेरा मस्तक नत हो गया।	आम नातिन आञाः बोओ लातारजाना।
जबकि शासनादेशों द्वारा सीसी सड़कों पर प्रतिबंध लगाया गया है।	नेकादो शासनादिसुमको सीसी होरा रे प्रतिबन्ध लगाओआकाना।
मधुमेह की बीमारी के कारण गलना शुरू हो जाता है।	मधुमेह रुआ ते लेआ एटेगोआ।
सिर कटाना पडे़ या न पडे़	बोओ माःओःआ चि का माःओःआ
आपका ब्लॉग भी अब ज्यादा अच्छा लग रहा है।	आमाः ब्लॉगो नाआः साङगि बेस लेलोःताना।
तबादला तो वैसे हमारा कोलकता हुआ था।	तबादला दो आञाः कोलकाता होबालेना।
इस मिट्टी को पार लगा दीजिएगा।	नेआ हासा पारोमताम।
बिजनेस में बढ़ती प्रोग्रेस से काफी खुशी होगी।	बिजनेस हारातानते इनिः बेसे रासिकानतानाएः जा।
इसलिए पीड़ा मात्र महिलाओं के हिस्से का भाव नहीं।	एनमेनते हासु कुड़िकोआः हिस्सा राः बाआरि बानोः।
इसका खुलासा पोस्टमार्टम के बाद ही हो सकेगा।	नेआ पोस्टमार्टम तायोम गे इतूआ।
किसी ने मिटाने की जुर्रत नहीं की है आज तक।	जाआंए मेटाओ राः पेड़ेः काएः नामकेदाएः तिसिङ जाकेद।
इस अद्भुत कार्यक्रम ही वालेस डी	नेआ काजिकामि गे वालेस डी
मैच के बाद शाम को पुरस्कार वितरण समारोह होगा।	मैच तायोम आयुब पुरस्कार हाटिङोःआ।
वीडियो में देखिए छठ पूजा की झलक	वीडियो रे लेलमे छठ पूजा राः लेनेल।
वे एक दुसरे के पुरक हैं।	इनकिन गोपोटाकिनाकिन।
वे खो रही हैं या मैं खुद खो रहीं हूँ?	इनिः आदोःतानाएः चि आञ आदोःताना?
सीज़न्स ग्रीटिंग्स और हैपी न्यू ईयर	पोरोब राः सिबिल जोआर आर रासिका नावा सिरमा
तुम्हारी दादी न जाने क्या सोचती होंगी।	जिआ ताम चानाः उड़ुःतानाएः जा।
अब भला पूंछविहीन जानवर भला किसी को सुहाता है।	नाआः बेगार चालोम राः जानवार ओकोएः सुकुआइआ।
और इसीलिए उसने कॉलेज जाना छोड़ दिया।	आर एनामेनते इनिः कॉलेज सेनोः बागेकेदाएः।
उन जीवों का नरक से छुटकारा हो गया।	एन जानवरको नरक ते बागेनजानाको।
मौर्या अब चटुकारिता कर रहा है।	मौर्या नाआः चाटुकारितातानाएः।
इससे कंपनी प्रबंधन भी सहमत होगा।	नेआ ते कम्पनी प्रबन्धनो पातितानाएः।
फैलती जाती हैं जड़ें नियामगिरी से बैलाडीला तक	पासराओताना रेएदको नियामगिरि ते बैलाडीला हामिः
प्रकाशित किया गया था ईमेल पते	पासाराओलेना ईमेल टाआंओ
ली दौड़कर डेसिमा की तरफ बढ़ा।	ली दाउड़ितानलोः डेसिमा साः सेनोःजानाएः।
कानपुर में कांग्रेस का विशेष अधिवेशन चल रहा है	कानपुर रे कान्ग्रेस राः मानाराङ अधिवेशन सेसेनताना।
धार्मिक जिज्ञासा का क् या हल होगा।	धोरोम इनितु सानाङ राः चानाः होबाओआ।
अपने जीवनसाथी के साथ ही हर दिल अजीज हो जाएंगी।	आपान होड़ो लोः गे सोबेन दिल माजा होबाओा।
मोनिका जी बहुत अच्छा लिखती हैं।	मोनिका जी बेसे माजा ओलेआएः।
चन्द्रशेखर शाम को आ जाता है।	चन्द्रशेखर आयुबेः हिजुःआएः।
वैसे भारतीय बाजार मुझे मजबूत ही लग रहा है।	एनका दो भारत राः पीटि केटेः गेञ टोओरजादा।
द्वारा जैरा विषय टेम्पलेट्स अगले। द्वारा संचालित	साःते जैरा विषय टेम्पलेट्स आयार। साःते होबाओतान
अगर आप से पूछा जाए कि आप कहां रहते हैं?	आम ताः ते कुलि ले रे चि आम कोताःम ताइना तोबे?
उसकी हिरणी जैसी आँखे मुझे सेक्सी लगने लगी थी।	इनिआः साराम लेका मेद आञ सेक्सी लेलकेदाञ।
इंटरनैशनल चिल्ड्रन्स डे दिन भी आज ही मनाया जाएगा।	इन्टरनैशनल चिल्ड्रन्स डे ओ तिसिङ गे मानातिङोःआ।
दोनों नेताओं में टकराव नई बात नहीं है।	बारान नेताकिन रे टेपेला नावा जागार बानोः।
उसका कम बोलना अब ज्यादा सुनाई दे रहा है।	इनिआः कोम काजि नाआः साङगि आयुमोःताना।
वह देर तक मां से लिपटकर रोती रही।	इनिः इसु खोन एआङ हामबुदकेआते राःकेनाएः।
उस समय गुरूओं के अनुयाईयों को सिक्ख कहते थे।	एन सोमाए गुरुकोआः चेलाताको सिक्ख काजिओःतानताइकेना।
अनेक अखबारो मे लेखो का प्रकाशन।	रोकोम अखबारको रे ओनोल राः पासाराओ।
मारपीट में एक दर्जन से अधिक छात्र घायल हुए हैं।	गोपोएः रे गेलबारिआ छात्र ते साङगि टोःजानाको।
वे दिन एक दूसरी ही तरह से लादेन के थे।	एन हुलाङ एटाः लेका ते लादेनाः गे ताइकेना।
संजीव कुमार गुलजार के पसन्दीदा कलाकार थे।	सन्जीव कुमार गुलजाराः सुकु राः कलाकार ताइकेनाएः।
इस कल्पना के पीछे कई कारण हो सकते हैं।	नेआ उड़ुः तायोम बेसे कारणको ताइन दाड़िआ।
उसे आप शब्द प्रवास कह सकते हैं।	एना आम टुङ सेनोः काजि दाड़िआम।
परिमार्जन लेखन प्रक्रिया का अंग है।	सुधराओ ओनोल राः प्रक्रिया राः हिसा ताइना।
लौटे तो वो पुलिंदा उसी रास्ते पर पडा मिला।	रुड़ालेना दो एना पोटोम होरा रे गे ताइकेना।
फिर तो बातों ये सिलसला चल ही पड़ा।	एन तायोम जो जागार का गे होकाजाना।
जाहिर है बोर्ड के लिए यह आसान नहीं है।	इतुआनाको चि बोर्ड नातिन नेआ राबाल बानोः।
अपने लिए रिलेक्स करने का ऐसा ही कोई तरीका चुनें।	आपान नातिन रुड़ुन राः नेकान तारिका गे सालाएपे।
फिर यह बहुत महत्वपूर्ण है कि तुम	नेआ जारुड़ु मेनाः चि आम
अफ्रीका और ब्राजील के लिए पुर्तगाली	अफ्रीका आर ब्राजील नातिन पुर्तगाली
बाद में मोदी ने भी अपने विचार रखे।	तायोम ते मोदोओः आपान जागार दोकेदाएः।
गोडसे को भी बचाव के लिये कानूनी सहायता मिली थी।	गोडसेओ बानचाओन नातिन वकील नामलाःए।
त्यागमयी देवियों से दुनिया खाली नहीं है।	ओपोम कुड़िको नेआ दुनिया रे मेनाःगेआको।
अब तो मिल गया न तुमको तुम्हारा परसनल स्पेस।	नाआः दोम नामकेदा आमाः आपान टाआंओ।
एक अच्छे मित्र को पाना दुर्लभ होता है।	मिआद माजा सोङगे नाम हामबालगेआ।
इससे कर्मचारियों में रोष बढ़ता जा रहा है।	नेआ ते कामितानको रे खीस हाराओःताना।
तंत्रिका स्टेम सेल गतिशीलता का मूल्यांकन एक	सीरराः स्टेम सेम सेनेकड़ा राः लेनेका मिआद
अभिभावक हूँ वह मेरी संतान कहलायेगी।	आपुकोञ मेनाःञा इनिः आञाः होन काजिओःआएः।
हम तीनों आगे का रास्ता नाप रहे थे।	आले आपि होड़ो आयार राः होरा सोङतानले ताइकेना।
यह जानकारी सुरक्षा और स्वास्थ्यकर्मियों ने दी है।	नेआ जानकारी सुरक्षा आर स्वास्थ्यकर्मी ओमतादाको।
न बदलते तो भी धूमिल का महत्व कम न होता।	का बादिलिओःजान रेओ हासुर राः मानाराङ कोम का होबाओःआ।
ऋतु का स्थान वैज्ञानिक शोध ने ले लिया है।	ऋतु बादले वैज्ञानिक शोध आउकेदा।
मैं खुद बनाऊंगी और मार्सेई की बढ़िया वाइन दूंगी।	आञ आपान ते बाइआञ आर मोर्सेई राः माजा इलि ओमेआञ।
अब जिन्न और हनुमान उडने लगे थे।	नाआः जिन्न आर हनुमान ओटाङतानकिन ताइकेना।
यह चीन देश की दुलहन है	नेआ चीन दिसुम रेन कोनेआ मेनाःइ।
सरकार की तरफ से कोई पेंशन भी नहीं है।	सरकार सागाते जेतान पेन्शन बानोः।
जनलोकपाल आंदोलन कर उन्होंने अपनी पहचान बनाई।	जनलोकपाल आन्दोलन रिकाकेआते इनिः उरुमजानाएः।
मेरे पास वक् त नहीं है।	आञ ताः सोमाए बानोः।
उत्पादन प्रजातंत्र भारत मजदूर रोज़गार विकास ग़रीब	उत्पादन प्रजातंत्र भारत नालातानको कामि विकास रेङगे-राबाङतानको
बिटिया की ड्रेस नहीं आई अब तक।	होनकुड़िआः लिजाः का हिजुःजाना नाआः जाकेद।
सैर के वासते थोडी सी फिजा और सही।	होनोर नातिन मोदचोकोएः माजा होयो दाः गे तोबे।
फिर चाहे वो किसी भी स्तर का व्यक्ति हो।	ओड़ोः इनिः जाआन स्तर रेन होड़ो ताइनोः।
एक की लत दूसरी लत को हवा देती है?	मिआद निआः हेओआ एटाः निः हेओआरिकाएआ।
डिंपा की मां उठ नहीं पा रही थी।	डिम्पाः एङगाते काएः बिरिद दाड़ितानेः ताइकेनाएः।
और के रूप में सुपर मॉडल था और अभी भी	ओड़ोः रुप रे सुपर मॉडल ताइकेनाएः आर नाआःओ मेनाःइ
लेकिन सरकार का मकसद पूरा नहीं हुआ।	मेनदो सरकार राः मकसद का गोटाजाना।
इसलिए रक्त में सुगर की मात्रा बढ़ी रहती है।	एनामेनते मायोम रे सुगर राः लेनेका बाड़ाओआकान ताइनोःआ।
पाहल के बाद महाप्रसादी वितरण किया गया।	पाहल तायोम ते महाप्रसादी हाटिङजाना।
उसकी पत्नी ने बेहतरीन व्यंजन बनाए हुए थे।	इनिआः ओड़ाःहोड़ो सिबिलान जोमेआःको बाइजोगाओलाःए।
साथ ही उसपर मकान बनाने में भी मदद की जाएगी।	एनाः लोः एना चेतान ओड़ाः बाइ रेओ देङगा ओमोगा।
वे मुझे अपने दिल के करीब लगते हैं।	इनिः आञाः ते नाड़ेः टोओरोःआएः।
ऐसे में वापसी चर्चा भी कम नहीं है।	नेका रे रुड़ा राः चारचाओ कोम बानोः।
उसका चित्ता बहुत खिन्न हो रहा था।	इनिआः चिता बेसे दुकु रे ताइकेना।
साथ ही कई मध्यान्ह भोजन में भी कमी मिली।	एना लोः बेसे तिकिन राः मानडि रे कमिताइकेना।
मानता हुँ आप लज्जा पाप अविनय में	पातितानाञ आम गिउः पाप हाड़ादमोचा रे
आमीन कहूँगा टिप्पणी के रूप में।	आमीन काजिआञ कानाजि रे।
व्यर्थ की भाग दौडम् न करें।	फालतू राः आलोम निरा।
है अथवा जिस तिथि को उसका दाह संस्कार हुआ है।	मेनाः आर ओको हुलाङ इनिःको ओनडोरलिःआ।
अपराधी तीन की संख्या में थे।	अपराधी आपि होड़ोको ताइकेना।
कच्चे या हरे चने को होला या होरहा कहते हैं।	पेटोः कारेदो गादेद चाना होला कारेदो होरहा काजिओःआ।
उसके साथ तो मैं हमेशा ही काम करना चाहता था।	इनिः लोः दो आञ सोबेन सोमाए कामितान ताइकेनाञ।
आजकल की युवा पीढ़ी से अब मैं डरने लगी हूँ।	तिसिङ रेन होनको लोः आञ बोरो तानाञ।
यद्यपि ठेठ देसी शब्दों की भी कमी नहीं खलती।	एनका दो हातु राः टुङको का ताइनोः रेओ बेस गेञ टोओरेआ।
मेरे पैरों के नीचे से जमीन खिसक गई।	आञाः काटा लातार ते ओते गे बागेजाना।
स्त्री की अस्मिता पर इक बड़ा सवाल कर दिया है।	कुड़िकोआः उनुरुम रे मिआद माराङ कुनुलिकेदा।
रहेगा कि दर्शकों के प्रत्येक वर्गों के लिए	ताइना चि लेलतानकोआः सोबेन वर्ग नातिन।
सच्चे और रहस्यमयी अपराध पर फिल्म बनाने की होड़	सारते आर दानाङाकान एदकान होबालेनाः चेतान रे फिलिम बाइ राः लापाः।
मोटों को एंटीबॉयटिक की अधिक डोज़	किरिको एंटीबॉयटिक राः साङगि डोज़
इटारसी की आठवीं गरीबी लाइन में उनका बचपन बीता।	इटारसी राः इरालिआतेआ गरीबी लाइन रे इनिः माराङजानाएः।
बैक्टीरिया हमें मदद कर रहा है	बैक्टीरिया देङगाबुतानाको।
पर विद्या अध्ययन के लिए विद्यालय गये	मेनदो सेंड़ा इतुन नातिन इसकुल सेनोःजानाएः।
आपने सुरति साधना हेतु गुरु की आवश्यकता बताई।	आपान सुरति साधना नातिन गुरु राः जारुड़ु मेनाः उदुबकेदाएः।
वैसे जब दो दिग्गज मिल जाए तो कहना ही क्या।	एनका दो बारिआ माराङ होड़ोको नापामजान रे दो आलोम काजिआ।
कांग्रेस को बड़े बदलाव की ज़रुरत	कान्ग्रेस रे माराङ बादिलि जारुड़ु मेनाः।
तक्षशिला गंधार की लोकविश्रुत राजधानी थी।	तक्षशिला गंधार राः आनायुम राजधानी ताइकेना।
एक पल ऐसा लगा जैसे गति सिर्फ गिलासों में है।	मोसा लेका दो नेका टोओरजाना चि गिलासको बाआरि सेसेनताना।
बेनी और पुनिया के समर्थकों में जमकर मारपीट	बेनी आर पुनियाकिनाः चेलाको रे बेजाइ गोपोएः होबाजाना।
उनके अपने कृष्ण से घटतौली नहीं करा सकते थे।	इनिआः आपान कृष्ण ते घटतौली का रिका दाड़िजानाएः।
इसी तरह ज्ञान और भक्ति दो मुख्य हैं।	नेलेका ते सेंड़ा आर भक्ति बारिआ मुनु मेनाः।
परंपरागत गांव की अर्थव्यवस्था आत्म निर्भर होती थी।	पुरना हातु राः टाका सिका हातु बितार रे गे होबाओतानताइकेना।
यदि इस महान लोगों के अनुभव और जानते	नेकान माराङ होड़ोकोआः उनदुब ओड़ोः टोओरजान रे
यह वृक्ष मूर्तिमान श्री विष्णुस्वरूप है।	नेआ दारु मूर्तिमान श्री विष्णुस्वरूप मेनाः।
देवरभाभी कहानिया सैकसबाते जोति सेक्सी चुटकुल्ले	इरुल हिलि काआनिको देड़े-देपेड़े राः लानदा
हम सब खेलने में लग गये।	आले सोबेन इनुङ रे लागाओजाना।
सचिव ने इमरजेंसी वार्ड का निरीक्षण किया।	सचिव इमरजेन्सी वार्ड राः निरीक्षणकेदाएः।
पचीस दिन उड़ने वाला अब घिर के रह गया है।	बारगेल मोड़ेआ दिन ओटाङतानिः नाआः कोटोङाकानाएः।
लेकिन अब वे भी कुछ मलाईदार विभाग चाहते हैं।	मेनदो नाआःओ इनिः जाआन गोतोमान विभाग सानाङतानाएः।
दिल्ली का इतिहास कई हजार साल पुराना है।	दिल्ली राः इतिहास बेसे पुरना मेनाः।
मेरे दोस्तों ने मेरा सबसे परिचय कराया।	आञाः सोङगे आञाः उनुरुम उदुबलाःए।
कार्बनिक जीवन को ही असली जिंदगी समझकर खोज रहे हैं।	कार्बनिक जिनिद गे सारते जिनिद पातिकेआते दांड़ाताना।
रेडवाइन का नशा अब पूरे शबाब पर था।	रेडवाइन राः बुल चुटि रे ताइकेना।
आज मैं अपने बचपन को बहुत मिस करती हूं।	तिसिङ आञाः होनसोमाए बानोःलेका टोओरतानाञ।
उसकी आत्मा उसे इसी दिशा में ठेलती है।	इनिआः रोआ इनिः नेआ दिशा रे उदुरेआ।
पीछे की ओर इत्तला दे दी	तायोम साः जागारकिःआ।
लेकिन पारबृह्म से ऊपर आयु नहीं है।	मेनदो पारबृह्म ते चेतान आयु बानोः।
हमने अपना सामान उतारा और कोठे के अन्दर चल दिए।	आञ सामान हाड़ागुकेदाञ आर कोठा बितार सेनकेदाञ।
कुँवर नारायण अगली छवि मुखपृष्ठ। उपन्यास। कहानी।	कुंवर नारायण आयार फोटो मुनुसाकाम। जिलिङ काआनि। काआनि।
में यह स्थान औरंगजेब की कुदृष्टि का शिकार बना।	रे नेआ टाआंओ औरङगजेब राः केन्टेदमेद ते टोओःजाना।
गाड़ी को पहले गियर में पार्क करें।	गाड़ि मिआदतेआ गियर रे पार्कपे।
हमारे गांव में एक मास्टर साहब हुआ करते थे।	आलेआः हातु रे मिआद मास्टर सायोब ताइनतानेः ताइकेनाएः।
जनरेटर व कम्प्यूटर खराब पड़े हैं।	जनरेटर आर कम्प्यूटर बागाड़ाओआकाना।
यह धीरे एक साफ कपड़े के साथ	नेआ माड़िते मिआद साफा लिजाः लोः ते
ऋण लेने की सिथतियाँ भी उत्पन्न होंगी।	रिनि आगु टोगोआ।
उन्हें लोकतांत्र्कि कार्यप्रणाली से अवगत करायें और साथ ही	इनिः लोकतन्त्र रे चिकला होबाओआ उदुबकेदाएः आर एना लोः
मुल्ला ने कहना आगे जारी रखा।	मुल्ला काजिकेदाएः चि आयार इदिपे।
शेष सभी अपंगता के शिकार हो जाते हैं।	एटाःको सोबेन काको दाड़िआ।
उसका माथा कुंवरसाहब की बांह से छू गया।	इनिआः मोलोङ कुंवर सायोबाः सुपु ते जाःजाना।
वैसे एहतियात बरतने को पहले ही कहा जा चुका है।	नेका दो चिरगालताइनपे सिदा रे गे काजिआकाना।
एक दूसरे के साथ पारस्परिक प्रभाव के	आको आको रे टोपोः राः।
फच फच की आवाज भी तेज होने लगी थी।	फच फच राः साड़ाओ सेकड़ाओःतान ताइकेना।
ऐसा हमारे साथ भी होता है।	नेका आञ लोःओ होबाओआ।
मध्य प्रदेश के मुख्यमंत्री को अपने प्रदेश की चिंता है।	मध्य प्रदेश रेन मुख्यमन्त्री आपान दिसुम नातिन उड़ुःतानाएः।
गिरगिट की तरह रंग बदलना उसके खून में शामिल है।	टेटेङगा लेका नेद बादिलि इनिआः मायोम रे मेनाः।
फिलहाल ये प्रारंभिक आंकड़े हैं और इसमें फेरबदल संभव है।	नाआः जाकेद नेआ दो एनेटेः राः लेनेकाको मेनाः आर नेरे बादिलि होबा दाड़िओःआ।
दिन धुएं में उड़ा देते हैं धूम्रपान करने वाले	सिङगि सुकुल लेका ओटाङेआ सिगरेटनूतानिः।
कॉलोनाइजर पर भरोसा करके उन्होंने प्लॉट ले लिया।	कॉलोनाइजर रे भोरसाकेआते इनिः ओते किरिङकेदाएः।
मेरी ओर से उत्तर है अगले कमेन्ट में	आञ साः ते काजिरुड़ा मेनाः आयार राः कमेन्ट रे
सांसद इससे भी संतुष् ट नहीं हुए।	सान्सद नेआतेओ काएः मानातिङजानाएः।
आपकी नींद की आदतों के लिए सही बिस्तर उठाओ	आपान माजा दुड़ुम नातिन माजालेकान पारकोम हालाङमे।
समझा जाता है कि पत्थर फैंकने वाले स्थानीय मिलावटखोर थे।	नेका टोओरोःताना चि दिरि तेरतानको नाड़ेःरेन मिलावटखोरको ताइकेना।
खेल प्रारम्भ करने के लिये पहले।	इनुङ एटेः सिदा।
किसी भी नौकरी पर कभी भी खतरा मंडरा सकता है।	जाआंन नौकरी रे जाआं चिमताङ खतरा हिजुः दाड़िओःआ।
शहर से बाहर निकलते ही मोटर सायकिल पंचर।	शहर ते उड़ुङजान चि मोटर साइकिल पन्चर।
दोस्त यारी के किस्सो मे रह गये	सोङगेको काआनि रेको ताइनजाना।
मामले में उससे और अधिक ब्योरा मांगा गया है।	मामला रे इनिआःते साङगि उनुदुब आसेआकाना।
लोग इससे संबंधित शिकायत दर्ज कर सकते हैं।	होड़ोको नेआ ते जुड़ाःआकान शिकायत दर्ज दाड़िआको।
शायद हवा से कद्दू पैदा करना उन्हें आता नहीं था।	होयो ते सुकु जोरिका काएः इतुतानेःताइकेनाएः जा।
हृदय की घड़कन आसानी से रुकती	दिल राबाल ते गे होकाजाना
हम गार का हश्र देक चुके हैं।	आले गार राः हश्र लेलउतारतादा।
अँधेरे में बिशनी के बुदबुदाने का स्वर सुनाई देता है।	नुबाः रे बिशनी बुड़ुङबुड़ुङ राः साड़ा आयुमोःताना।
अब कौन कार से उतरे और रिजस्टर पर साइन करे।	नाआः ओकोए कार ते हाड़गुओःआएः आर रिजस्टर रे साइनेआएः।
उसकी गहरी गहरी सांसें मेरे गले पर लग रही थी।	इनिआः जिलिङ सायाद आञाः जोआ रे टोःतानताइकेना।
मेंढक के चार पैर होते हैं।	चोकेकोआः उपुन काटा ताइना।
लेकिन बलात्कार की समस्या कानून की समस्या मात्र नहीं है।	मेनदो मोटाइ देड़े राः समस्या कानून राः समस्या बाआरि बानोः।
निर्माण कार्यों के प्रबंधन में पारदर्शिता	बाइ राः कामिको रे प्रबन्धन रे लेलदाड़िलेका
सिस्को इनमें सबसे आगे की ओर बढती नजर आयी।	सिस्को नेआको रे सोबेनकोते आयार सेनोःलेका लेलजाना।
जाना था तोह सिर्फ एक मंजिल	सेनोः राः दो ताइकेना मिआद मन्जिल बाआरि
जिस ने उसे सरदार बना दिया था।	ओकोए इनिः सरदार बाइरिकालिःआ।
हर बार जब मुझको लगा के भूल गया हूँ	सोबेन सोमाए आञ उड़ुःकेदाञ चि रिड़िङकेदाञ।
इस फिल्म मे हर व्यक्ती अपने बारे मे सोचता है।	नेआ फिलिम रे सोबेनको आपान नातिनको उड़ुगा।
शरीर पसीने से लथपथ हो गया।	होड़मो बालबाल दाः लेना।
शानी का वातावरण चित्रण सजीव और चटक होता है।	शानी राः होयो दाः राः उनुदुब जिद गे आर पिलिद ताइना।
अपने ऑडियो डिवाइस की जाँच करें	आपान आडियो मशीन जांचलेपे।
यह फिल्म मल्टीप्लेक्सों और सिंगल स्क्रीन सिनेमाघरों में चलती रहेगी।	नेआ फिलिम मल्टिप्लेकस आर सिङगल स्क्रीन सिनेमाओड़ाः रे सेसेनाकान ताइना।
वो चाकलेट्स के लिए जिद्द मानना	एना चोकलेटको नातिन आसे आर आसे
बैठक की अध्यक्षता जिला पंचायत अध्यक्ष चमेली पटेल ने की।	दुनुब राः मुनु होड़ो जिला पन्चायत अध्यक्ष चमेली पटेल रिकालाःए।
जुर्म करने नाले के लिए भी कठोर नियम होने चाहिए।	एदकान कामि रिकानिः नातिनओः केटेः नियम ताइन लागातिङा।
सवा चार बजे तड़के सवार हुई।	सवा उपुन बजे इदाङ रे देःजानाएः।
इस प्लेट फार्म पर कुछ जिज्ञासु हैं और कुछ ज्ञानी।	ने प्लेटफार्म रे सेंड़ानकोओ मेनाःकोआ आर इतुसानाङतानकोओ।
फिर भी मुज़फ्फरपुर से जीतते रहे।	एनरेओ मुजफ्फरपुर ते दाड़िलेनाएः।
अगर सामर्थ्य हो तो स्वर्ण मूर्ति की स्थापना करें।	दाड़ितान रे दो सामड़ोम मुरतु बाइरिकाएपे।
तो स्वाभाविक ही पापकर्मों का उदय हो जाता है।	एनका दो आपान ते गे एदकान कामिको उपुजानोःआ।
खासतौर पर जब इलेक्ट्रॉनिक मीडिया ने लगातार हमले किए	चिमतुङ इलेक्ट्रोनिक मीडिया का होकातानते तामकेदा।
दस माह पूर्व पारिवारिक जिम्मेदारियां उसे शहर ले आयीं।	गेल चानडुः सिदा ओड़ाः राः भारोम इनीः शहर आउकिःआ।
आतंकवादियों से भी ज़्यादा आतंकित कर दिया आपने।	आतङकवादिको तेओ साङगि बोरोरिकाकिःआम।
डीलर इन कार्डों पर राशन की एंट्री नहीं कर पाएंगे।	डीलर ने कार्डको रे राशन राः काको ओल दाड़िआ।
हीरो भी खुद ही हैं।	हीरोओ आएः गे मेनाःइ।
आप जानते ही हैं कि साधन किसे कहते हैं।	आम इतुआना चि साधन चानाःको काजिआ।
हमेशा दवा की समाप्ति की तारीख पता	सोबान सोमाए रानु राः टुनडु तारीख इतु
भ्र ष्टाचार नहीं यह तो शिष्टाचार है।	भ्रष्टाचार बानोः नेआ दो शिष्टाचार मेनाः।
जो अन्य लोकों से हैं।	ओकोए बिनगा लोक ते मेनाःइ।
तो क्या आप भी बैल हैं?	आमोः उरिः मेनाःमेआ चि?
इस तुच् छ विजय पर इतना अभिमान	नेआ हुड़िङ दानाड़ि रे निमनुङ पुलाइ।
पानी का बर्फ बन जाना विवर्त है।	दाः राः राताङ बाइोः सेसेनाकान ताइना।
महिलाओं के लिए निर्धारित आरक्षण नहीं देंगे उनके राजनीतिक दल	कुड़िको नातिन बाइलेन आरक्षण काको ओमेआ इनकुआः राजनीतिक दलको।
गर्मी ऎसी थी की सागर को भी निर्जलन हो जाये।	सितोम नेका ताइकेना चि जालाकारओ आनजेदोःलेका।
और यहीं काटजू की याद भी आ गई है।	आर नेताःरे काटजूआः उड़ुःतेबाःजाना।
जलना और कुढ़ना छोड़कर विलास का आनन्द लूटे।	हिसिङगा आर गोसो बागेकेआते रासिकानपे।
मैं दोनों की रिस्पेक्ट करती हूं।	आञ बारानकिन माइनकिनाञ।
वे पीठ पर बोझा लटका कर आगे चल पड़ते।	इनिः देआ रे भारोम हाकाकेआते आयार सेनोआ।
को बधाई एवं शुभकामनाएं दी है।	एः बधाई आर बुगिन सानाङ कुलतादाएः।
और हो सके तो बुला लाओ।	ओड़ोः दाड़ीः रे दो केड़ाकुललीमे।
धर्मांतरण द्वारा भारत की आत्मा से खिलबाड	धोरोम बादिलि ते भारत राः रोआ ते इनुङ।
किसी नज़र को तेरा इंतेज़ार आज भी है	जाआंए मेद आमेः तिसिङो ताङगितानाएः।
शिंदे यहां दो घंटे पहले ही पहुंच गए थे।	शिन्दे नेताः बारिआ घन्टा सिदा रे गे तेबाकेनाएः।
सामने विंध्या की पहाड़ियां और ताड़ के पेड़ चुपचाप खड़े	सानामाङ रे विन्धरा बुरुको आर रेला दारूको हापे तिङगुआकान
पर ये वाकई बहुत दिलचस्प है।	मेनदो नेआ सारते सानाङरिका लेकानाः मेनाः।
किताब जो फड़फड़ा नहीं पाती है।	किताब ओकोआ साकामको का ओटाङ दाड़ीःआ।
इसमें चैनल मीडिया तो जैसे हदें लांघ रहा है।	नेआ रे चैनल मीडिया दो नेका चि पारिचिओ चाङगाएजादा।
उस वक् त हरीश जी बहुत छोटे थे।	एन सोमाए हरीश जी हुड़िङगे ताइकेनाएः।
आशा है आप मुझे इस ग़लती के लिये क्षमा करेंगे	नेआ गालति नातिन माफाञ जाःम।
श्री कांतिभाई एक सफल उद्योगपति एवं वैज्ञानिक हैं।	माइनान कान्तिभाई मिआद दाड़िआकान उद्योगपति आर वैज्ञानिक मेनाःइ।
अपने दिमाग के बेलेंस को डवलप करें।	आपान हाताङ राः बेलेन्स बाइपे।
लेकिन ये बात कुछ यात्रियों को नागवार गुजरी।	मेनदो नेआ जागार तारालेका होनोरतानको रे बेस का सेनोःजाना।
एशियाई बाजार भी गिरावट के साथ बंद हुए।	एशिया राः पीटिकोओ हाड़ागुनतान लोः हानडेदजाना।
ये महफिल यूँ ही सजती रहे।	नेका जाआनो होबाआकान ताइनोःका।
और उन ऊचे तनेॅ पेड़ो की डालोॅ पर	आर एन माराङ दारुकोआः कोतोको रे
टीम ने गांव का निरीक्षण कर सैंपल लिए।	टीम हातु होनोरकोःआते सैम्पल आउकेदाको।
यों मौजूदा हालात की बात करें।	नेताः राः हालार राः जागारेपे।
इससे गरीब मरीजों को काफी परेशानियां झेलनी पड़ रही हैं।	नेआते गरीब रुआतानको बेसे बालाएओःताना।
बाग़ियों को तुमने नामोनिशान मिटा दिया है।	बागिको चाबाउतारकेःकोआम।
आखिरी गेंद पर दो रनों की जरूरत।	टुनडु गेन्द रे बारिआ रन राः जारुड़ु मेनाः।
मैं पीता हूँ बस दर्द और अपना खून	आञ नूएआञ हासु आर आञाः मायोम
किसी ने मुझे गोद नहीं लिया	जाआंए काएः कोयोङकिःञा।
का सारा सामान उठाया और ट्रक में पटक दिया।	राः सोबेन सामान उठाओकेदा आर ट्रक रे तेरकेदा।
करियर में आज तक कोई विवाद नहीं।	करियर रे तिसिङ जाकेद जेतान विवाद बानोः।
मेरी शादी दद्दू के लिए सिरदर्द से कम नहीं थी।	आञाः आड़ानदि दद्दू नातिन बोओः हासु ते कोम का ताइकेना।
भोग का गहरा अनुभव ही योग में रुकनें देता है	जोम राः इकिर उड़ुः गे योग रे ताइनोःरिका दाड़िआ।
ढूंढ़ने पर भी कहीं नहीं मिले।	दांड़ाकेरेओ का नामजाना।
वॉल्ट डिज्नी की कहानी स्पिन कार्टून चरित्र खिलौना आंकड़ा	वॉल्ट डिज्नी राः काआनि बिउरतान कार्टून चरित्र इनुङतेआ लेनेका
चलो आज रात खाना खाने चलें	दोला तिसिङ निदा मानडि जोमले सेनोगा।
कुछ खिलाड़ियों ने वेज फ्रूट भी लिया है।	तारालेका खिलाड़िको वेज फ्रूटो आउलाःको।
बिहार में विकास की ढोल पीटी जा रही है।	बिहार राः विकास राः ढुलकि दालोःताना।
लोग यह जान लेंगे तो नज़र लगा देंगे	होड़ोको नेआ इतुलेरे नाजोमेआको।
मैं आप को कुछ और सुनाना चाहता हूँ।	आम जानाः ओड़ोः आयुम रिकाञ सानाङ ताना।
मायावती की सोच सही भी थी।	मायावतीआः उड़ुः बुगिन गेओ ताइकेना।
कितनी ही बार पढा उसने पत्र को।	चिमिनसाएः पड़ाव केदा एना चिटि दो।
और तुम् हारा देखना भी पूरा नहीं है।	ओड़ोः आमाः लेलो पुरा दो बानोः।
तुम देखते हो जहाँ भी लोग इकट्ठा होते हैं	आम लेलेजादा ओकोरेगे होड़ोको हुंडिन ताना।
भारत में संविधान से लेकर बच्चों के	भारत रे संविधान आते होनकोआः
दूरदर्शन पर इसका सीधा प्रसारण भी दिखाया गया।	दूरदर्शन (टीबी) रे नेआराः सोजेगे नितिर (प्रसारण) को लेलाद कोआ।
सावन और भादो के लिए जाग उठे गुग्गापीर	जारगि ओड़ोः काराम नागेन एओन जाना गुग्गापीर (राजस्थान रेन बोंगा)
इस शक्ति को ही प्राण कहा जाता है।	ने पेड़ेःगे जी काजिओः ताना।
या देवी सर्वभूतेषु श्रद्धा रूपेण संस्थिता।	ओको दिबि सोबेन कोरे पेड़ेः लेकाते मेनाइः इनिः जोआर।
कैसे चुनें करने के लिए सही गोल्फ थैला	चिलकातेम सालाएआ रिका नागेन ठीकि तेआः गोल्फ थाइलाः
भारत में वैदिक काल के गुरुकुलों को विश्वविद्यालय क	भारत रे वैदिक सोमाए रआः गुरूकुल को विष्वविद्यालय रआः
की कम कीमत से आपको श्रेष्ठ क्वालिटी की	रआः कोम गोनोङते आम माजा लेकानाः
मैंने राजेंद्र सिंह के सामने अनुपमजी का विचार रख दिया।	आञ राजेन्द्र सिंह सानामाङ रे अनुपम जीआः उड़ुःञ जोगाव केदा।
हर जगह उसे किनारे कर दिया गया है।	सोबेन ताःते इनिः आतोमाकाना।
ज़ाहिर है कि दहशत न फैले	सारतेगे नेका आलोको बोतोङो
संकल्प से आत्मविश्वास का विकास होता है।	जी केटेःतेगे आपान बिसुआस हाराओःआ।
यह मेला एक माह तक चलता है।	ने बुरू मेला मिद चांडुः हाबिः सेसेना।
हम अपनी मातृ भाषा में बात कर रहे हैं।	आबु आपान एंगा जागार तेबु जापागार ताना।
बंदरों का परिवार पता नहीं कहाँ चला गया।	गाड़ि कोआः गोट इदु कोताः सेनोः जाना।
जिसका निमंत्रण कानपुर में ही दिया गया था।	एनाराः नेओता कानपुर रेगे ओमाकान ताइकेना।
पृथ्वीराज रासो · पद्मावत · रामचरि	पृथ्वीराज रासो-पद्मावत्-रामचरि
पार्टी न भी हो आज़ाद खडे हो जायेंगे।	पाटी का ताइजान रेओ एसेकारेञ तिंगुना।
महंगाई के रास्ते में कोई स्पीड ब्रेकर नहीं	सांगि गोनोङ रआः होरा रे जेतान टेनेकाद बानोः।
ये दोनों छाया की संतान है।	ने बारानकिन छायाः होनकिन।
माँ बड़बड़ाते हुए तेजी से चली गई थी।	एंगाते बाड़ाङ-बुड़ुङ तानलोः जोरते सेनथाब केदा।
वे बिल के पक्ष में नहीं है।	इनकुः आइन (बिल) साःरे बाङ कोआ।
भारतीय कंपनी गोदरेज पाकिस्तान में निवेश करना चाहती है।	भारत रआः कुम्पानी गोदरेज पाकिस्तान रे पुंजी लागावे सानाङ ताना।
उनकी लड़ाई जनता की सत्ता स्थापित करने के लिये है।	इनिआः लाड़ाई होड़ोकोआः राज तिंगु नांगेन तानाः।
तोतापुरी के इस आदेश पर ठाकुर तैयार नहीं थे।	तोतापुरी रआः ने हुकुमरे ठाकुर को काको तेआराकान ताइकेना।
दाननाथ अमृतराय के बचपन के साथियों में से थे।	दाननाथ अमृतरायाः होन सोमाए रेन सांेगे कोरे ताइकेना।
इस बीच में लाप्लेस नामक एक फ्रांसीसी	ने ताला रे लाप्लेस नुतुम रेनिः मिआद फ्रांस रेन
कैसे लाइन पर पैसा बनाने के लिए जल्दी है?	चिलका पांतिरे पाएसा बाइ नागेन सेकेड़ा कानाको?
जिसमें अब कुछ ही देर थी।	ओकोआरे नाः हुड़िङ हेड़ा गे ताइकेना।
हमेशा बेटियों के भविष्य के बारे में सोचती रहती।	जावगे कुड़िहोन कोआः हिनिजुः सोमाए रआः गे उड़ुःआकान ताइना।
उम्मीद है कि यह कंपनी कोयला उत्पादन में रिकार्ड बनाएगी।	आसराए मेनाः चि ने कुम्पानी कुइला उनुर रे रेकोडे बाइआ।
मेधा पाटकर ने बैठक में अपना एक प्रतिनिधि भेजा।	मेधा पाटकर दुनुब रे आपान मिआद होड़ोएः कुलकिआ।
दर्जा स्वतः ही कैबिनेट सचिव का भी हो जाता है।	दोरजा आएःतेगे कैबिनेट सचिव रआःओ होबाओआ।
लेकिन सुखद शांति आनंद की स्थिति है।	मेनदो सुकुआन रूड़ु रासिका रआः दासा तानाः।
फिरोज ने अपनी शिक्षा वहीं पूरी की।	फिरोज दो आपान इनितु एनताःगे पुराओलाः।
इस दौरान सरबजीत की बेटी स्वपनदीप कौर भी मौजूद थीं।	ने हालाजोला रे सरबजीताः होनकुड़ि स्वपनदीप कौरोएः ताइकेना।
मुख्यमंत्री ने किया छत्तीसगढ़ प्रादेशिक माहेश्वरी भवन का भूमिपूजन	मुख्यमंत्रीः रिकाकेदा छत्तीसगढ़ प्रादेषिक माहेष्वरी ओड़ाः रआः ओतेबोंगा
उन्होंने सभी से सहयोग की अपील की।	इनिः सोबेनकोआते देंगा रआः आरजि केना।
लेकिन कुछ तस्वीरें आपके सामने कर रहा हूं।	मेनदो हुड़िङ लेनेल आमाः सामाङ रे रिकाजादा।
कीमत डेढ़ करोड़ के करीब थी।	गोनोङ मिद करोड़ आधा लेका ताइकेना।
नोट सदा से करामाती रहे हैं।	नोट (टाका) दो जाव आातेगे कारिगुनि ताइआकाना।
इसके केंद्र में एक बहुकोणीय आर्क गेटवे है।	नेआराः तालारे मिआद सांगि कुंड़ु रआः माराङ दुआर (आर्क गेट) मेनाः।
इस पॉलिसी का प्रीमियम रोज अदा करना होता है।	ने पोलिसी रआः तोलाकान बीमा टाका जानाव ओम होबाओःआ।
जेल में साढ़े तीन साल रहेंगे	जेल रे आपि सिरमा तुरि चांडुःइ ताइना।
लेकिन इस बार नजारा कुछ और ही था।	मेनदो नेसुकान लेनेल ओड़ोः बिनगा गे ताइकेना।
हम गणित से बहुत घबराते थे।	आले गणित ते पुराःगेले बोरोजाद ताइकेना।
गोवा पहुंचते ही बहक गई फिल्म	गोवा तेबाः जालोःगे चांदोवा जाना सिनमा
भोग विलास की सामग्री में वृद्धि होगी।	इनुङ-खेलाड़ि (भोग विलास) रआः जिनिसि को हाराओआ।
रही ट्रेनिंग की बात तो वह बहुत जरूरी है।	ताइजाना इनितु (ट्रेनिंग) रआः जागार दो एना पुराःगे जारूड़ु मेनाः।
गाइड ने बताया कि आज एक ही चौकी में	होरा उदुबतानिः दोएः उदुबकेदा चि तिसिङ मिआदगे डेरा (चैकी) रे
अभिनेता तो वैसे भी नहीं लजाते।	फिलिम हीरो को दो नेकातेओ काको गियुगोआ।
· रॉकेट्स धोखेबाज़ अभियान सौंदर्य प्यार	राॅकेट्स बेदानिः उलगुलान सुनुगाड़ा दुलाड़ा
केरल में सामाजिक परिवर्तन लाने में खास भूमिका निभाने	केरल रे समाज बादिलि रे खास कामितानको
इसलिए हम उन से बहुत बात नहीं करते।	एनामेनते आले इनिलोः पुराः काले जागारा।
सुरक्षा कनेक्ट के साथ जल्द ही अतिरिक्त	होरो जोगाव लोःते सेकेड़ागे ओड़ोः बिनगा
महिला मुखिया होने से भी संकट	कुड़िहोड़ो मुखिया होबाजान रेओ बालाए
प्रेमपत्र लिखने की आदत कम हुई है	दुलाड़ा रआः चिटि ओल रआः हेएवा घाटावाकाना
की गाड़ी चलाई तो हिंदुस्तान भी	रआः गाड़ि हारकेद रेदो हिंदुस्तान सनते
राष्ट्रीय आपदा कोष का ट्रस्ट बनाने का निर्णय	दिसुम रिंगा खाजना रआः समइति बाइ रआः फएसला
लोगों को कुछ बात रकने को मसाला चाहिए।	होड़ोको जान जागार काजि रआः सुसि लागातिङा
अलबत्त्ता वर्कशापों से चोरी का सिलसिला तेज हो गया।	एनाद कामि टायाद कोरे कुम्बुड़ु पुराःगे हाराजाना।
दोनों ही नेता पार्टियां बदल चुके हैं।	बारान नेताकिन गे पाटी किन बादिलिआकादा।
मुंबई इंडियंस ने चुनी पहले गेंदबाजी	मुुंबई इंडियंस दो सिदा सालाकेदा बोलिंग
लेकिन गुरु क्या सदा हमारे संपर्क में होता है?	मेनदो गुरू चानाः जानाव आबुआः नापाम रेको ताइना?
वहां हमें बताया गया कि हम लोग पार्क ऍवेन्यू जाए।	एनताः आलेको उदुबाद लेआ चि आले पार्क एवेन्यू ले सेनोःका।
यहां टाटा जैसे बड़े घरानों की जरूरत है।	नेताः टाटा लेकान मापाराङ ओड़ारेन कोआः जारूड़ु मेनाः।
यह कम्युनिस्टों की चीनपरस्ती का नया सबूत है।	नेआ कमनिस्ट कोआः चीन साओः रआः नावा सबुइति तानाः।
विदेशी कर्ज की देनदारी कम होगी।	विदेषी रिंड़ि रआः देनदारी घाटाओःआ।
थोड़ी देर बाद उन्होंने पूछा कि पापा कहां है?	हुड़िङ खोन तायोम इनिः कुलिकिःआ चि आपुम कोताः रिआ?
स्टेशन पर कुलीगिरी क्यों कर रही है विधवा	टिसन रे कुली कामि चानाः मेनते रिकाताना रांडी कुड़ि?
अब बारी इल्क्ट्रोनिक मीडिया यानि बुद्धू बक्से की है।	नाःदो पाड़ि इलेक्ट्रोनिक मीडिया माने डोंडो बाकेसा रआः तानाः।
गालब्लैडर में बनने वाला स्टोन कोलेस्ट्रॉल स्टोन कहलाता है।	गोलब्लाडर रे बायुःतान दिरि कोलेस्ट्रोल दिरि काजिओःताना।
लाज की लाली से लाल हो रहे हैं जो	गियुः रआः आराःते नेद गिड़िओ ताना ओकोएदो
इस कारण दिमाग में सूजन आ जाती है।	नेआराः ते बोहोः मोओआ।
और चैनल के कर्ताधर्ता राजदीप भी कम लाउड नहीं हैं।	ओड़ोः चैनल रेन कामिनिः राजदीप दो कोम काएः जागारा।
नया किस्सा ज़माने ने गढा क्या?	नावा काआनि दिसुमे बाइकेदा चि?
बाल ठाकरे इस अखबार के संपादक भी हैं।	बाल ठाकरे ने खोबोर साकाम रेन ओलसोतोः निओ तानिः।
बाजारवाद के सामने पत्रकारिता ने घुटने टेक दिये हैं।	गोनोङान पीटि सामाङ रे खोबोर ओलकोआः कामिदांदा दोएः इकुड़ुम उताराकादा।
जस्मीन के किरदार को लिखने में मेहनत नहीं की गई।	जस्मीनाः बोरनिका ओलरे काको कुरूमुटु लाः।
संध्या हुई और युद्ध बंद हुआ।	सिंगि हासुर जाना आर लाड़ाइ होंका जाना।
हम चाह कर भी कुछ नहीं कर सके।	आले सानाङ कोःआतेओ जानाः काले रिका दाड़िजाना।
फिर कैसे वो एक सांस्कृतिक संगठन हो सकता है।	ओड़ोः चिलकाते एना मिआद सासांकिर गोट होबा दाड़िओःआ।
इस बयान के बाद से ही बीजेपी आगबबूला है।	ने बेआन तायोमते गे बीजीपे खाएरावाकाना।
आपका मीडिया स्टडीज ग्रुप की ओर से अनिल चमड़िया	आपेआः मीडिया स्टडीज ग्रुप सागाते अनिल चामड़िया
नदियाँ नाले और नालियों का रूप लेती जाती हैं।	गाड़ा लोर ओड़ोः लोर रआः मुटाने आउ इदिआ।
इन अनुभूतियों में परकेंद्रितता का बाहुल्य होता है।	ने जी ओनमानको रे एटाःको मुलि सेनोः रआः सांगि ताइना।
उसके मन में अभिलाषा जाग उठी थी।	इनिआः मोने रे सानाङ ओमोन लेना।
जाने के लिए जबटिब्बा दुबई में आलोचना	सेनोः मेनते चिमताङ टिब्बा दुबई रे उकुता
और कितने आतंकवादी हमले सहेगा भारत?	ओड़ोः चिमनाम आतंकवादी हमलाएः सातिङेआ भारत?
लोगों को खरीदने और बेचने अवांछित उपहार	होड़ोको किरिङ ओड़ोः आकिरिङ रआः का सानाङतान जिनिसि(उपहार)
उन्होंने सबसे ज्यादा रन आस्ट्रेलिया के खिलाफ बनाए हैं।	इनिः सोबेनाते पुराः रन आस्ट्रेलिया बिरूद रे बाइआकादा।
हा हा हा बहुत अच्छी ग़ज़ल।	हा हा हा इसु माजा दुराङ (गजल)
बाजारीकरण स्वीकारो क्योंकि अब कोई विकल्प नहीं है।	पीटि रआः आइन हे केपे चिआःचि नाःदो ओड़ोः जान होरा बानोः।
हालांकि मैं कहूंगा कि सतर्कता बरतनी चाहिए।	एनाद आञ काजिआ चि चिरगालेन लागातिङा
उन्होंने परेड का निरीक्षण भी किया।	इनिः परेडे लेल बिडाव केदा।
गैंता देखना हो तो वापसी में चल चलेंगे।	गांइता लेले रेदो रूआड़ातान रेबु सेनोआ।
उसका जन्म दो बार होता है।	इनिआः जोनोम बारसा होबाओःताना।
घर के सभी लोग वहाँ पहुँच गये थे।	ओड़ाः रेन सोबेन होड़ो एनताः को तेबाःला।
मैं हवा हूं कहां वतन मेरा	आञ होयो तानिः ओकोरे ताञ दिसुम
मेंटली अपने आपको तैयार कर रही हूं।	मोनेते ते आञेञ तेआरेन ताना।
हमें उसकी सनातनता पर भी ध्यान देना होगा।	आबु इनिआः सनातन होबाओः रआः धेआन ओम होबाओःआ।
इससे ज्यादा से ज्यादा लोगों को लाइवलीहुड मिले।	नेआते पुराः ते पुराः होड़ोको आसुलेन तेआः नामोःका।
चार लड़कों वाली फ़ोटो के बैकग्राउंड में दुपट्टा उड़ाती रागिनी।	उपुनिआ कोड़ाहोन कोआः फोटो रआः तायोमसाः रे दुपट्टा ओटाङतान रागिनी।
इसे भी सरकारी महकमा हल्के में ले रहा है।	नेआओ सरकारी होड़ोको राबाल तेको आउ जादा।
आते ही वे बाबा की सेवा में लग गईं।	हिजुःतान लोःगे इनिः बाबाः सेवा रे आचुनजाना।
आइए उनके निधन पर संवेदना प्रकट करें।	हिजुःपे इनिआः गोनोएः रे दुकु सातिङ रआः पेड़ेःबु ओमा नोः कोआ।
सच कहता हूं मुझे भारतीय होने पर गर्व नहीं है।	सारतेञ काजिताना आञ भारत रेनिः मेनते पुलाइ बानोः।
लगभग अच्छी तरह समझ में आ रही थीं।	सामजामा माजा लेका बुजाओ रे हिजुःतान ताइकेना।
इस तरह एंटिनी ने अपनी हैट्रिक पूरी कर ली।	नेलेकाते एंटिनी आपान हैट्रिके पुराओ केदा।
जेपी से अण्णा की तुलना नहीं हो सकती।	जेपी लोः अन्ना काएः जोका दाड़िओःआ।
यह उपाय कब्ज़ के लिए सबसे बेहतर है।	ने उपाए पिड़िसाः का दाड़ि नागेन सोबेनाते माजा मेना।
और दोनों बच्चों को कहा गया है।	ओड़ोः बारान होनकिन काजिआकाना।
कहीं ब्रा की पट्टी तो नहीं दिख रही।	जां रे ब्रा रआः फिता दो का लेलोःताना।
खुद उठा और बिस्तर पर पहुंच गया।	आएःते बिरिद जाना आर बिलाकान ताः तेबाःकेदा।
हमारे क्षुद्र स्वार्थ भावी पीढ़ी के लिए अभिशाप हैं।	आबुआः हुड़िङ सुम को दो हिनिजुः पीढ़ी नागेन सराप तानाः।
भारत विश्वगुरू व सोने कि चिडिया थी।	भारत विश्वगुरू आर सामड़ोम रेन चंेड़ेंः ताइकेना।
स्टिंग आपरेशन से हमारा ध्यान नहीं बंटा है ः जयवर्धने	स्टिंग ऑपरेशन ते आलेआः धेआन का पारकाकानाः जयवर्धने।
प्यार से उसके भौंहों को चूमा था।	दुलाड़ा ते इनिआः मेदकुटिः कोए चोः लिआ।
चटर्जी कई मंचों से अपने सुझाव को दोहरा चुके हैं।	चटर्जी चिमिन मोंचो कोआते आपान सोलाए काजिआकादा।
स्कूलों का अस्तित्व समाप्त हो चुका होगा।	इतुसाइ को रआः चिना सनते चाबा उताराकान ताइना।
यह एशिया का सबसे पुराना स्टॉक एक्सचेंज है।	नेआ एशिया रआः सोबेनाते पुरना स्टाॅक एक्सचेंज तानाः।
तन के काले हों भले ही दुःख नहीं है	होड़ोमो ते हेंदे ताइनोःकाबु बोले दुकु बानोः।
विभिन्न विश्वविद्यालयों के लिए अंग्रेजी भाषा प्रवीणता आवश्यकताओं पर सलाह	बिनगा-बिनगा विश्वविद्यालय को नागेन अंग्रेजी जागार रे सेःगिड़ि नागेन जारूड़ु सोला
अविद्या का सम्बंध होने पर जीव बन्धन में पड़ता है।	का पड़ावाकान लो: जुड़ागाकान रे जिउ तोनोल रेको टोगोः ताना।
विजुअल पूरे नहीं बन रहे थे।	लेल का पुराओः लेका बायुःतान ताइकेना।
दोस्त ने अपने एक ब्यूरोक्रेट रिश्तेदार से मिलवाया।	सोंगे दो मिआद सायोबाकान कुपुल (ब्यूरोक्रेट रिश्तेदार) लोःए नापाम रिकाकिःआ।
नेताजी को गायब होने की विधा विरासत में मिली।	नेताजी दो आदेन रआः सेंड़ा पुरखा कोआतेगे नामलाः।
विंध्यागिरी पर्वत पर चढ़ते समय रास्ते में इसी कहा	विंध्यागिरी बुरू रे देःतान सोमाए होरारे इसी काजिकेदा।
नेत्रों में मुस्कराहट लाकर मीता को	मेदकिन रे लांदा आउकेआते मीता के
ऑनलाइन रिसर्च से शुरुआत की जा सकती है।	आॅनलाइन सालापिति ते एटेः दाड़िओःआ।
आपका भरा पूरा खुशहाल परिवार सामाजिक प्रतिष्ठा में अग्रणीय था।	आमाः किसांड़ा आद रासिकान ओड़ाः समाज रआः माइन रेओः आयार रे ताइकेना।
मगर हमेशा की तरह कोई बड़ी जिम्मेदारी ले नहीं पाये।	मेनदो जानाव लेका जान माराङ बारोम काएः आउ दाड़िजाना।
सर्वश्रेष्ठ सहायक अभिनेता के लिए ऑस्टन फ़िल्म क्रिटिक्स एसोसिएशन अवार्ड	सोबेनाते माजा देंगा अभिनेता नागेन आॅस्टन फिल्म क्रिटिक्स एसोसिएशन अवार्ड
कंपनी वेब डिजाइनर की आवश्यकता के मुख पृष्ठ पर	कुम्पानी वेब डिजाइनर रआः जारूड़ु रआः सिदा पन्ना रे।
आदेश में पहली परत से मापकला मार्करों अवरुद्ध से मोटी	आदेश रे सिदा तिनिरिङते तुला कला चिनाते टेकादाकान मोटो
यह सभी तस्वीरें इसी ट्रिप पर ली गई थी।	ने सोबेन फोटो ने होनोर सेनकेन रेगे राचाः लेना।
अतः कही का भी पानी पीने की आदत से बचे।	एनाते जां ताः रआः दाः नू रआः हेएवा तेबु बानचावेन का।
को मिलती? मगर अब पछताने से क्या होता है।	इनिः नामकेद तेआ? मेनदो नाः पोसताव जानरे चानाः होबाओआ।
ह्रदय की गहराइयों से पुकार कर कहें।	जी रआः इकिराते काकला केआते काजिःमे।
श्रीगंगानगर शहर में तो कुछ अधिक ही कठिन।	श्रीगंगानगर सहर रे दो चिमाद पुराः गे बालाए।
मंत्री मनोहर ऊंटवाल यहां से आगर चले गए।	मंत्री मनोहर उंटवाल नेताःते आगर ते सेनोःजाना।
के द्वारा निर्धारित की जाती है।	सागाते ठाउकाओः ताना।
मेरी मिनी का आज विवाह है।	आञाः मिनीआः तिसिङ आड़ान्दि तानाः।
वॉलमार्ट का तो नारा ही सस्ता खरीदो सस्ता बेचो है।	वालमार्ट रआः दो काकला गे सोस्ता किरिङ सोस्ता आकिरिङेपे तानाः।
उससे पहले तक आप जिज्ञासु बने रहते हैं।	एन सिदा हाबिः आम इतु नागेनेम बाइआकान ताइना।
गली के दो बच्चों में परम्परागत तकरार चल रही थी।	हाटिआ रे बारिआ होनकिन रे जानाव रआः टेपेनसा सेसेनतान ताइकेना।
क्या अपनी क़ौम को उन तबाहियों का निशाना बनने दूं?	चानाः आपान जाति दो एन चाबा उतारोः रआः निसनाञ बाइरिकाएआ?
उन्हें पहले टेस्ट मैच के लिए भी इंतजार करना होगा।	इनिः सिदा टेस्ट मैच नागेनो तांगि होबाओआ।
यह कैंसर और कई क्रॉनिक डिजीज से बचाता है।	नेआ कैंसर ओड़ोः चिमिन पुरना रोगो कोआतेः बानचावा।
उसकी हालत नाजुक बनी हुई है।	इनिआः दासा लागाकान लेकागे बाइआकाना।
उन्होंने घायलों को खतरे से बाहर बताया।	आएः टोगाकानको बारे रे बोरो रआः जारूड़ु बानोःए उदुबकेदा।
स्मार्टफोन के बारे में क्या कहा जाए।	स्मार्टफोन बारे रे चानाःबु काजिआ।
और ये कारवाँ बढ़ता चला जा रहा है।	ओड़ोः ने होड़ोकोआः हिनिजुः हारा इदिओःताना।
आधे प्रतिशत से भी कम मात्रा नक्षत्रों आदि की है।	आधा प्रतिशत आतेओ कोम इपिल (नक्षत्र) एमान कोरआः मेनाः।
कई अन्य संस्थाओं से भी सम्मानित।	चिमिन एटाः संस्था कोआतेओएः माइनाकाना।
सुबह आंख खुली तो बरसात थम चुकी थी।	सेताः मेद आरिद लाः दो जारगि चाबाउतार लेना।
आपने उसी का स्वाद याद दिला दिया।	आम एनाराः सिबिल गेम उड़ुःनाम रिकाकिःञा।
अभिव्यक्ति की स्वतंत्रता उन्हें खटकने लगी है।	काजि रआः रानाड़ा इनिः खटकाव जाःइआ।
चार मौतें मशके इलाके में हुईं।	उपुनिआ गोनोएः मशका टायाद रे होबाजाना।
कुमारी चौबोला उस देश की राजकन्या थी।	कुमारी चैबोला एन दिसुम रेनि रानी होनेः ताइकेना।
चुनाव भी बहुत बढिया होता है।	सानाला (चुनाव) इसु माजा होबाओआ।
इस तरह के प्रयास निरंतर होने चाहिए।	ने लेकान कुरूमुटु सेसेनाकान लागातिङा।
इसलिए दूध को पूर्ण भोजन माना गया है।	एनामेनते तोवा दो पूरा मांडि मानातिङाकाना।
मैने अपने जीवन के पहले बीस वर्ष वहाँ पर बिताये।	आञ आपान जिदन रआः सिदा हिसि सिरमा एनताः गेञ बितावलाः।
दोनों ने पुणे में फिल्म एप्रोसिएशन का काम किया था।	बारानकिन पुणे रे सिनमा उनुसकुर रआः कामिकिन रिकाकेना।
मैं बहुत उत्साहित हूँ के लिए नए	आञ पुराः चुहुलाकाना नावा नागेन।
चार दाँत के हुए आठ रुपये।	उपुनिआ डाटा रआः होबाजाना इराल टाका।
स्वामी विवेकानंद ने पैदल ही पूरे भारत की यात्रा की।	स्वामी विवेकानन्द सेनकेआतेगे गोटा भारते होनोर केना।
यह करार दो हिस्सों में बंटा था।	ने सोलानामा बार हिसा रे हाटिङाकान ताइकेना।
मुम्बई को अण्डरवल्डॆ से मुकि्त के लिए अभियान चलाइए।	मुम्बई दो अंडरवर्ल्ड ते बानचाव नागेन उलगुलान चालाएःपे।
मतदान को लेकर लोगों में विशेष उत्साह रहा।	भोट लेकेआते होड़ोकोरे पुराः चुहुल ताइकेना।
इसे इस हालत में छोड़कर?	निः ने दासा रे बागे केआते?
दौड़ के स्वयं मेरी बांह में समायेगी	निराउ केआते आएःगे आञाः सुपुकिन रे बोलोआ
उसी प्रकार गोधूलिक लग्न भी सामान्यतः स्वीकार किया जाता है।	एनलेका तेगे सिंगि हासुर लोगोन सनते को मानातिङ ताना।
हार्लेम और ब्रोंक्स के बीच में।	हार्लेम ओड़ोः ब्रोंक्स ताला रे।
पत्रिाका में अपूर्व जोशी की कमी तो खलेगी।	खोबोर साकाम (पत्रिका) रे अपूर्व जोशीआः घाटि टोरोआ।
मेरा इन छुट्टियों में घर जाना तय है। निश्चय	आञाः ने छुटि कोरे ओड़ाः सेनोः ठाउकाकान गेआ। सारतेगे
लेकिन औरंगज़ेब इतना साहसपूर्ण क़दम उठाने से हिचकिचा रहा था।	मेनदो औरंगजेब नामिनाङ डिढ़गर कामि रिका मेनते उसुम-दुरूमोः तान ताइकेना।
क्योंकि मैं आपकी लिखी सारी पोस्ट पढ़ता आया हूँ।	चिआःचि आञ आमाः ओलाकाद सोबेन ओनोल (पोस्ट) पड़ाव आउआकादा।
वर्तमान में चल रहे व्यापार मेलों की विस्तृत जानकारी और	हालिआन सेसेनतान बेपार मेला कोरआः जिलिङ-चाकार इनितु ओड़ोः
दिन के समय मिट्टी में छिपी रहती हैं	सिंगि सोमाए हासा रेः उगुराकान ताइना।
अपने नजदीकी लोगों से संपर्क करने में बहुत आसानी होगी।	आपान नाड़ेः रेन होड़ो कोलोः नापाम रे पुराःगे राबालोआ।
इक अजीब खाब देखा है।	मिआद दांदान कुमुञ लेलतादा।
मांग मानना तो दूर उस पर विचार भी नहीं किया।	आनासि मानातिङ दो सांगिन एना रे विचार जाकेद काएः रिका केदा।
परिवर्तन की मांग सभी प्रमुख राजनीतिक दलों से होनी चाहिए।	बादिलि रआः आनासि सोबेन मुद राजनीतिक दल को सागाते होबाओः लागातिङा।
तब मनोज ने एसपी पर मुकदमा दर्ज किया।	इमताङ मनोज दो एसपी चेतान रे केस केदा।
कृपा प्राप्ति भी सुपात्र को ही होती है	किरपा दो माजा होड़ोगे नामेआ।
मनुष्यों को इन दोनो का सामना करना पड़ता है।	होड़ोको ने बारान किनाः दापारोम टोगोः ताना।
किसी के भरोसे न रहकर अपना कार्य स्वयं कीजिए।	जांएआः बोरसा रे का ताइकोःआते आपान कामि आपानतेगे रिकाएःपे।
सच्चिदानन्द हीरानन्द वात्स्यायन अज्ञेय उनके पति थे।	सच्चिदानन्द हीरानन्द वात्स्यायन अज्ञेय इनिआः किसाने ताइकेना।
का ही पाजामा एवं गाउन पहनना पड़ा।	रआः गे पाजामा ओड़ोः गाउन तुसिङे टोः जाना।
ऐसा नहीं है कि यहां विकास नहीं हुआ है।	नेका बानोः चि नेरे उनुबार का होबाकाना।
सहकारी समिति पर इनदिनों पर्याप्त मात्रा में खाद उपलब्ध है।	सहकारी समिति रे ने हुलाङ कोरे पुराओः लेका सारा मेनाः।
यमुना शुद्धिकरण की जिम्मेदारी ब्रजवासियों पर	जमुना सापा रआः बारोम ब्रज रे ताइनतानको चेतानरे
उसके चलते देश का लोकतंत्र पर खतरा मंडरा रहा है।	इनिः रआःते दिसुम रआः लोकतंत्र रे खतरा बियुर ताना।
यह बस आपकी मैनेजमेंट स्किल्स पर डिपेंड करता है।	ने बारि आमाः बोंदोबोस सांबड़ाव पेड़ेः चेतान रे मेनाः।
उसे दूर से ही स्कूटर दिखायी दे गई।	इनिः सांगिनाते गे स्कूटर लेलनाम केदा।
संगीतज्ञ हासारामजी से उन्होंने गायन शिक्षा प्राप्त की।	दुराङते सेःगिड़िआकान हासाराम जी ताःते इनिः दुराङ इतुकेना।
एक्सिफप्रो नाम का यह सॉटवेयर बहुत काम का है।	एक्सिफप्रो नुतुम रआः ने साॅफ्टवेयर इसु कामि रआः तानाः।
ठेपीलाल की नींद हराम हो गयी।	ठेपीलालाः दुड़ुम आकाम जाना।
बड़ी कुश्तियां ज्यादातर बराबरी पर रही।	मापाराङ ओपोता (कुश्ती) को पुराःदो बाराबारि रे ताइजाना।
श्री पशुपतिनाथ समिति द्वारा आयोजित पाटोत्सव के अवसर पर नगर	श्री पशुपतिनाथ समिति सागाते नेडाकान पाट पोरोब सोमाए रे नगर
मास्को से तोल्स्तॉय त्वेर चले गये थे।	मास्को आते तोल्सताॅय त्वेर ते सेनकेना।
विस्थापितों को नहीं मिला था मुआवजा	ओड़ाः उजाड़ाकान (विस्थापित) को काको नामलाः देंगा टाका।
इसके बावजूद प्रशासन समस्या को लेकर गंभीर नहीं है।	एनरेओ प्रशासन सोंकोटो को लेकेआते इकिर संते काएः उड़ुःतादा।
मंगल व केतु गर्मी में इजाफा करेंगे।	मंगल आर केतु जेटेलोलो किन हाराएआ।
इसी का नाम पाप कर्म है।	नेआ रआः नुतुम गे पाप कामि तानाः।
आप सभ्य हैं क्योंकि धान से भरी आपकी कोठी	आम किसांड़ा (सभ्य) तानमे चिआःचि बाबाते पेरेःआकाना आमाः ओड़ाः
साहित्यिक लेखन और असाहित्यक लेखन के बीच की जगह	साइति ओनोल ओड़ोः का साइति ओनोल ताला रआः टायाद
लेकिन शाम तक लगभग सभी विधायकों का खंडन आ गया।	मेनदो सिंगिहासुर जाकेद सामजामा सोबेन विधायक कोआः खंडन हिजुःजाना।
स्थान एक ही जगह है कि	टायाद मिद ता: रेगेआ चि
कोर्ट ने मामले में गोपनीय कानून का हवाला दिया था।	कोर्ट दो मामला रे गोपनीय आइन रआः उदुब केदा।
बंटी ने अपना वार ओछा पड़ता देखकर	बंटी आपान हुरला कोम इदिओःतान लेलकेआते
यूनिकोड स्टैंडर्ड की उत्पति और इसके सहायक	यूनिकोड स्टैंडर्ड रआः सिरजान ओड़ोः नेआ देंगाको
अर्थः सब आदमी एक जैसे नहीं होते।	ओरोतो: सेाबेन होड़ोको मिद लेका काको ताइना।
महिला ने बेटी को जन्म दिया है।	कुड़ि दो कुड़िहोन जोनोमे ओमाकाःइआ।
इसके मुख्य कलाकार हैं राजेन्द्र कुमार और वहीदा रहमान।	नेआरेन मुद कलाकार को राजेन्द्र कुमार ओड़ोः वहीदा रहमान।
यश और सम्मान में वृद्धि होगी।	माइन ओड़ोः मानाराङ हाराओःआ।
है न मेरा साहित्य में ठोस योगदान।	मेनाः दो आञाः साइति रे केटेःआन देंगा
और चलते चलते गंगा तट पर आये।	ओड़ोः सेन-सेनते गंगा आतोम रे हिजुःजाना।
इसे खाने के तुरंत बाद लिया जा सकता है।	नेआ जोमकेद तायोम एनलोःगे आउ दाड़िओःआ।
लेकिन आज हालात बदल गए हैं।	मेनदो तिसिङ दासा बादिलिआकाना।
नहीं तो कोई भी बहाना बना कर इसे टाल देती।	कारेदो जान बाआनागे बाइकेआते एना हिसाओ केदतेआ।
मेरा तो सब कुछ है तुम्हारी ममता	आञाः दो सोबेन गे आमाः दुलाड़ा।
कथाकार स्वयं प्रकाश को कथाक्रम सम्मान	काआनिनिः स्वयं प्रकाष दो काआनि रआः माइन
इसी खुशी में मटका कुल्फी का भी लुत्फ लिया गया।	ने रासिका रे मटका कुल्फी (आइसक्रीम) रआओः सिबिल आउजाना।
जब तलक न होंगी परतें धुल की विलय	चिमताङ जाकेद का मेटाओआ जामाकान धुड़ाको
हमने चीनियों के कपड़े पहने होते।	आबु चीन रेन कोआः लिजाः बु तुसिङ केद तेआ होनाङ
मैं फिर चतुराई से तुम्हारे पास आ जाऊँगी।	आञ ओड़ोःगे चातुरते आमताःञ हिजुगा
तब कविताएँ सँभालकर रखना नहीं आता था।	इमताङ गामुको सांबड़ाव केआते जोगाव का इतुओ: तान ताइकेना।
उन ग्राहकों से मनमानी पैसे वसूले जा रहे हैं।	एन किरिङ कोआते आपान मोने लेका पाएसा को होंड़ेयादोः ताना।
अब भाजपा नेता मोदी का बचाव कर रहे हैं।	नाःदो भाजपा नेताको मोदी को बानचाव जाःइआ।
इसमें तत्कालीन राष्ट्रीय अध्यक्ष वेंकैया नायडू आए थे।	नेआरे एन सोमाए रेन राष्ट्रीय अध्यक्ष वेंकैया नायडुइ हिजुः लेना।
मामी की बुर के मोटे होंठ	हातोमाः रूजि रआः मोटो लाचो
यह ईश्वरधाम और मोक्ष का द्वार है।	नेआ सिङबोंगाः ओड़ाः आर पारोमेन (मोक्ष) रआः दुआर तानाः।
लेकिन मौजूदा माहौल में इस पर अमल ठीक नहीं होगा।	मेनदो नेलेकान सोमाए रे नेआरे जानाः रिका का ठीकिआ।
इससे प्राधिकरण का प्रशासनिक काम भी लगभग ठप पड़ा है।	नेआते प्राधिकरण रआः प्रषासनिक कामि कोओ होंकाकान लेका मेनाः।
वो बॉर्डर को भी नहीं मानता था।	इनिः सीमना सनते काएः मानातिङ तान ताइकेना।
कविताएँ पाठक को जीवन विवेक देने में सक्षम हैं	गामुको पड़ावनिः जिदन सेंड़ा ओमे दाड़िआः।
वर्षों से किसान परिवार इस मकान में रह रहा था।	इसु सिरमाते चासि ओड़ाःरेन को ने ओड़ाः रेको ताइन तान ताइकेना।
देहाती शब्द उनके लिए मानो अपमान जनक हो।	देहाती टुङ आएः नागेन बोदोनामोः लेका मानातिङ जाना।
पर इससे सांस लेने की क्षमता कम हो जाती है।	मेनदो नेआते सायाद आउ रआः पेड़ेः घाटाओआ।
पर आप धार्मिक दिखते तो नहीं।	मेनदो आम धोरोमतान लेकादो काम लेलोआ।
के क्या कभी कोई महान कार्य	रआः चानाः चिउलाओ जान माराङ कामि
नॉमेन क्लेचर पर विशेष ध्यान दें।	नुतुम साकि रे पुराः धेआन ओमोःका।
मैं सदैव निर्लेप और पर हूँ।	आञ जानाव जांएआः बोरसा रे बांगाञा।
एक उदाहरण से बात शुरू करते हैं।	मिआद उनुदुब ते जागार बु एटेःआ।
ये अथाह खुशी का सागर या संकट भीषण लेता हूँ?	नेआ इसु रासिका रआः जालाकार कारेदो सोंकोटो इसु माराङेञ आउइआ।
इंद्रेश जी ने तिब्बत की गलती नहीं गिनाई।	इंद्रेश जी दो तिब्बत रआः गुना को काएः लेका रिकाकेदा।
पशु प्रिंट बच्चों दिलासा देनेवाला सेट	जिउ को रआः फोटो दो होनको हापे रिका रआः सेट
मोरारजी देसाई के साथ चार घंटे	मोरारजी देसाई लोःते उपुन घंटा
सबसे पहले फोकस गुंबदनुमा ढांचे तैयार करने पर होगा।	सोबेनाते सिदाउतार कामि गोल तेआः मुटान (गुंबदनुमा ढंाचा) बाइ रआः ताइना।
ऐसे में दर्शक बंटने की पूरी संभावना है।	नेकारे लेलतानको हाटिङोः रआः पुरा ओनमान मेनाः।
उनका विकेट भी मेंडिस के खाते में गया था।	इनिआः विकेटो मेंडिसा खाता रे सेनाकान ताइकेना।
घटिया परिणाम आए तो गाज गिरना तय	एदका जो हिजुःजान रेदो बोहोः रे उयुगोःआ गे टोरताम
हाईकोर्ट के नवनियुक्त जजों ने ली शपथ	हाईकोट रेन नावा बाआलिआकान जज को किरिआन जाना।
हालांकि मार्क शीट में त्रुटि नहीं होगी।	एनाद नंबर साकाम (मार्कसीट) रे का गालतिओआ।
डेलफिने गेनसिया एमएचएलवी के बोर्ड की डायरेक्टर हैं।	डेलफिने गेनसिया एमएचएलवी रआः बोर्ड रेन दुनुब गोमके (निदेषक) तानिः।
रूप से हम पर निरंतर वार करता है	लेकाते आबु चेतान रे हमला आचुआकान ताइना।
मैं पल दो पल का शायर हूं	आञ खोन बार खोन रेन गामुहारिआ (शायर) तानिः।
फिर से यहाँ डाल रही हूँ।	ओड़ोः गे नेताःञ ओम जादा।
इमरान अचानक बाघ के पिंजरे में कूद गया।	इमरान आचकागे कुला गारोआ रे कुड़िल केदा।
घर आ कर अलादीन अंदरूनी कमरे में गया।	ओड़ाः हिजुःजानाते अलादीन बितार कुटुरि ते सेनोःजाना।
संयुक्त उद्यम आयातित कोयले की आपूर्ति को सुनिश्चित करेगा।	सांगि उदामते आउआकान कुइला दो कुल मेनते ठाउकाओआ।
उन सभी के लिए यह बहुत व्यस्त समय होता।	इनकुः सोबेनको नागेन नेआ इसु काउबाउ सोमाए होबाजान तेआः।
लुटेरे मोटरसाइकिल से फरार हो गए।	रेःतानको मोटरसाइकल तेको निर जाना।
दोनों फुफ्फुसों के मध्य में हृदय स्थित रहता है।	बारान बोरकोद तालारे बुका ताइन ताना।
प्रधान सम्पादक बने हुये है दिल्ली	मुद ओलसोतोनिः बाइआकाना दिल्ली
अंश के कुछ दायित्व भी हैं।	अंशआः हुड़िङ बारोमो मेनाः।
गम्भीरा नदी का जल प्रसन्नचित मन के सदृश	गम्भीरा गाड़ा रआः दाः लांदातान मोने लेका
अब सरकार के हर फैसले पर उनका अपना नजरिया है।	नाः दो सरकाराः सोबेन फएसला रे इनिआः आपान लेनेल मेनाः।
बिपाशा इतनी जल्दी कहां मानने वालीं थी।	बिपाषा नामिनाङ सेकेड़ा ओकोरे पातिआ तानकेना।
इसका म्यूजिक सुपर हिट हो चुका है।	नेआ रआः रूरू उमिगिड़ि (सुपरहिट) आकाना।
अब अंबेडकर स्टेडियम डूरंड कप के लिए एकदम फिट है।	नाः दो अंबेडकर स्टेडियम डूरंड कप नागेन सारिगे ठाउका मेनाः।
और आगे अपने गंतव्य पर जाएँ।	ओड़ोः आयार आपान तिनियुः ताः सेनोःपे।
कोई भी सदस्य इस समूह को सबस्कराइब कर सकता है।	जांएगे सदस्य ने गुटुइः सब्स्क्राइब दाड़िआः।
में एक मद्रासी बहन आई और	रे मिआद मद्रासी मिसि हिजुःजाना ओड़ोः
दृष्टि नहीं है भेद पाने की	मेद बानोः लेलतेबाः तेआः
यदि ये न मिले तो स्वास्थ्य ठीक नहीं रहता है।	जुदि नेआ का नामोः रेदो होड़ोमो माजा का ताइना।
तभी मुधे उनका छिल दिख गया।	इमताङगे आ इनिआः छोछराव लेल जाना।
उसने भी लड़कियों को अपनी चोटी छूकर देखने दी।	इनिओः कुड़िहोन को आपान बिनि चापुकेआतेः लेलरिका केदकोआ।
फ़िर मन्दिर वाली गली एक मेन रोड से।	ओड़ोः मंदिल होरा हाटिया मिआद मुद संडका (मेन रोड) ते।
उस रात की बात बलराम अग्रवाल	एन निदा रआः जागार बलराम अग्रवाल
मुझे रात बिरात फोन लगा देता है।	आञ निदा नुबाःए फोनिञा।
विद्यार्थियों में भी नया उत्साह उत्पन्न हुआ।	पड़ाव होनकोरेओ नावा चुहुल ओमोन जाना।
भाई साहब यहाँ सब सेकुलर प्रबंध है।	हागा सायोब नेरे सोबेन कोआः बोंदोबोस मेनाः।
गर्म दोपहर का भोजन मैकडॉनल्ड्स हैम्बर्गर या डेर	जेटे तिकिन रआः जोजोम मैकडोनल्ड्स हैम्बर्गर कारेदो डेर
संघर्ष में नौ लोग घायल हो गए।	गोपोएः रे आरे होड़ोः को टोः जाना।
और उन्होंने किवाड़ बंद कर लिए।	ओड़ोः इनिः दुआरे हांडेद केदा।
जिसको लेकर कई बार पंचायत भी हुई।	एना लेकेआते चिमिनसा पंचाइटिओ होबाजाना।
वामपंथी इस मामले में भी स्टैंड लेने से पीछे रहे।	वामपंथी ने मामला रेओ रिकाएः रेको तायोमजाना।
बागी भी इसी दौड़ में शरीक हो गया।	का पातिआतानिओः ने निर लापाः रेको जामान जाना।
जायसवाल के ताजा बयान पर बवाल हो गया है।	जायसवालाः हालिआन बेआन रे खापाचाराकाना।
रमनसिंह सिकरवार ने लाइन अटैच कर दिया है।	रमनसिंह सिकरवार दो पांतिए जोड़ावाकादा।
मल्लिका आयटम सांग करने के लिए राजी हो गई।	मल्लिका नाचनी सुसुन(आइटम सांग) मेनतेः राजिन जाना।
अरे सौ रूपया कम नहीं होता।	आमा! साए टाका कोम का होबाओआ।
तब सिद्ध हुआ कि वायु ही प्राण है।	तोबे ठाउका जाना चि होयो गे जी तानाः।
आंदोलन उत्तराखण्ड की पहाड़ी पहचान नहीं बनी	उलगुलान उत्तराखंड रआः टुंगुरि उनुरूम का बाइजाना।
चांदी हुई तीस हजारी सोने में भी उछाल	रूपा होबाजाना हिसिगेल हजार रआः सोना रेओ हानारा
मैंने अपनी वाली खिड़की का शीशा बन्द कर लिया।	आञ आपान खिड़की रआः सीसाञ हांडेद केदा।
सोनिया कांग्रेस पार्टी की अध्यक्ष हैं और राहुल महासचिव हैं।	सोनिया कांग्रेस पाटी रेन दुनुब गोमके (अध्यक्ष) तानिः ओड़ोः राहुल महासचिव तानिः।
अब मुझसे ज्यादा काम नहीं होता।	नाः दो आञाःते पुराःकामि का होबाओआ।
तीनों गिफ्तारियां एक ही समय पर।	आपिआ गालेद सासाब (गिरफ्तार) मिद सोमाए रेगे।
एक तराने के रूप में तरन्नुम बनकर।	मिआद दुराङ लेकाते काड़ि बाइकोःआते।
मेलबाक्स गुब्बारे की तरह फूलता जा रहा है।	मेल बाकेसा डुलडुल लेका मो इदिओःताना।
तो एक टेबल पर महिला पत्रकारों ने कब्जा कर लिया।	दो मिआद टेबुल रे कुड़ि खोबोरिया को एसेर केदा।
के बजाय एक फ्लैट रंग स्प्रे	बागे केआते मिआद सोंगड़ा राङ पेचकातेआः
उस के साथ क्या हो रहा है?	इनिलोः चानाः होबाओःताना?
सामाजिक क्षेत्र में भी उसका योगदान बहुमूल्य माना जाता था।	सामाजिक टायाद कोरेओ इनिआः देंगा गोनोङान मानातिङोः तान ताइकेना।
कभी कभी तो आपकी खबर छपने के पहले ही।	मिसा-मिसा दो आमाः खोबोर चापा सिदा रेगे।
प्रदर्शनी में एब्स्ट्रैक्ट और रियलिस्टिक वक्र्स शामिल किए गए हैं।	लेनेल (प्रदर्षनी) रे भाव ओड़ोः सारते लेकानाः कामि को जामाकाना।
बादल ने प्रवासी भारतीयों के सम्मेलन को संबोधित करते	बादल दो एटाः दिसुम सेनाकान भारत रेनको जागारतान लोः
थक कर चूर न होने के रास्ते	का लागा चाबाओः रआः होरा
उनके विरुद्ध अपराध बढ़ते ही जा	इनिआः चेतान गोपोएः को हाराओःतान गे
सीपीयू भी पहले की अपेक्षा तेज गति का है।	सीपीयूओ सिदा रआः जोकारे सेकेड़ा सेसेन लेकानाः तानाः।
सभी केप टाउन होटल सौदे खोजें	सोबेन केपटाउन होटेल रे सावदा दांड़ांएपे
सचिन ने क्रिकेट को यही जगह प्रदान की है।	सचिन दो क्रिकेट नेता टायादे ओमाकादा।
केवल होयसल का एक हिन्दू राज्य बचा रह गया था।	इपाएः होयसल रआः मिआद हिन्दू राइज बानचावाकान ताइकेना।
हमारे दामन में आ बेनक़ाब हो जाएगी।	आबुलोः हिजुःकोरे चिनाउतारोआ।
इसलिए सिंकदरा से मैंने बस चेंज करने की सोची।	नेआमेनते सिकंदराते बस बादिलि रआः उड़ुःकेदा।
एक साल स्वास्थ्य वर्ष हो सकता है।	मिद सिरमा बुगिन होड़ोमो रआः होबा दाड़िओःआ।
तुम्हारे पास आकर ही मेरी बेचैनी को	आमताः हिजुः जानाते आञाः आकुल-बाकुल को
बच्चे घर के चिराग होते हैं।	होनको ओड़ाःरेन मारसाल तानको।
मुझे सबने शक से देखा मैं किसको क्या बताता?	आञ सोेबेन शक केआतेको लेल किञा ओकोए चानाःञ उदुबिआ?
हमने मैदान संभाला और हाईवे को दुरुस्त कर लिया।	आले मैदानले सांबड़ाव केदा आर संडका ले बाइकेदा।
मैंने उन्हें गीत में दिखाने की कोशिश की है।	आञ इनिः दुराङरे लेलरिका रआःञ कुरूमुटु तादा।
नैनीताल शहर भीषण ठंड की चपेट में रहा।	नैनीताल सहर रे राबाङ पुराः जारिआकान ताइकेना
मन शांत रहता है और तनाव खत्म हो जाते हैं।	मोने थिराकान ताइना ओड़ोः किचि-किचि को चाबाओआ।
जो मिल गया हमें दे देती है।	ओकोआ नामजाना आलेः ओमालेआ।
खैर मैं आगे बढ़ा और गंगा तट पर गया।	खैर आयारतेञ सेनोःजाना ओड़ोः गंगा आतोमतेञ सेनोःजाना।
में करने के लिए प्रत्यारोपण चाहते हैं मैं?	रे रिका नागेन दुबरूआड़ा साना जा:ञा
राधारमण गौतम से दिल से अभिनेता हैं।	राधारमण गौतम दो जी ते हीरो तानिः।
राजघाट पर मेरे जननायक ने अनशन किया।	राजघाट रे आले आगुआ दोएः अनषन केदा।
तो दोनों अर्जुन सिंह के करीब दिखने लगे।	दो बारानकिन अर्जून सिंहआः जापाः रेकिन लेलजाना।
तेरे दिल के प्यार का गागर	आमाः जी रे दुलाड़ा रआः गागारि
हमारे पहुंचते ही वह औरत नज़र आना बंद हो गई।	आले तेबाः जालोगे एन कुड़ि लेलोःए होंका जाना।
क्योंकि हम अपने उपर कोई सिरदर्दी नही लेना चाहते।	चिआःचि आले आपान चेतान रे जान बोःहासुको काले आउ सानातान ताइकेना।
परिणाम तय समय पर ही आएगा।	जो (परिणाम) दो ठाउकाकान सोमाए रेगे हिजुगा।
दक्षिणी शिकागो में तेलशोधक केन्द्र है।	दाखिन शिकागो रे सुनुम चाला उदामकल को मेनाः।
इतनी ही मालगाड़ियां भी आती हैं।	निमिनाम गे मालगाड़ी को हिजुगा।
राउरकेला से इंजीनियरिंग किये हुये हैं।	राउरकेला ते इंजीनियरे रिकातादा।
जोधपुर राजस्थान के मुख्यमंत्री अशोक गहलोत का गृहनगर भी है।	जोधपुर राजस्थान रेन मुख्यमंत्री अशोक गहलोताः ओड़ाः नगरो तानाः।
दस दिन बाद मेरी शादी थी।	गेल मा तायोम आञाः आड़ान्दिओ ताइकेना।
लेकिन इससे ज्यादा कुछ नहीं हुआ।	मेनदो नेआते पुराः जेतनाः का होबाजाना।
किंतु इस धारा को रूकने नहीं देना है।	मेनदो ने लिनिंगि का टेकाद इरि लागातिङा।
भैरों सिंह शेखावत की तीसरी पुण्यतिथि पर श्रद्धांजलि	भैरो सिंह शेखावताः अनापिआ गोनोएः मा रे जोआर रूआड़ा।
शिवसेना ने उन पर गद्दार होने का आरोप लगाया।	शिवसेना दो इनिः चेतान रे का बोरसान (गद्दार) होड़ो रआः दुसि लागाओ किःआ।
इनमें से कुछ ही नए हैं।	नेआरे चिमिन लेकागे नावा तानाः।
सभी जानते हैं कि ये तीनों प्राणी	सोबेनको इतुआना चि ने आपिआ गालेद जिउ
शहर के हर वार्ड को पार्किंग सुविधा मिलेगी।	सहर रआः वार्ड पारतेद रे गाड़ि जोगाव रआः सुविसता नामोआ।
तो क्यों तुझ पर यही अधिकार मेरा हो नहीं सकता	दो चिआः आम चेतानरे नेआ हक गे आञाः का होबा दाड़िओःआ।
कहते थे वे कार्यकारी शक्ति हैं।	काजिजाद ताइकेना इनिः कामितान (कार्यकारी) होड़ो पेड़ेः तानिः।
उवर्शी ने पांच तरह की नृत्य शैलियां सीखी हैं।	उर्वषी दो मोड़ेआ लेका सुसुन रोकोम कोए इतुआकादा।
सरकार के विकास के दावे खोखले हैं।	सरकाराः उनुबार रआः दाबि दो इपाएः गेआ।
बिजली चोरी रोकने गए लाइनमैनों पर हमला	बिजली कुम्बुड़ु रोकाओ सेनाकान लाइमेन चेतान रे हमला
रामू से मिलने से पहले मैं कहां शराब पीता था।	रामू लोः नापाम सिदारे आञ ओकोरे आरकिञ नूजाद ताइकेना।
जब मम्मी ने मेरी दोनों ननदों	चिमताङ एंगाञ दो आञाः इरूल कुड़िकिन
सभी उत्पादों का निर्यात करने हेतु सुविधाएं	सोबेन आरजावाकाद को एटाः दिसुम कुल रआः सुविसता।
मै रोता हूँ तो आकर लोग कंधा थपथपाते हैं	आञ इयाम रेदो होड़ोको हिजुःकोआते तारान को तापिङीञा।
परमात्मा शिवना को नई बुलंदियों तक पहुंचाये।	सिङबोंगा शिवना दो नावा चेतान हाबिः सेटेरीःका।
इस देश में विभिनन विचार धाराओं ने जन्म लियाा।	ने दिसुम रे बिनगा-बिनगा उनुड़ुः होरा को ओमोन जाना।
उदाहरण में आप मेरे त्रिविम छवि दर्शक	उनुदुब लेकाते आम आञाः सोबेनसाःते मुटान लेलरिकातानिः।
उनके बाल उपन्यासों का अलग ही रंग है।	इनिआः होनकोआः जिलिङ काआनि रआः बिनगा गे राङ मेनाः।
उपप्रधान शंकर सिंह रायपा जी वो रहे।	उपप्रधान शंकर सिंह रायपा जी हानिः।
पहले जब इधर आता था तो सड़क के	सिदा चिमताङ नेसाएः हिजुःतान ताइकेना दो संडका रआः
वीडियो ओलिंपिक में मैरीकॉम का पदक पक्का	वीडियो ओलंपिक रे मेरीकोमाः मेडल पाका
जैसे दिखते हैं सिर्फ वेसे नही होते।	चिलकाएः लेलोआ इपाएः एनकागे काएः ताइना।
महिला पान ठेले से घर लौट रही थी।	कुड़ि दो पान ठेलागाड़ि ताःते ओड़ाःए रूआड़ा तान ताइकेना।
भारतीय क्रिकेट टीम। हरभजन सिंह।	भारत रआः क्रिकेट टीम। हरभजन सिंह
कैसे यह मामला सुलझता है?	चिलकाते ने मामला सलटाओः ताना?
मायावती की मालाओं के बहाने से	मायावतीआः बा माला रआः बाआना ते।
उसकी माँ की एक तस्वीर थी पिताजी के साथ।	आएआः एंगातेआः मिआद फोटो ताइकेना आपुतेलोः।
हालांकि उन्होंने अन्य मामलों में मोदी की निंदा की।	एनाद एटाः मामला कोरे मोदीआएः उकुता जाना।
अर्थव्यवस्था में अधिकार होने के नाते करने के लिए	खुरजि बोंदोबोस रे हकिअत नागेन रिका मेनते
भाजपा चुनाव समिति में होंगे नए चेहरे	भाजपा चुनाव समइति रेको ताइना नावा मुआंड़ा (चेहरा)
अगला दिन मेरी मृत्यु का सन्देश लेकर ही आयेगा।	आयार हुलाङ आञाः गोनोएः रआः खोबोर आउ केआतेगे हिजुआ।
उतरना का मतलब अंग्रेजी में जानिए। { उतरना	हाड़ागु रआः ओरोतो अंगे्रजी रे टोरेमे। हाड़ागु
गानें पर पूछ या राग पर पूछ।	दुराङ रेम कुलिञ चा राङ रेम कुलिञ
प्रयत्न व शिथिलता में मधुरता स्थापित करना है।	कुटुरूमुटु आर डिलाओ रे हेड़मान नाता बाइ जोगाओ रआः तानाः।
युवकों से मित्रता हो गयी थी।	दांगाड़ा कोलोः सांेगे लेना।
प्रतिदिन अटैची खोलना अच्छा नहीं लगेगा।	जानाव हुलाङ अटैची निः माजा का आटकारोःआ।
इतने से भी लोगों का दिल नहीं भरा।	नामिनाम रेओ होड़ोकोआः जी का पेरेःजाना।
न पहले चुनाव में रहनुमाई की।	ना गे सिदा सानाला (चुनाव) रे आयारेन जाना।
पांडे़ को इसमें भी अद् भुत समानता दिखी है।	पांडे दो नेआ रेओ दांदान बाराबारि लेलकेदा।
इन से भाग कर आप जा नहीं पाएँगे।	निःआते निर कोआतेओ काम सेनोः दाड़िआः।
मुख्तयार ने तो नमाज पढ़ ली पर रोजे	मुख्यतार दो नमाजे पड़ाव केदा मेनदो रोजा (काटाब)
ये संतुलन कैसे मुमकिन हो सका?	ने बाराबारि चिलकाते होबा दाड़िजाना।
मैं एक अथाह कुंड पर पसरा था।	आञ मिआद इकिरान डोबा रे गितिःआकान ताइकेना।
एक प्रकार की ज्यामितीय आकृति है।	मिद रोकोम रआः ज्यामिती रआः मुटान तानाः।
क्या भारत में संबंधों के मायने बदल रहे हैं	चानाः भारत रे नाता कोरआः माने बादिलिओः ताना।
मैं इन भूमिकाओं से कुछ अलग करना चाहती हूं।	आञ ने कामि कोआते हुड़िङ बिनगा रिकाञ सानाङताना।
और इस बिंदु का कोई आयाम नहीं है।	ओड़ोः ने टुडाः रआः जान मुटान बानोः।
आकाश में मेघ गरज रहे थे।	सिरमा रे रिम्बिल साड़ितान ताइकेना।
ईश्वर समय पर मेरी मदद करते रहते हैं।	सिङबोंगा सोमाए रे आञ देंगा जाञ गेआ।
ये सरीसृप स्थिर ग्रीष्म जलवायु में रहने के आदी थे।	ने बिङको बाराबारि लोलो होयो-दाः रे ताइनको हेवा लेना।
उसके शरीर पर बने काले धब्बे दर्द देते थे।	इनिआः होड़ोमो रआः हेंदे नेद को हासुतान ताइकेना।
हर्षोल्लास से मनाया गया चेटीचंड महोत्सव हनुमानगढ़।	इसु रासिकालोः मानातिङ जाना चेटीचंड पोरबो हनुमानगढ़।
कैसी रही ये पूरी बातचीत जानने के लिए वीडियो देखें।	चिलका ताइजाना ने सोबेन जापागार इतुन मेनते वीडियो लेलेपे।
काल शिकारी आएगा यूँ ही बिन आवाज़	गोनोएः सेंदरानिः हिजुगा नेकागे बेगार साड़ाते
यह बटन गुलाबी रंग का आयाताकार होगा।	ने बटम आराः राङ रआः उपुनकुंड़ु रआः ताइना।
पुलिस ने इसे सरकारी गवाह बनाया है।	पुलिस दो ने होड़ो सरकारी गोवाएः बाइताःइआ।
मुझे तकनीकि झमेले बिल्कुल अच्छे नहीं लगते है।	आञ तकनीकि पांसे को माजा कागेञ आटकारेआ।
यही कुछ अमेरिका में भी हो रहा है।	नेकागे चिमाद अमेरिका रेओ होबाओःताना।
मेर पोस्ट पर आपका इंतजार रहेगा।	आञाः ओनोल (पोस्ट) रे आमाः तांगि ताइना।
इस पुस्तक को निशा निमंत्रण को समर्पित किया।	ने पुथि दो निशा निमंत्रणे ओमाःइआ।
राजनेताओं को इस धरती से लापता हो जाना होगा।	राजनेता को ने धरती आते आदोः लागातिङा।
मृतक की पहचान नहीं हो सकी।	गोजाकानिः काएः चिना दाड़िजाना।
अचानक न्यूज रुम का वह हीरो हो जाता है।	आचकागे खोबोर रूम रे इनिः हीरोए बाइजाना।
साक्षात्कार पूरा होने के बाद ही बोध होता है।	कुपुलि (साक्षात्कार) चाबाजान तायोमतेगे आटकारोःआ।
जोखिम है कि एचआरटी के एस्ट्रोजन प्लस	बोरो मेनाः चि एचआरटी रआः एस्ट्रोजन प्लस
नया नहीं है कुछ भी सूरज के तले	नावा बानोः जानाः सिंगि लातार रे।
वहाँ एक ट्रेन पहले से खड़ी थी।	एनताः मिआद रेलगाड़ि सिदाते तिंगुआकान ताइकेना।
शहर के वाडरें में क्या हो रहा है।	सहर रआः वाड कोरे चानाः होबाओःताना।
उन्होंने कहा कि संतों को राजनीति नहीं करना चाहिए।	इनिः काजिकेदा चि सादु को राजनीति का रिका लागातिङा।
लेकिन उस समय के लोग तो बड़े समझदार थे।	मेनदो एन सोमाए रेन होड़ोको पुराः सेंड़ान को ताइकेना।
किसी भी मोबाईल चार्जर से चार्ज होने वाली नैनो।	जान मोबाइल चार्ज तेगे चार्ज होबाओःतान नैनो।
बहुत शरीफ और डरपोक आदमी थे।	पुराः सोंगड़ा आर पुलकु (बोरोतान) होड़ोएः ताइकेना।
मामलों के निपटारे की अपेक्षा करनी चाहिए।	मामला को सलटाव रआः आसराए लागातिङा।
विपक्ष ने भी सरकार को इस मुद्दे पर घेरा।	विपक्ष को सनते सरकार ने बारे रेको केसेद किआ
विदेशी मुद्रा के साथ मुक्त व्यापार	विदेशी टाका लोः बेगार केनेसेद रआः बेपार
लेकिन फिर मुंबई से फाइलें क्लियर होने लग गई।	मेनदो ओड़ोः मुंबई ते फाइल को ओलबाल एटेःजाना।
उसका साथ छोड़ जाने पर चुटकुले	इनिः बागेजान रआः लांदा जागार।
कितनी तरह के श्याम विवर संभव है?	चिमिन रोकोम रआः हेंदे टोंका दाड़िओःआ?
असम में असमगण परिषद भाषा और आइडेन्टिटी	असम रे असम गण परिषद जागार ओड़ोः उनुरूम
रोटी या चावल के साथ गरम परोसें।	लाद कारेदो मांडि लोः लोलो ओमोःका।
प्रधानमंत्री मनमोहन सिंह और यूपीए अध्यक्ष सोनिया गांधी।	प्रधानमंत्री मनमोहन सिंह ओड़ोः यूपीए अध्यक्ष सोनिया गांधी।
बैठक के बाद उन्होंने दरोगा प्रसाद को बुलाकर बात की।	दुनुब तायोमते इनिः दरोगा प्रसाद राःकिआते जागार जाना।
पर्याप्त पानी रूकने के बंदोबस्त करे।	होबाओः सुमुङ दाः टेकाओः रआः बोंदोबोस रिकाओका।
जब वो जांबाज अपने टूटे शरीर से	चिमताङ एन डिड़गर आपान रापुद होड़ोमो ते
दोनों के ही पिता का नाम रामपाल है।	बारानकिनाः गे आपुआ नुतुम रामपाल तानाः।
मैं असीम के लिये मुंबई भी गया था।	आञ असीम नागेन मुुंबई सन्तेञ सेनकेना।
हिंदी के प्रमुख कथाकार व उपन्या	हिंदी रेन मुद काआनिनिः आद जिलिङ काआनि
डेविड ने गोलियथ को धूल चटाई है।	डेविड दो गोलियथे हारातिङाकाःइआ।
इस देश की जनता मूलरूप से घोटालापसंद है।	ने दिसुम रेन होड़ोको मूल तेदो होपोसोड़ो सुकुआ।
ऐसे ही होते हैं एशियन मर्द।	नेकागेको ताइना एशिया रेन कोड़ाको।
जिस साईं ने दर्द दिया है	ओको साईं दुकुइ ओमाकादा
यहाँ उन्होंने पहली बार स्वराज शब्द का प्रयोग किया।	नेता: इनि: सिदा उतार स्वराज टुङ कामि रे आउआकादा
आतंकी आते हैं और कहर बरपा कर चले जाते हैं।	आतंकवादी को हिजु:आ ओड़ो: ठुल गोए: केकोआते को सेनोआ
गोद ले। और अधिक पढ़ें	कोयोङी मे। ओड़ोः पुराः पड़ावमे।
क्योंकि संतुलन तो बुराई से होगा।	चिआ:चि बाराबारि दो एदका ते होबाओआ
पहाड़ भी छोटा पड़ जाता है।	बुरू सन्ते हुड़िङोआ।
सुर्खियां देना भर ही है क्या मीडिया की जिम्मेदारी?	उमि रआः गे कामि मेनाः चि मीडिया रआः जिमा रेदो?
अपने इतिहास और अपनी प्राचीन संस्कृति से।	आपान इतिहास ओड़ोः नाङको परिआ रआः सासांकिर ते।
उन सिक्कों को बिस्तर की चादर पर फैला दिया।	एन पाएसा को पारकोम रआः बारकि रे पिन्तार केदा।
इस राशि वाली स्त्रियों को कुछ संताप के योग है।	ने राशि रेन कुड़िको हुड़िङ दुकु रआः जोग मेनाः।
और सबसे बड़ी बात स्त्रियों को भी अधिक भाएँगे।	ओड़ोः सोबेनाते माराङ जागार कुड़िको सन्ते पुराः को सुकुआ।
एक और दिनेश से मिलवाने का शुक्रिया।	ओड़ोः मिआद दिनेश लोः नापाम रिका मेनते जोआर।
त्रिशूल ने विष्णु की तर्जनी को बेध दिया।	त्रिशुल दो विष्णुआ ताला डाडोएः गांडुइः केदा।
कम्पनियों के कॉर्पोरेट अभिशासन की निगरानी तथा विनियमन	कुम्पानी कोआः काॅर्पोरेट शासन रआः लेलबाल ओड़ोः बापादाला
शहीदों के त्याग को कभी भी भुलाया नहीं जाएगा।	जी ओमताद (शहीद) कोआः दांड़ें (त्याग) चिउलाओ का रिड़िङोःआ।
ध्वजारोहण की प्रथा इसी का प्रतीक है।	झंडा आपिर रआः चोलोन नेआ रआः चिना तानाः।
जिसे हिमेश ने स्वर से सजाया है।	ओकोआ दो हिमेशा: आड़ाङते साजावाकाना।
हमारा इरादा अपराधियों को टिकट नहीं देने का।	आलेआः मोने दो दुसिदार (अपराधी) को टिकट का ओम रआः।
श्रमिक का धन श्रम होता है।	कामितान कोआः धोन दो कामि तानाः।
इसी मामले में एएसपी लोकेश सोनवाल अब तक फरार है।	ने मामला रे एएसपी लोकेश सोनवाल नाः जाकेदे निराकाना।
यही सोचती थी हर क्षण केवल मनुष्य अपने में जीता	नेआगे उड़ुःतान ताइकेना सोबेन सोमाए होड़ोः इपाएः आपान रेगे जिदेना।
न ही इस ओर की सड़क।	ना गे नेसाः रआः संडका।
मैं तो अभी दूसरे दिन पर ही हूं।	आञ दो नाः एटाः हुलाङ रेगे मेनाञा।
महंगाई के विरोध में बंद रहा क्या सरकार जागेगी?	पुराः गोनोङ रआः बिरूद रे बंद ताइकेना चानाः सरकारे एओनोआ?
जहां लालू के कहने पर राष्ट्रपति राज लगा था।	ओकोरे लालू काजिते राष्ट्रपति राज लागाव लेना।
पिता को सिर्फ महसूस किया जा सकता है।	आपु दो इपाएः आटकार दाड़िओःआ।
हमारे जीवन का प्रत्येक कार्य अभ्यासों के अधीन है।	आबुआः जिदन रआः सोबेन कामि हेएवा रेगे मेनाः।
पुलिस और आर्मी दोनों मिल कर तफ्तीश कर रहे हैं।	पुलिस आर पलटन बारानकिन जामातेकिन जांच ताना।
समलैंगिक लड़कों के साथ लड़ाई में	तालारेन दांगाड़ा कोलोः लड़ाई रे
स्वामीनाथन की कविताओं के लिए यहाँ क्लिक करें।	स्वामीनाथनाः गामु को नागेन नेताः रे क्लिक लेपे।
साजिद फर्स्ट ईयर में पढ़ रहा था।	साजिद सिदा साल (फस्र्ट ईयर) रे पड़ाव तान ताइकेना।
मायावती पर पलटवार के मूड में वरुण गांधी	मायावती चेतान रे काजि रूआड़ा रआः मोनेरे वरूण गांधी
ऐतिहासिक हस्तियों के बारे में पढ़ना अच्छा लगता है।	इतिहास रेन माराङ होड़ोको बारे रे पड़ाव माजा आटकारोआ।
के लिए विशेष ध्यान और विशेषज्ञता की आवश्यकता होती है।	नागेन पुराः धेआन ओड़ोः सेःगिड़ि रआः जारूड़ु होबाओःताना।
पर प्रतिक्रिया की संभावना है हालांकि	मेनदो काजिरूआड़ा (प्रतिक्रिया) रआः ओनमान मेनाः एनाद
लेकिन फ़िर सोचा गुस्साने से कौन जाड़ा कम हो जायेगा।	मेनदो ओड़ोः उड़ुः केदा खाएराव जानरे ओको राबाङ घाटाओःआ।
सज्जाद ज़हीर पंजाब के दौरे पर निकल पड़े।	सज्जाद जहीर पंजाब होनोर रेः उड़ुङजाना।
विदर्भ अभी भी हाशिए पर है।	विदर्भ नाः जाकेद आतोम रेगेआ।
आचार संहिता की बात करते हुए उन्होंने कहा कि समय	आचार संहिता रआः जागार तानलोः इनिः काजिकेदा चि सोमाए
इस पर गहराई से सोचने की जरूरत है।	नेआरे इकिरते उड़ुः रआः जारूड़ु मेनाः।
मैंने बहुत कोशिश की लेकिन कोई नहीं माना।	आञ पुराःगे कुरूमुटु लाः मेनदो जांएओ काको पातिआ जाना।
दोनों बातों में बहुत फर्क है।	बारान जागार रे पुराः बिनगा मेनाः।
रेवती ने जो देखा तो उसका मुंह बिचक गया।	रेवती ओकोआएः लेलकेदा एनातेदो आएआः मोचागे रेपो जाना।
लेकिन अभी तक कहीं से कोई सुनवाई नहीं हुई	मेनदो नाः जाकेद जां ताःते जान सुनवाई का होबाजाना।
राजीव दधीच का यह धंधा केमिस्टों पर चल रहा है।	राजीव दधीचाः ने कामिनाला रानुबाइतान (केमिस्ट) को रे सेसेनताना।
अदृश्य आकाश से मूलभूत कणों को भार मिला	का लेलोः सिरमाते मूद केनेचाः (कण) को भार नामकेदा।
उन्होने जब मेरा यह लेख देखा।	इनिः चिमताङ आञाः ओनोले लेलकेदा।
मार्गों में केवड़े और गुलाब आदि का जल छिड़का गया।	होरा कोरे केवरा ओड़ोः गुलाब एमान रआः दाः हिरचि लेना।
अभी दफ्तर में बहुत काम है न।	नाः उपिस रे पुराः कामि मेनाः चि।
पटना के रंगकर्मी शशिभूषण की स् मृति में कैंडिल मार्च।	पटना रेन रंगकर्मी शषिभूषणाः उनुड़ुः रे मारसाल जुलूस।
विमान हादसे में सौ की मौत	आपिरकाल उयुःजानरे साए होड़ोकोआः गोनोएः
मैंने पूछा भाई साहब यह क्या है।	आञ कुलिकिःआ बोयो नेआः चानाः तानाः?
तापमान हर रोज कम हो रहा है।	लोलो जानाव गे घाटाव इदिओःताना।
नए भावों के अनुरूप नए प्राण आते हैं।	नावा भाव लेकाते नावा जी हिजुःताना।
चाहिए तो सेवा ग्राम बर्धा में	लागातिङा दो सेवा ग्राम बर्धा रे।
कार्यक्रम की अध्यक्षता एसोसिएशन की प्रधान आशिमा सभ्रवाल ने की।	काजिकामि रआः आनायार एसोसिएषन रेन मूद आषिमा सभ्रवाले रिकाकेदा।
उन्हे देख के दिल थामा फितरत है हमारी ये	इनिः लेलकिःआते कुड़ाम चापुना हेएवा तानाः आञाः
इस्पात उत्पादकों को कोक का अभाव नहीं झेलना पड़ेगा।	इस्पात बाइतानको कुइला रआः घाटि का सातिङ होबाओआ।
सरदार पटेल पे पूरी तरह दवाब बनाये रहे नेहरू।	सरदार पटेल चेतानरे पुराः दाबि बाइलाः नेहरू।
न केवल वहाँ उन्नत खिलाड़ी और	ना इपाएः एनताः माजा इनुङतान ओड़ोः
मजहर के पास से देशी पिस्टल और दो कारतूस मिले।	मजहर ताःरे देसी पेस्तोल ओड़ोः बारिआ गुलि नामजाना।
पाक में प्रतिबंधित संगठनों को रैली की अनुमति नहीं	पाक रे रोकाओआकान (प्रतिबंधित) गुट को रैली उड़ुङ रआः हुकुम बानोः।
ये सभी नाटक पिताजी ने टेप करके रखे है।	ने सोबेन चालिता इनुङ (नाटक) आपुञ दो टेप केआतेः जोगाव तादा।
सुगन बाई भगवान सिंह की पत्नी थीं।	सुगन बाई भगवान सिंहआः ओड़ाःहोड़ोए ताइकेना।
ये तमाम लोग काफ़ी हाउस जालंधर की ही पैदावार थे।	ने सोबेन होड़ोको काफी हाउस जालंधर रे गे सिरजावाकान को।
कि बताएं बर्रेनकेबर्मेजा एसीए सम्मेलन में आओ	चि उदुबामा बर्रेनकेबमेजा एसीए दुनुब रे हिजुःमे।
आज माला को गए पाँच रोज हो गए हैं।	तिसिङ माला सेनाकान मोड़े मा होबाकाना।
मंथन के मार्ग को बंद नहीं किया जाता चाहिए।	बिचार रआः होरा का रोकाओ लागातिङा।
मेहनत से अपना काम करती रही।	कुरूमुटु ते आपान कामि रिकातान गेआ।
परन्तु परमेश्वर हर एक को उससे पार ले गया था।	मेनदो सिङबोंगा होड़ो पारतेद को एनाते पारोमे इदि केदकोआ।
संभव है प्रत्यक्ष नहीं तो अप्रत्यक्ष विनिवेश भी करती हों।	होबा दाड़िओःआ लेलेल रे का रेदो का लेलेल रेओ पुंजि लागाव जादा।
इस अवसर पर आयोजित काव्य गोष्ठी की	ने मोका रे नेडालेन साइति दुनुब रआः।
इसमें कोई बेदखल हो जाता हो तो हो जाता हो।	नेआरे जांए पारकाओः (बेदखल) तान रेदो पारकाओःका।
इन सपनों के चित्र महेश कटारे भी खींच लाते हैं।	ने कुमु कोरआः चितार महेश कटारेओ राचाः आउइआ।
कुछ पाइप भी भेजे गये हैं।	चिमिन पाइप सनते कुलाकाना।
यह यात्रियों के लिए खुशखबरी है।	नेआ यात्री को नागेन रासिका रेआः जागार तानाः।
ट्यूमर का पेशिका अस्तर पर आक्रमण	लाइः रे हाराओ दिरि (ट्यूमर) रआः जिलु कोरे तेबागोः।
यह फिल्म आपको कैसे मिली?	ने सिनमा आम चिलकातेम नाम केदा?
उसने मानो सुना ही न हो।	इनिः का आयुम लेकाएः बाइनताना।
साथ रिजर्व बैंक के कैंटीन में चला गया।	लोःते रिजर्व बैंक रआः कैंटीन रे सेनोःजाना।
छात्रोपयोगी विभिन्न प्रतियोगी परीक्षाओं एवं कैरियर डेवेलोपमेंट कोर्सेस का विवरण	पड़ाव होनको नागेन जारूड़ु बिनगा-बिनगा बिडाव लापाः (प्रतियोगी परीक्षा) ओड़ोः जिनीद उनुबार कोर्स (कैरियर डेवलपमेंट कोर्स) रआः बोरनिका।
जिंदगी देने में जुटा एक अनजान योगी	जिदान ओओम रे आचुआकाना मिआद का उरूमाकान जुगि।
दि ऐस्से अपा॓न दि सिविल वार इन फ्रांस।	फ्रांस रआः लाड़ाइ बारे रे ओनोल
क्यों कोई हिरोइन अपना बुढ़ापा स्वीकार नहीं करती?	चिआः जान हिरोइन आपान हाड़ाम सोमाए मेनते काको पातिआः?
सीबीआई राजा से बुधवार को पूछताछ कर सकती है।	सीबीआई दो राजा बुद हुलाङे कुलि दाड़िआःइआ।
कुछ मेरे अपने मोती आपके हारों में सजाने के वास्ते	हुड़िङ आञाः आपान मोती आमाः हिसिर रे साजाव नागेन।
बस में सवार होते ही देखा वह बैठा है।	बस रे देः जानलोःगे लेलकिःआ इनिः दुबाकाना।
बिना किसी परिवेश के यह रुचि कैसे पनपी?	बेगार जान होयो-हिसिद(परिवेष) रआः ने सानाङ चिलकाते ओमोन जाना?
इस बकवास के लिए भविष्य में कोई स्थान नहीं है।	ने बेकेड़-बेकेड़ नागेन हिजुः सोमाए रे जान टायाद बानोः।
इस कारण के लिए अगर यह संभव है एक प्राकृतिक	नेआ रआःते जुदि नेआ होबा दाड़िओआ मिआद प्रकृति रआः
सीतनिद्रा के बाद अपने बालों को जागो	सेता दुड़ुम तायोमते आपान उब को एओन
बताया उन्होंने पहली फिल्म बनाई अपराध।	उदुबकेदाएः आएः सिदाउतार सिनमा बाइलाः अपराध।
असली पते का प्रयोग करते ही नहीं हैं।	आसोल पता दो कामि रेगे काको आउताना।
यही हमारे घर का वातावरण था।	नेकागे आले ओड़ाः रे सेसेन तान ताइकेना।
रंगों की बादशाहत कायम करने की जिद में	राङ कोरआः सुनुगाड़ा (बादशाहत) बाइ जोगाव रआः जारी रे।
तैयार की औेर उसका नाम स्वर्णा रखा।	तेआर केदा ओड़ोः एना रआः नुतुम स्वर्णाएः जोगाव केदा।
मरियम जमीला पूर्व नाम माग्रेट मारकस	मरियम जमीला सिदा नुतुम माग्रेट मारकस
अब की किसी को सर उठाने का साहस नहीं	नाः दो जांएआः बोः दोंदो रआः बोरसा बानोः।
अन्य भाषाओं में अनुवाद करवाने का भी आग्रह है।	एटाः जागार कोरे उल्थाए रआःओ आरजि मेनाः।
मैने कहा भाई काम आपका ही कर रहा हूं।	आञ काजिकेदा हागा आमाः गेञ कामि ताना।
लेकिन मोदी एक कुशल प्रशासक है।	मेनदो मोदी मिआद माजा शासन चालाओनिः तानिः।
ऐसे दुष्ट को कौन घर रखना चाहेगा।	नेकान मुदाइ को ओकोए जोगाव सानाङा।
क्या सीबीआइ सरकार के दबाव में काम करती है?	चानाः सीबीआई सरकाराः दाबि रेः कामिआ?
जिसे अदालत में पेश किया गया।	ओकोआ कोट रेको सामाङ (पेश) केदा।
ऐ दुश्मनाने कौम यतीमों की लो न आह	ओ दुसमान जाति को टुआर कोआः हाए आलोपे आउइआ।
इस शोध से इस क्षेत्र की प्राचीन संस्कृति उजागर होगी।	ने सालापिति (शोध) रे ने इलाका रआः नाङको परिआ रआः सासांकिर लेलोआ।
एक देशभक्त नागरिक भ्रष्ट नही होसकता।	मिआद दिसुम दुलाड़िआ होड़ो होसोड़ो काएः होबा दाड़िओःआ।
सूचना मिलते ही फायरब्रिगेड की एक गाड़ी वहां पहुंची।	खोबोर नामजालोःगे सेंगेल एंडेः (फायर ब्रिगेड) रआः मिआद गाड़ि एनताः तेबालाः।
जबकि ऑस्ट्रेलियाई टीम पहली बार लीग में है।	चिमताङचि आस्ट्रेलिया रआः टीम सिदा उतार इनुङ (लीग) रे मेनाइ।
मैंने इस बारे में बहुत विचार किया।	आञ ने बारे रे इसुपुराःञ बिचार केदा।
भैरवी गुटिका से सिद्ध सूत निर्माण	भैरवी गुटिका ते ठाउकाकान सुताम बानाइ
मन ही से सेऊँ सहज सरुप।पूजा अरचा न जानूँ तोरी।	मोने तेगे सेवाताना सोंगड़ा रूप रआः। बोंगा बुरू काञ इतुआना आमाः।
मानों आप श्री कह रहे है।	मानातिङमे आमगे काजि जादा।
सुग्रीव ने श्रीप्रभा रावण को सौंप दी।	सुग्रीव दो श्रीप्रभा रावणे जिमाःइआ।
कांग्रेस वाले बिचारे क्या कर सकते हैं?	कांगे्रस रेनको बापुड़ी चानाःको रिका दाड़िआः?
प्लास्टिक फेन ब्लेड का प्रोडक्ट विकास	प्लास्टिक पंखा टापान (ब्लेड) बानाइ उनुबार
बाद अमृत पिलाने से क्या फ़ायदा।	तायोमते अमृत आनु केआते चान फाएदा।
ऐसे साधक में समर्पण नहीं होता।	नेकान होड़ोकोरे कामिदेंगा का ताइना।
यह कोई शर्म या अफसोस की बात नहीं है।	नेआ जान गियुः चा दुकु रआः जागार बानोः।
डॉक्टर लहाने को अपने इस कार्य पर प्रसन्नता है।	डाॅक्टर लहाने दो आपान ने कामिः रे रासिकाना।
संतान पर पिता का कोई अधिकार नहीं होता।	होनकोरे आपुतेआः जान हक का ताइनताना।
आज सटीकता का कोई चक्कर नहीं है।	तिसिङ ठाउकाए रआः जान बेरबेड़ाः बानोः।
डार्विन के सिध्दान्त पर चिडियां अपने आप को परखती हैं	डार्विनाः सिद्धांत रे चेंड़ें को आपान को बिडावा।
चाहें जो मजबूरी हो मांग हमारी पूरी हो।	चाए जां लेकातेरेओ अनासि ताले पुराओःका।
निर्यात बढ़ाने के लिए राहत पैकेज पर विचार	एटाः दिसुम रे आकिरिङको हारा मेनते दंेगा टाका रे बिचार
तभी अजय ने मेरी पेंटी भी नीचे खींच दी।	इमताङ गे अजय दो आञाः पेंटेओ लातार साःए राचाः केदा।
इस बात का पता तो जंगल में जाकर लगा।	ने जागार रआः पता दो बिर सेनकेआते लागाव जाना।
सो शिवजी ने अर्जुन की परीक्षा लेने की ठानी।	दो शिवजी दो अर्जून बिडाव रआः ठानाव केदा।
राहुल के भाषण में चुनाव आयोग को दिखी खोट	राहुलाः जागार रे चुनाव आयोग रे लेलजाना दुसि
मकर सक्रांति पर इलाहाबाद में महाकुंभ प्रारंभ हो गया।	मकर संक्राति रे इलाहाबाद रे महाकुंभ एटेःजाना।
मुझे लगता है कि उन्हें अपना बयान वापस लेना चाहिए।	आञ आटकार जादा चि इनिः आपान बेआन आउ रूआड़ा लागातिङा।
बहुत सुन्दर तरीके से अपने उदगार प्रकट किये हैं।	इसु सुगाड़ लेकाते आपान जागारे जोगाव केदा।
वह पगली अब भी कुत्तों से घिरी थी।	एन बालु नाः जाकेद सेताको केसेदाकाइः ताइकेना।
क्या उसकी नज़र किसी को नहीं देख रही?	चानाः इनिआः मेद जांएओ काएः लेलजादकोआ?
गिरीश के गमों की कोई सीमा न थी।	गिरीशा: दुकु रआः जान टंुडु का ताइकेना।
इसी बीच बोधराम ने भी हां कर दी।	ने तालारे बोधराम सनते हे केदा।
वैकल्पिक माध्यम और साधन खड़े करने चाहिए?	एटाः लेकाते कामि ओड़ोः कामि जिनिसि को तिंगु लागातिङा।
इस आयोजन में कई बड़े सेलिब्रिटी शामिल हुए थे।	ने नेडारे चिमिन मापाराङ सेलिबे्रटी को जामा लेना।
वह कहती है कि अगर एक	इनिः काजिताना चि जुदि मिआद
इसकी सम्भावित ऐतिहासिक भूमिका क्या हो सकती है?	ओनमान लेकाते निआः ऐतिहासिक कामि चानाः होबा दाड़िओःआ?
यह आपको कहाँ मिल गया?	नेआ आम कोताःम नामलाः?
परिवार पर मुसीबतों का पहाड़ टूट गया।	ओड़ाः रे दुकु रआः बुरू हांदिड़ि जाना।
इसमें कैंसर विरोधी गुण पाए जाते हैं।	नेआरे कैंसर बुगिओः रआः गुन नामोःताना।
बुद्धदेब बाबू भी इस मामले में बुद्धूदेब बाबू ही निकले।	बुद्धदेव बाबूओ ने मामला रे बुद्धूदेव बाबूगे उड़ुङजाना।
बहुत सोचने के बाद एक पक्का फैसला लिया है।	पुराः उड़ुः केद तायोमते मिआद पाका फएसला आउआकाना।
ग्रंथ का वजन साढ़े सात किलो है।	पुथि दो एआ किलो ताला हाम्बाल मेनाः।
चुनाव जीतने की ताल भी ठोकी।	चुनाव दाड़ि रआः ताल ठोकाव केदा।
उसे विश्वास है क्योंकि रावण उससे ऐसा कहकर गया था।	इनिः पातिआ ताना चिआःचि रावण आएः नेका काजिकेआते सेनकेना।
जिससे यहां पानी एकत्रित नही होगा।	एनाते नेताःरे दाः का हुंडिओआ।
आप सभी को बासंतिक नवरात्र शुभ हों।	आपे सोबेनकोआः चैती दासाइ बुगिनोःका।
मैं सबसे पहले इंग्लिश बुक से कहानियां पढ़ लेती हूं।	आञ सोबेनाते सिदा इंगलिश पुथि ते काआनिकोञ पड़ाव लेआ।
इनकम टैक्स रिटर्न इतना भी मुश्किल नहीं	इनकम टेक्स रिटर्न नामिनाङो बालाए बानोः।
सभी मनुष्य सभी ग्रहों और राशियों का समावेश हैं।	सोबेन होड़ोकोरे सोबेन ग्रह ओड़ोः राशि कोरआः सेमेलेद मेनाः।
पाप पंकिल में कभी तुम ना पड़ो।।	पाप कामि रे चिउलाओ आलोम टोगोआ।
इस तरह के सिक्के का मूल्य	ने लेकान खुचरा रआः गोनोङ
प्रशासन को सूचना मिलने के बाद उन्होंने पुलिस को भेजा।	प्रशासन खोबोर नामकेद तायोमते इनिः पुलिस कुलकेकोआ।
जैतपुर के पास बांडी नदी पर वे स्वयं पहुंची।	जैतपुर जापाः रआ: बांडी गाड़ा रे इनिः आपानगे सेटेरकेदा।
विज्ञापन सम्प्रेषण की एक संपूर्ण कला है।	विज्ञापन तिनिसार रआः मिआद गोटागे कला तानाः।
पॉल लाभ व्यापार और सामाजिक मीडिया के एक वैश्विक दृष्टि	पाॅल लाभ बेपार ओड़ोः सामाजिक मीडिया रआः मिआद लेनेल दुनिया लेकाते
स्मृति कार्ड के उपयोग के माध्यम से विस्तार योग्य	उनुड़ुः कार्ड कामि रे आउ केआते नितिर लेेका।
गम मिलते हैं तो और निखरती है शायरी	दुकु नामोः रेदो ओड़ोःगे साम्पोड़ोआ गामु (शायरी)
इस द्रव्य धन का सर्वश्रेष्ठ भौतिक रूप सोना ही है।	ने उनुर धोन रआः सोबेनाते माजा केटेः मुटान दो सोनागे तानाः।
उसे तो अपने नुकसान की रटन लगी थी।	इनिः दो आपान नोकसान रआःगे काजिआकान ताइना।
प्रसिद्घ वैज्ञानिक डॉ वी के तनेजा को लया ओरेशन अवार्ड	उमिआकान वैज्ञानिक डाॅ वी के तनेजा दो ओरेशन अवार्ड
एक मीनार जो कानून से ऊंची है	मिआद कुंटा ओकोआ दो आइनाते सालांगि मेनाः।
इसके बाद फिटर ने इंजन का प्रेशर खोल दिया।	नेआ तायोमते फिटर दो इंजिन रआः दाबि (प्रेशर) खोलाव केदा।
यकीन मानिये कभी भी निराशा हाथ नहीं लगेगी।	सारते पातिआमे चिउलाओ आसराए का चाबाओआ।
अब सेक्स वैबसाइट्स के लिये स्थायी ठिकाना	नाःदो देपेड़े वेबसाइट नागेन मिदता: रेगे पता
यह मतभेद अनशन के मकसद को लेकर है।	ने टेपेनसा अनशन लेकेआते मेनाः।
छोटे बच्चों की पुष्टि के लिए	हुड़िङ होनको चिनाउरूम नागेन
केवल गाना सून और भूल जा	दुराङ इपाएः आयुमेम आर रिड़िङ केम।
ये वार्ताकार नक्सलियों की मांद तक पहुंच जाते हैं।	ने जापागारनिः नक्सली कोआः लाता ते तेबाःएआ।
कई नामों की सिफारिशें की थीं।	चिमिन नुतुम कोराएः आरजि लाः।
मकान मालिक लगभग तीसेक साल का था।	ओड़ाः किसांड़ा हिसिगेल सिरमा लेका रेनिः ताइकेना।
● भाग लेते हैं और प्रभाव	हिसा आउइआ ओड़ोः कामिचिना(प्रभाव)
डीसी ने तोशाम के अधिकारियों की ली बैठक	डीसी दो तोशाम रेन सायोब कोलोः दुनुबे जोगावलाः।
बगैर किसी गलती के अपने गुणों को साबित किया है	बेगार जान गलती ते आपान गुन कोरआः साबुइति ओमतादा।
उन्हें अपनी बौद्धिक शक्ति पर भरोसा होना चाहिए।	इनिः आपान सेंड़ा पेड़ेः रे बोरसा लागातिङा।
हम साढ़े पाँच बजे ही साहेबगंज घाट पर थे।	आले साढ़े पांच बजे गे साहेबगंज घाट रेले ताइकेना।
गृहिणियां पूरे दिन दीपोत्सव की तैयारियों में जुटी रही।	ओड़ाः होड़ोको गोटा सिंगि सोराई रआः तेआरी रेको आचुआकान ताइकेना।
शायद यही एक जरिया है मेरे प्रतिकार का	इदुजाः नेआगे मिआद होरा तानाः आञ काजि रूआड़ा रआः।
जंगली पहाड़ी भूमि होने से लोग पशुपाल भी करते थे।	बिर बुरू रआः ओते लेकाते होड़ोको उरिः-मेरोमो को आसुल जाकोतान ताइकेना।
क्या रमज़ान के महीने के दौरान संभोग करना जाइज़ है?	चानाः रमजान रआः चांडुः सोमाए देपेड़े ठीकिआ?
मंदिर में संगमरमर और दूसरे पत्थरों का इस्तेमाल किया जाएगा।	मंदिल रे पुंडि जुरूड़ु दिरि ओड़ोः एटाः दिरि लागाओःआ।
दोषसिद्धि के लिए प्रेरणा को साबित करना अपरिहार्य नहीं है।	दुसि ठाआराव मेनते प्रेरणा दो साबुइति ओम पुराः जारूड़ु बानोः।
तुम अपने होश को सम्हाल लो।	आम आपान होश दो सांबड़ावेमे।
ख़बर ऐसी हो जो जनता के दिल के क़रीब हो।	खोबोर नेकान ताइनका ओकोआ होड़ोकोआः जी नाड़ेः रे का ताइन।
हानिरहित सहभोजी बैक्टीरिया का जंगल उगा रखा है।	का घाटि लेकान जोजोम बैक्टीरिया रआः बिर बाइआकाना।
इस पर घर के लोग बहुत नाराज हुए।	नेआरे ओड़ाःरेन को पुराःको हांड़ाजाना।
चीनी मिलें औने पौने दामों में बेच दीं।	चीनी उदाम काल को हुड़िङ गोनोङ तेगेको आकिरिङ केदा।
यही कारण है कि उसका जीवन लंबा नहीं होता।	नेआ रआःते चि इनिआः जिदन जिलिङ का ताइन ताना।
हर घंटे कंट्रोल रूम को दी जाएगी सूचना भास्कर संवाददाता।	घंटा पारतेद कंट्रोल रूम रे ओमोआ खोबोर भास्कर खोबोरिया।
मैं एक लड़का हूं और मेरा नाम राज कुमार है।	आञ मिआद कोड़ाहोन तानिः ओड़ोः आञाः नुतुम राजकुमार तानाः।
साधू ने कहा कि अरे इस में परेशान होने की	सादु काजिआकादा चि आमा नेआरे बालाए रआः
सकारात्मक विचार मन को आन्दोलित कर प्रसन्नता देंगे।	सुगाड़ा बिचार दो मोने उसकुर केआतेः रासिका रिका।
इसने मनुष्यस के लालच को हवा दी है।	निः होड़ोकोआः जुुंबुड़ि गुन कोए हारा रिकातादा।
जिसके फलस्वरूप राज्य में सर्वाधिक रोजगार सृजन हुआ है।	एना रआःते राइज रे सोबेनाते पुराः कामिनाला सिरजावाकाना।
परंतु संरक्षण में दूसरी समस्या है।	मेनदो जोगाव रे एटाः बालाए मेनाः।
आपने प्राय देखा होगा कि लोहे से लोहे कटता है।	आपेपे लेलाकाद गेआ चि मेड़ेद ते मेड़ेद हादोआ।
कई शिक्षाविद् इस सकारात्मक मानते हैं।	चिमिन सेंड़ान होड़ोको नेआ ठाउका को मानातिङ ताना।
किसी वेब पृष्ठ पर हमसे संपर्क करें प्रपत्र जोड़ना	जान वेब पेज रे आलेलोः नापामपे फाॅरमेट जोड़ाव
जिस पर सोम को खबर भी आई थी।	ओकोआरे सोमार हुलाङ खोबोरो हिजुःलेना।
उनमें से अधिकांश घनघोर बीमारियों से ग्रस्त हैं।	इनकुः रे पुराःतेनको सांगि रोग तेको काबुआकाना।
कमर कमानी बार तार सों सुन्दर ताहि सजायो है।	मायाङ आः लेका ऊब एमान कोते सुगाड़ाए साजावाकाःइआ।
शब्द चित्र आपको रोमांचित कर देंगे।	टुङ चितारको आमाः जी बुसुबुसु इरिआ।
पाकिस्तान की सरकार और पार्टियाँ आतंकवादियों से भयभीत हैं।	पाकिस्तान रेन सरकार ओड़ोः पाटीको आतंकवादी कोआतेको बोतोङाकाना।
निहारिका के बैग में दो जोड़ी रुमाल हमेशा मौजूद रहते।	निहारिकाः थाइलाःते बार जुड़ि उरमाल जानावगे ताइना।
एक स्वस्थ परिवार ही देश की उन्नति का सूचक है।	मिआद बुगिन ओड़ाःगे दिसुम उनुबार रआः चिना तानाः।
मैं सारे शिक्षकगण का आभार जताने आया हूँ।	आञ सोबेन पाड़ावतान (शिक्षक) को जोआरेञ हिजाकाना।
☼ मूल सवाल शिक्षा की गुणवत्ता का है।	मूल कुनुलि दो इनितु रआः गुन रआः तानाः।
गिरते हुए यों महसूस हुआ जैसे प्राण निकल गये हों।	उयुगोः तानलोः नेका टोरजाना चि जी गे उड़ुङजान लेका।
सतर्क रह कर जिया जा सकता था।	चिरगाल ताइकोःआते जिदेन दाड़ि जानतेआ।
सेट पर एक फिल्म स्कूल के प्रशिक्षु अनुभव	सेट रे मिआद सिनमा इसकुल रेन इतुतानिआः कामि इनितुको।
आधे में लोमड़ी और आधे में उसकी पूंछ।	तारा रे तुयु ओड़ोः तारा रे इनिआः चाःलोम।
दुनिया के सिर्फ सात देशों में बोली जाती है अंग्रेजी।	दुनिया रआः इपाएः एआ (सात) दिसुम रे जागारोःताना अंगे्रजी।
रूख करते हैं राजधानी दिल्ली का।	सेनमुलिआबु राजधानी दिल्ली साः।
महाशक्तियों में शामिल होने जा रहा है।	माराङ पेड़ेगान (महाशक्ति) कोरे जामा मेनते सेनोःताना।
इन दोनों में कोई विरोधाभास नहीं है।	ने बारानाः रे जान बिपिनगा बानोः।
द प्रोटोकॉल ऑफ द एल्डर्स ऑफ जियोन	जियोन रेन हाड़ाम कोआः प्रोटोकाॅल
केके और श्रेया घोषाल के स्वर आकर्षित करते हैं।	केके ओड़ोः श्रेया घोषाल ताकिना: आड़ाङ जी राचागो: लेका मेनाः।
भाई का फर्ज निभाया था अज्ञेय ने	हागा रआः बारोमे गो: लाः अज्ञेय दो।
सीएनआर राव ने आइआइटी कानपुर को भी गौरवांवित किया है।	सीएनआर राव दो आइआइटी कानपुरे गोरोब रिकाकादा।
अभी तो वह सर्वोच्च दंड है।	नाः दो एना सोबेनाते माराङ दांड़ें तानाः।
पर यूनान में आपस में लड़ाई होती रही।	मेनदो यूनान रे आकोरेगे लाड़ाइ सेसेनजाना।
उसने मेरे हाथ को रोकने की नाकामयाब कोशिश की।	इनिः आञाः ती रोकाओ रआः कोसिसि का लेकागे रिका केदा।
कभी पाकिस्तान की निन्दा भी कर दिया करें।	जां इमताङ पाकिस्तान रआः हिलाङो रिका नोःलेम।
बदले बदले मेरे सरकार नजर आते हैं	बादिलि-बादिलिआकान सरकार ताञाःए लेलोःताना।
जबकि हम करते इसके ठीक उल्टा हैं।	चिमताङचि आबुबु रिकाएआ नेआराः ठीक उल्टा।
नहीं तो उस कॉलोनी में जाना बंद कर दो।	कारे दो एन काॅलोनी रे सेनोःगे होंकाताम।
विचार करना आवश्यक प्रतीत होता है।	बिचार तेआः जारूड़ु आटकारोःताना।
वैलंटाईन हो या करवा चौथ।	वैलेंटाइन होबाओः चा करवा चैथ।
तुम इस मन्दिर में ही चले गए।	आम ने मंदिल रेगेम सेनोःजाना।
मेरे साथ तीन साथी और थे।	आञलोः आपिआ सोंगे ओड़ोःको ताइकेना।
फिलहाल कुछ भी नहीं कहा जा सकता।	नेसोमाए जेतनाः का काजि दाड़िओःआ।
राजनीतिक भँवर में अपने वजूद को ढूंढता मुसलमान	राजनीति रआः साड़ागि रे आपान उनुरूमे दांड़ातान तुड़कु।
पूरे परिवार की हिफाजत करना पुलिस की ड्यूटी है।	गोटा ओड़ाः रेनको लेलजोगाव पुलिसाः कामि तानाः।
ऑस्ट्रेलिया के राजनेता भारतीयों पर होने वाले घातक	आस्ट्रेलिया रेन राजनेता भारत रेनको चेतान होबाओःतान बोरोआन
क्योंकि मैंने पर पुरुष का सेवन किया है।	चिआःचि आञ एटाः कोड़ालोः गितिःआकाना।
विशेषकर वो बकरी और घास वाली कविता।	पुराःते एन मेरोम आर तासाद रआः काआनि।
जिला अधिवक्ता संघ की आम सभा सम्पन्न	जिला उकिल संघ रआः आम दुनुब सांगोम जाना।
हमारी प्रवृत्ति के हेतु कुछ यत्न करने की आवश्यकता नहीं।	आबुआः चोलोन नागेन हुड़िङ जुगुतु रआः जारूड़ु बानोः।
दीवार पर कैसे भर पाओगे भेद भाव की दरार	पाचिरि रे चिलकातेम पेरेः दाड़िआः चिपिलाङ रआः पाड़ाः
खुद प्रधानमंत्री मनमोहनसिंह वहाँ मौजूद थे।	प्रधानमंत्री मनमोहन सिंह आएःगे एनताःए ताइकेना।
इसमें धँसाव शीघ्र होता है और प्रवालजीव मर जाते हैं।	नेआ सेकेड़ा हांदिड़िओःआ आर एनरेन गादेद रेन जिउ को गोजोआ।
रक्तदान के बारे में कुछ मुख्य बातों को देखें।	मायोम दान बारे रे हुड़िङ मुद जागार को लेल लेपे।
फैशनेबल के माध्यम से इन चार घंटे	फैषन रआः होराते ने उपुन घंटा
तथ्यों की दृष्टि से शायद नहीं।	सारते लेकातेदो इदु का।
पुलिस ने एक आरोपी को हिरासत में ले लिया है।	पुलिस दो मिआद दुसिनिः साबाकाःइआ।
बहुत कम लोगों को इस बारे में जानकारी होगी।	इसु हुड़िङ होड़ोको ने बारे रेको इतुआना।
स्नेहवश नाम रखा गया रमेश कुमार।	दुलाड़ाते नुतुम जोगावजाना रमेश कुमार।
ऐसे ही लाचार लोग वहाँ भी हैं जैसे हमारे यहाँ।	नेकागे बापुड़ि होड़ोको एनताः रेओ मेनाःकोआ चिलका आबु नेताः।
अन्यथा आपका अध्ययन प्रभावित हो सकता है।	कारेदो आमाः पड़ाव टेकादो दाड़िओःआ।
दादा ने दो बातें हमें सिखाईं।	दादा दो आले बारिआ जागारे इतुआकाद लेआ।
इस हादसे में एक राहगीर चपेट में आ गया।	ने हुनि रे मिआद होरा सेननिः टोःजाना।
हमारा आदर तो केवल भगवान ही कर सकते है।	आबुआः माइन दो इपाएः सिङबोंगा गे रिका दाड़िआः।
बोलत बैरी बिहंगम देव संजोगिन की भई संपत्ति काची।	काजितानाएः दुसमान माराङ देव कुड़िआः होबाजाना सोबेन धोन
जिस लिखे को मिटाया नहीं जा सकता।	ओको ओनोल का मेटाओ दाड़िओःआ।
मामले की जांच लेखपाल छोटेलाल वर्मा ने मौके पर की।	मामला रआः जांच लेखपाल छोटेलाल वर्मा दो मोका रेगे रिकाकेदा।
ठीक है निर्देशक की अपनी मर्ज़ी।	ठीक मेनाः निर्देशक तकिना: आपान सुकु।
मिशन एडमिशन तेजी से जारी है।	मिशन एडमिशन जोरते सेसेनताना।
वे जीव वायु रूप होकर भटकते हैं।	ने जिउ को होयो रूप तेको बियुर बेड़ाना।
उन पर सी का फोटो क्या नाम तक नहीं था।	एनारे सी रआः फोटो चानाः नुतुम सनते का ताइकेना।
अच्छे लगें पर आप उतने ही	माजाम टोरजाना मेनदो आम इमनाम गे।
वो भी बस दिल्ली के अंदर करनी थी।	एनाओ इपाएः दिल्ली बितार रेगे रिकातेआः ताइकेना।
गाँव में उनका बड़ा मान था।	हातु रे इनिआः पुराः माइन ताइकेना।
इस लिए हमें शुक्रिया अदा करना होगा	एनामेनते आबु जोआर रूआड़ा लागातिङा।
पूजा भट्ट से मिलने चाहता है।	पूजा भट्टलोः नापामे सानाङताना।
इससे उनका एकांगी विकास ही हो रहा है।	एनाते आएआः एसेकार उनुबार गे होबाओःताना।
इसके अन्य कहीं प्रकाशन की अनुमति लेना आवश्यक है।	नेआराः एटाः जांरे चानापा रआः हुकुम आउ जारूड़ु मेनाः।
इससे इस योजना पर संकट के बादल छा गये।	नेआते ने योजना रे सोंकोटो रआः लारि दालोब जाना।
नब्बे के दशक में बाबरी मस्जिद विध्वंस और	उपुन हिसि गेल (नब्बे) सिरमा रे बाबरी मस्जिद उतुड़ु ओड़ोः
आस पास दोस्त थे नहीं।	जापाः कोरे सांेगे काको ताइकेना।
देश में कुछ कानून तो अंग्रेजों के जमाने के हैं।	दिसुम रआः चिमिन आइन को दो अंगे्रज सोमाए रआः तानाः।
पर दोनों ने विजय संकल्प रैलियां तो खूब की।	मेनदो बारानकिन दाड़ि रआः किरिआ रैलीदो बेसेकिन रिकाकेदा।
उठते नहीं हैं हाथ मेरे इस दुआ के बाद।	का राकाबोः ताना ती आञाः ने गोआरि तायोमते।
यदि तोड़ना है तो एक तरफ से सबका निर्माण तोड़ो।	जुदि रापुदे रेदो ताराजापाः ते सोबेनकोआः बानाइ रापुदोःका।
लोग उसके लेख पढ़ कर तिलमिला उठते थे।	होड़ोको इनिआः ओनोल पड़ाव केआते जोर को खाएराव तान ताइकेना।
सुसंगति प्रतिभा के विकास में चार चांद लगाती है।	सेड़ांन कोलोः जारू गुन को हाराए रे उपुनिआ चांडुइ लागावएआ।
सऊदी से ही साब्ररी ब्रदर्स के कैसेट भी लाए जाते।	सउदी आतेगे साब्ररी ब्रदर्स ताकिनाः कैसेटो आउजानतेआ।
मित्रों को इन मामलों की खबर तक न दी।	सोंगेको ने मामला रआः खोबोर जाकेद काएः ओमाद कोआ।
जिसका उत्तर आपको न मिला हो।	एनाराः काजि रूआड़ा आम काम नामाकादा।
शम्स और मेहताब भी वहाँ खेलते थे।	शम्स ओड़ोः मेहताब ताकिनो एनताःकिन इनुङतान ताइकेना।
वो पीछे होने लगी तो अचानक गिर पड़ी।	इनिः तायोमसाः उसार इदिनजाना दो आचकागे उयुःजाना।
घरेलू मांग सुधरने से मेंथा तेल मजबूत बिजनेस ब्यूरो	ओड़ाः कोरे अनासि सुधराओ जानाते मेंथा सुनुम पोकोतो बिजनेस ब्यूरो
अरे भाइयो किसी ने गौर किया क्या?	ओ हागाको जांए लेल चोटेः ला: चि?
यह नेताओं का गिरगिट की तरह रंग बदलना।	ने नेता कोआः टेटेंगा लेका राङ बादिलि।
तो शुगर कोटेड गोली की तरह लगता।	दो चीनी ते पाटुड़िआकान गुलि लेका टोरजानतेआ।
हमारी चिंता निरंतर बढ़ती जा रही थी।	आलेआः उड़ुः ओड़ोःगे हारा इदिओः तान ताइकेना।
अन्य भुजाओ में एक मध्यम तथा दूसरी छोटी थी।	एटाः सुपु कोरे मिआद तालानोः ओड़ोः एटागाः हुड़िङ ताइकेना।
बात हमारी कहने को कोई तो आवाज़ उठाएगा	जागार आबुआः राकाब नागेन जांए दोए काकलाएआ।
स्कूली लड़कों के पास एक खासकिस्म का	इसकुल पड़ाव कोड़ाहोनको ताःरे मिआद बिनगा लेकान
यह संगठन एक स्वायतशासी राज्य की मांग कर रहा है।	ने गोट मिआद बिनगा राइजे आसिताना।
वार्ता के जरिए समस्याओं का शांतिपूर्ण हल निकाला जाना चाहिए।	जापागार लेकातेगे बालाए कोरआः शांतिते हानाल उड़ुङ लागातिङा।
उनके अंदर विज्ञान संचार के प्रति एक जुनून है।	इनिआः बितार रे विज्ञान तिनिसार रआः मिआद जुलुङ मेनाः।
शपथ लेकर पहली बार दिल्ली आए।	किरिआ जोम केआते सिदा उतार दिल्ली हिजुःलेना।
पूँजीवादियों के ही हाथों में हैं।	पूंजीआन कोआः ती रेगे मेनाः।
खुद भाजपा ने इस महत्व को बरकरार रखा है।	भाजपा आए:गे ने मानाराङे बाइ जोगाव तादा।
दरिद्रता के लिये वहाँ कोई अवकाश नहीं था।	रेंगेः मेनते एनताः जान छुटि का ताइकेना।
बाकी रामप्यारी का हिंट की परतीच्छा में बैठ्याँ छाँ।	ओड़ोःको रामप्यारीआः चुंडुल रआः तांगि रेको दुबाकान ताइकेना।
के चित्र शुरू करने के लिए	रआः चितार बाइएटेः नागेन।
बेहतर होगा अभी से बयान बदल दो।	माजाओःआ नाःआतेगे बेआन बादिलि केम।
अनायास नजरें कमरे की तरफ भी जाती हैं।	आचकागे मेद कुटुरि साःओ सेनोःताना।
अब उक्त युवती तीन माह से गर्भवती है।	नाः दो एन दांगिड़ि आपि चांडु रआः होड़मो कोरे मेनाइआ।
पुस्तकालयों की बुरी स्थिति के जिम्मेदार हम हैं।	पुथि ओड़ाः रआः एदका दासा मेनते आबुगे जिमादार तानको।
दीक्षांत परेड में रामदास प्रथम आता है।	दीक्षांत परेड रे रामदास सिदा नंबर रे हिजुःताना।
तुम्हारी स्तुति क्या हो सकती है?	आमाः गोआरि चानाः होबा दाड़िओःआ?
मीडिया को जनहित में काम करना चाहिए।	मीडिया दो होड़ोकोआः भलाइ रे कामि लागातिङा।
उसके साये में रियासत के विद्रोहियों को आश्रय मिले।	इनिआः उम्बुल रे राइज रेन उलगुलान तानको टांव को नामेका।
कुलदीप को कोई जवाब नहीं सूझा तो चुप्पी लगा गया।	कुलदीप काजि रूआड़ा काएः इतुकेदा चि हापे गिड़िनजाना।
कुछ दक्षिण भारत से रहते हैं।	चिमिन दाखिन भारत आते मेनाःकोआ।
दिया जाता है जार से भरपूर पानी	ओमोःताना जार ते पुराः दाः।
लेकिन ऊससे क्या फर्क पड़ता है।	मेनदो एनाते चानाः बागड़ाओआ।
बलरामपुर में रूकने के लिए एक ही लॉज है।	बलरामपुर रे ताइनोः मेनते मिआदगे भाड़ा ओड़ाः मेनाः।
क्या आप अपने दादा के पापा को जानते हैं?	चानाः आम आपान ताता हाड़ामा आपुतेम इतुआना?
संत कवि सिंगाजी को निमाड़ के कबीर कहा जाता है।	संत गामुहारिआ सिंगाजी दो निमाड़ रेन कबीर काजिओःताना।
इस दिशा में अभी शुरुआत ही हुई है।	ने मुलिः नाःगे एटेगाकाना।
याद आ गया द ग्रेट डिक्टेटर का वो सीन	उड़ुःनामकेदा द ग्रेट डिटेक्टर रआः एना सीन
पिछला जब ग्राहकों निडर जाओ अगला डिजिटल हस्ताक्षर	तायोेम चिमताङ गाहकी को काको बोरोएआ हिनिजुः डिजिटल साक्षर
वहां से मुकेश भट्ट गुजर रहे थे।	एनता:ते मुकेश भट्ट पारोमतान ताइकेना।
साथ मे यह विकास भी है अपनी आध्यात्मिक यात्रा का।	लोःते नेआ उनुबारो मेनाः आपान आध्यात्मिक जातरा रआः।
स्टाईलिश लाल प्रोवोग की स्वेटर और स्टोनवाश्ड जीन्स।	स्टाईलिश आराः उरगुम सुताम रआः स्वेटर आर दिरिरे सापाओः जिन्स
औषध पुनर्वसन और मेथाडोन लक्षण पता होना चाहिए	रानु दुबरूआड़ा ओड़ोः मेथाडोन रानु चिलकाएः कामिआ इतुआन लागातिङा।
अपने ही राम ने गडकरी से मांगा इस्तीफा	आपान राम गे गडकरी दो इस्तीफाए आसे किःआ।
नंदीग्राम में चल रही है वर्चस्व की लड़ाई	नंदीग्राम रे सेसेनताना चेतानेन रआः लाड़ाइ
फिर बाद में हम दोस्तों ने एक रास्ता खोज निकाला।	ओड़ोः तायोमते आले सोंगे को मिआद होराले दांड़ाउड़ुङ केदा।
प्रेमचन्द भी इसी का शिकार हुए हैं।	प्रेमचन्द सन्ते नेआरेगे सेन्दरा लेना।
चल मान लिया ना के तुम्हारे पूर्वज पापी थे?	दोलाञ मानातिङ जाना चि ना गे आमाः पुरखा को पापी ताइकेना?
पर ख़त्म न हुई मेरी तलाश	मेनदो का चाबाजाना आञाः खोजार
मैं अपने जमाने का सबसे हार्ड एक्टर हूँ।	आञ आपान सोमाए रेन सोबेनाते पोकोतो एक्टर तानिः।
दरअसल भ्रष्टाचार देश के समाज में घुस गया है।	आसोलतेदो होपोसोड़ो दिसुम रआः समाज रे बोलोआकाना।
इस पर भी पत्नी मुझे समझती है	एनरेओ ओड़ाःहोड़ो आञे टोरनामिञा।
आगरा जिले में शहर व गांव	आगरा जिला रे सहर आर हातु
तय समय पर बारात भी आई।	ठाउकाकान सोमाए रे बारातो हिजुःजाना।
सुचित्रा मिश्रा हत्याकांड की गुत्थी सुलझी रांची।	सुचित्रा मिश्रा गोनोएः कांड रआः टोंडोम राड़ाजाना रांची।
किंतु दूसरे ही पल वह स्वयं को कोसने लगती।	मेनदो एटाः घाड़िगे इनिः आपानगे खींसेन ताना।
तालीम के लब्ज़ों को हम तीर बना लेंगे।	इनितु रआः पुनुचिद को आबु सार बु बाइआ।
टेक प्रतिक्षेप सिलिकन वैली हाउसिंग लिफ्टों	टेक प्रतिक्षेप सिलिकन वैली हाउसिंग लिफ्ट को
अब मैसेज जो मेरे कार्यकर्ता देंगे वही मैं मानूंगा।	नाः दो खोबोर ओकोआ आञाः कार्यकर्ताको ओमेआ एनागे पातिआः।
माँ शार्दे की पूर्ण कृ्पा है आप पर।	मां शारदेआः पूरा किरपा मेनाः आमरे।
एक अच्छे विचार के साथ हमने व्यभिचार किया है।	मिआद सुगाड़ा बिचार लोः आले एदकाले कामिआकादा।
अब चाहें कुशवाहा हों या फिर बादशाह सिंह क्या फर्क।	नाःदो चाए कुशवाहा ताइनोः चा ओड़ोः बादशाह सिंह चाना बिनगा।
जिनमें से अधिकांश एशियाइ मूल की हैं।	एनाकोरे पुराःतेनको एशिया मूल रेनको।
सारे कुएँ में भ्रष्टाचार की भांग पड़ी है।	सोबेन कुआं रे होपोसोड़ो रआः भांग (बुनुल) लेआकाना।
मैं सार्व जनिक जीवन में हूं।	आञ सांगि जिदन रे मेनाःञा।
अब हर आदमी अपने आप में संपूर्ण है।	नाःदो होड़ो पारतेद आपान रेगे पूरा मेनाःकोआ।
होलिका दहन में लकड़ी का बढ़ता प्रयोग चिंताजनक है।	होलिका ओंडोर रे सान पुराः जुल उड़ुः रआः जागार तानाः।
उनसे हमें एकजुट होकर लड़ना होगा।	इनिलोः आबु मिदते-मिसाते लाड़ाइ होबाओआ।
में विला। कोई टिप्पणियाँ »	रे विला। जान काजि।
इसी समय रक्तचाप का मापन करना चाहिए।	ने सोमाएगे मायोम निनिर (रक्तचाप) जोका लागातिङा।
उन्होंने कहा कि ट्रस्ट की सभी गतिविधियों में पारदर्शिता है।	आएः काजिकेदा चि ट्रस्ट रआः सोबेन काजिकामि को लेलोः लेका मेनाः।
सबके सब पापी नहीं होते।	सोबेन को पापी काको ताइना।
मेजबान इसकी तैयारियां शुरू कर देते है।	आगुआ को नेआराः तेआरीको एटेः उतारेआ।
धर्मशास्त्र प्रवर्तन का स्वरूप समाज की स्वीकृति पर आधारित है।	धोरोम सास्तोर बादिलि रआः मुटान समाज रआः हेके रेगे टेकाओआकाना।
और फिर सोचिये कि क्या सही है और क्या गलत।	ओड़ोः उड़ुःइपे चि चानाः सही मेनाः आर चानाः गलती।
सो वह दिसंबर से पहले चुनाव नहीं कराएंगे।	एनामेनते इनिः दिसंबर आते सिदारे चुनाव काएः रिकाएआ।
इनसे ही जगत गुलजार है आजकल तो।	निः तेगे साजावाकाना दुनिया निमिर दो।
क्लास में वह हमेशा आगे ही रही।	क्लास रे इनिः जानाव आयार रेगे ताइकेना।
मनुष्य का कोई अगला या पिछला जन्म नहीं होता।	होड़ोआः जान आयार आर तायोम जोनोम का होबाओ ताना।
लेकिन किसी ने अपनी असलियत बताना मुनासिब नहीं समझा।	मेनदो जांए आपान सारतेआः उदुब काको मोने केदा।
टी वी परिवार का एक सदस्य सा लगता था।	टीवी दो ओड़ाः रेन मिआद सदस्य लेका टोरोःतानकेना।
आजाद के खिलाफ भाजपा देगी विशेषाधिकार हनन का नोटिस	आजादाः बिरूद रे भाजपाएः ओमेआ विशेषाधिकार हनन रआः नोटिस
लेकिन उसके पास रुपए नहीं थे।	मेनदो आएताः टाका का ताइकेना
असली लेखक मजबूत कलेजे वाला बेशर्म होता है।	आसोल ओलनिःदो केटेः ईम रेन का गियुःआने ताइना।
सोसायटी के सभी बच्चे वहीं खेलने आते थे।	समाज रेन सोबेन होनको एनताः इनुङको हिजुः तान ताइकेना।
यह जानकारी चीनी वाणिज्य दूतावास के अधिकारियों ने दी है।	ने इनितु चीनी वाणिज्य दूतावास रेन सायोब को ओमाकादा।
इसका प्रोसेस बहुत सरल होता है।	नेआराः काजिकामि इसु राबाल ताइना।
हैप्पी होली हैप्पी होली हैप्पी होली	रासिकान फागु रासिकान फागु रासिकान फागु
तो कौन रखे याद इस तारीख को।	दो ओकोए उड़ुः जोगावया ने तारिकि दो।
का नई दिल्ली में स्वागत है	आः नई दिल्ली रे दारोम मेनाः।
इसके बावजूद अर्जुन निराश नहीं करते।	एनरेओ अर्जून जी काएः हुड़िङ रिकाएआ।
मैं ये जरूर मानती हूं कि मुझसे लापरवाही हुई है।	आञ नेआ जारूड़ु मानातिङ ताना चि आञते डिलाओआकाना।
एकदम सुबह की बात थी मैं सोकर उठा था।	सेताः सिंगाड़ा रेआः जागार ताइकेना आञ दुड़ुम बिरिद केना।
गाड़ी आराम से चल रही थी।	गाड़ि लेमकेन सेसेनतान ताइकेना।
मुझे कुछ लोग कहतें थे।	आञ चिमिन होड़ोको काजिआञ तानकेना।
इन् हें ओमेन से समझा जा सकता है।	निः ओमेन ते बुजाओ दाड़िओआ।
और मृत त्वचा कोशिकाओं को रोकने	ओड़ोः गोएः ऊर कोसा (कोशिका) को रोकाओ
दोनों बेताल उन्हें मानसरोवर के तट पर लाए।	बाराना बोंगा (बेताल) इनिः मानसरोवर आतोम तेकिन आउकिःआ।
वह कोई जनरल नहीं है जो सेना उनकी बात सुने।	इनिः जान जनरल का तानिः चि आएआः जागार आयुमेआ।
मुत्सद्दी यहाँ उपनाम भी होता है।	मुत्सद्दी नेताः साकि (उपनाम) नुतुमो ताइन ताना।
कानूननहीं हैं तो कानून बनाए जाएं।	आइन बानोः रेदो आइन बायुःका।
यह तो बात हुई हानिकारक या ऋणात्मक प्रभाव की।	नेआ दो जागार होबाजाना घाटि रआः चा घाटिओः लेकानाः।
इन पत्थरों की कीमत हजारों में होती हैै।	ने दिरि कोरआः गोनोङ हजाराते पुराः मेनाः।
हमने तो दे दिया अपने को	आले दोले ओमाःइआ आपान गे।
हैं और इतिहास में दर्ज हो रही	मेनाः ओड़ोः इतिहास रे ओलोःताना।
तब स्रीनिवास को लगा जैसे उसे कोई बुला रहा हो।	इमताङ श्रीनिवासे आटकार केदा चि इनिः ओकोए काकला जाःइआ।
वो रोज़ ऐसे किस्से सुन कर घर आती हैं।	इनिः जानाव नेकान काआनि आयुम केआते ओड़ाएः हिजुः ताना।
जिला कोर्ट में आरोपी को गोली से उड़ाया	जिला कोर्ट रे दुसिदार को ठुल गोएः किआ।
मोहल्ले की तमाम औरतें हैरान होती हैं।	टोला रेन सोबेन कुड़ि को दांदाओः ताना।
इससे कभी ऊब ही नहीं सकते।	नेआते चिउलाओ आसादि गे का आसादिआ।
इससे त्वचा में रक्त का संचरण भी बढ़ता है।	नेआ रे ऊर रे मायोम दाउड़िओ हाराओआ।
देती हुई उसमें अपना पूर्ण समर्पण कर देती है।	ओमतानलोः एनारे आपान सोबेने जिमाना।
ब्रह्मा जी का मोह और उसका नाश वन लीला	ब्रम्हा जीआः जी रानाचाः ओड़ोः इनिआः नाश बिर लीला
फिर तेरे कूचे को जाता है खयाल	ओड़ोः आमाः हाटिया ते सेनोःताना उड़ुः
किस हक़ से हिन्दुओ के वोट मांगते हो?	ओको हक ते हिन्दु कोआः भोट आसिताना?
आम जनता के किचन का बजट बिगड़ सकता है।	आम होड़ोकोआः मांडि ओड़ाः रआः हिसाब-किताब बागड़ाव दाड़िओःआ।
वे की तरह लग रही भारी	इनिः लेकाए आटकारोःतान ताइकेना हाम्बाल
उनमें से एक तो बस आधे घंटे पहले।	इनकुः रे मिआद दो इपाएः आधा घंटा सिदा।
उन्होंने खुद भी शराब पी रखी है।	इनिः आएःतेओ आरकि नूआकादा।
उसी के साथ राष्ट्रभाषा सम्मेलन भी किया गया।	एनालोःगे दिसुम रआः जागार (राष्ट्रभाषा) सम्मेलन जाकेद रिका जाना।
ऐसी सिथत को होरोस्कोप पर चिनिहत किया जाता है।	नेकान दासा दो राशिफल(होरोस्कोप) रे चिनाओः ताना।
लेकिन अब सिन्गप्पूर दाम अंतरराष्ट्रीय माना जा रहा हैं।	मेनदो नाः सिंगपुर गोनोङ एटाः दिसुम जोकारे (अन्तर्राष्ट्रीय) मानातिङोः ताना।
फिर भी यहां का किसान दुखी है।	एनरेओ नेताःरेन चासि को दुकु रेकोआ।
विष्णु सहस्रनाम का पाठ किया जाना शुभ फलदायक होता है।	विष्णुआः साए नुतुम रआः पाठ रिका दो माजा जो ओमतान होबाओआ।
गत वर्ष की तुलना में वृद्धि प्रतिशत	सेनोःजान सिरमा रआः जोका रे हानारा प्रतिशत।
को औसतन दोगुना या तिगुना कर चुकी है।	दो सामजामा दोबोड़ा कारेदो आपि गुना रिकाकादा।
द्रविड़ धीरे से मुस्कुराए और सचिन को बधाई दी।	द्रविड़ मुगुइकेन लांदा नोःकेदा आर सचिन बधाईए ओमाःइआ।
उन्होंने पत्रकारिता के मूल्यों के साथ कभी समझौता नहीं किया।	इनिः पत्रकारिता रआः गोनोङ लोःते चिउलाओ काएः समझौता केदा।
लेकिन संजय पुलिस तफ्तीश में शामिल नहीं हुआ।	मेनदो संजय पुलिस जांच रे काएः जामान जाना।
बागवां के चेहरे पे चमक अनोखी होती है	बागवांः मुंआड़ा बिनगा के जुलोआ।
फिर यह इधर हमारे तीर्थयात्रियों पर कुछ अनाप शनाप बोला।	ओड़ोः निः नेसाः आले तीर्थयात्री कोलोः जानाःगे बोजकाओ केदा।
सोचा कि शर्मा जी वाली कनपुरिया डिश निपटा ली जाये।	उड़ुःकेदा चि शर्मा जीआः कनपुरिया जोमतेआः सलटाओ लेआ।
हिंदी विश्वविद्यालय में गांधी जयंती समारोह	हिंदी विश्वविद्यालय रे गाँधीआः जोनोम मा जारू
मेरा तो दिमाग खराब हो गया है।	आञाः दो मोलोङ गे बागड़ावाकाना।
उस पर किसी का हुक्म नहीं चलता।	इनिः चेतानरे जांएआः हुकुम का चालाओआ।
अगली बार आऊगा तो फिर से सुनाइएगा। नमस्कार	ओड़ोः मिसाञ हिजुः रे दो ओड़ोःम आयुमाञा।
महाराजगंज में लाश के बदले मिलती है मोटी रकम	महाराजगंज रे गोएःहोड़ो बादिलि रे नामोआ बेसे टाका।
लटें बेतरतीब होकर यहां वहां फैल गए हैं।	बोः रआः ऊब को रिपि-रिपितान नेताः-हेन्ताः तासेआकाना।
लखपति बनने का आनन्द पता नहीं कब मिलेगा?	लाखपति बाइन रआः रासिका इदु चिमताङ नामोगा?
मेरे मन में भी गुदगुदी होने लगी।	आञाः मोनेओ गोलाङ जाना।
दलाई लामा की वेबसाइट से जुड़ सकेंगे हिंदी भाषी	दलाई लामाः वेबसाइट तेको जुड़ाः दाड़िओआ हिंदी जागारतानको।
दण्ड शब्द केवल संन्यासियों के हाथमें रहनेवाले	दांड़ें टुङ इपाएः सादु कोआः ती रे ताइनोआ।
भगवान जब सृष्टि कार्य हेतु उन्मुख हुये।	भोगोमान चिमताङ सिरजान कामि नागेने साम्पोड़ो लेना।
जन्नत का मज़ा आ रहा था।	सोरोग रआः सुकु नामोःतान केना।
मैं ही केवल साढ़े दस साल की थी।	आञगे एसेकार गेल सिरमा आधा रेनिः ताइकेना।
इसके समानान्तर ही एक स्थिति और है।	नेआराः बाराबारि गे मिआद नेकानाः ओड़ोः मेनाः।
कौन वस्त्रादि की इच्छा रखता है?	ओकोए लिजाः एमानकोरआः सानाङे जोगाओआ?
अंतर्राष्ट्रीय मानव अधिकार कानून में एलएलएम	अन्तर्राष्ट्रीय मानव अधिकार आइन रे एलएलएम
कैसे हम आप चाहते तो है पर बेबस है।	चिलकाते आले आम सानाङ दो सानाङताना मेनदो नाचार गेआबु।
तभी प्रदेश में विकास होता है।	इमताङगे प्रदेश रे उनुबार होबाओःताना।
फिर मिलेंगे के सन्देश के साथ	ओड़ोःबु नापामा रआः संदेश लोः
यह भी उतना सही है कि उन्हें मालूम था	नेआओ इमिनाङ गे मजा मेनाः चि इनिः इतुआन ताइकेना।
वे सलीबों के करीब आये तो हमको	इनिः क्रूस सानामाङे हिजुःजाना दो आञ
कंप्यूटर द्वारा संचार के कई साधन हो सकते हैं।	कम्प्युटर सागाते नितिर (संचार) रआः चिमिन होरा होबा दाड़िओःआ।
कहकर सिक्योरिटी आफिसर कमरे से बाहर आ गया।	काजिकेआते होरोतान ओफिसर कुटुरि आते उड़ुङ जाना।
फिन को जांघ में चोट लगी है।	फिन दो बुलु रेः टोगाकाना।
घटनाक्रम के वक्त कोतवाल गश्त पर निकले हुए थे।	घटना होबालेन सोमाए कोतवाल होनोरे उड़ुङाकान ताइकेना।
वहीं लिखा हैं कि इस जमीन को वह बराबर	एनताः गे ओलाकाना चि ने ओते इनिः बाराबारि
पाकिस्तानीयों ने भी सचिन को बधाई संदेश भेजे।	पाकिस्तान रेनको सनते सचिन बधाई संदेश को कुलाःइआ।
घर का सारा सामान ट्रक में लद चुका	ओड़ाः रआः सोबेन जिनिसि को ट्रक रे लादि उतार लेना।
सबसे पहले युवा हिन्दू संन्यासी थे।	सोबेनाते सिदा दांगड़ा हिंदुु सादुइ ताइकेना।
फिर क्या था? विजया मिश्रित ठंडाई पी गई।	ओड़ोः चानाः ताइकेना? विजया जामाकान ठंडाई नू केदा।
पर आज उसको पुरी छूट मीली हुई थी।	मेनदो तिसिङ इनिः पूरा छूट नामाकाद ताइकेना।
विमान रविवार को उड़ान भरने वाला था।	आपिरकाल एतवार हुलाङ आपिर रआः ताइकेना।
इस बार आंध्र और तेलंगाना हैं।	नेसुकान आंध्र ओड़ोः तेलांगाना मेनाः।
यह मध्य प्रदेश और हिमाचल प्रदेश के लिये होगा।	नेआ मध्यप्रदेश ओड़ोः हिमाचल प्रदेश नागेन होबाओःआ।
लगना था कि वह जोर से चिल्लाकर गिर पड़ा।	टोःजाना दो इनिः जोरते काकला केआतेः बाटि जाना।
मगर ब्लाक स्तर पर तकनीकि सहायकों की भारी कमी है।	मेनदो ब्लाॅक जोकारे तकनीकि देंगा कोआः पुराः घाटि मेनाः।
आल्हा उदल की महोबा से निकासी	आल्हा उदलाः महोबा ते उड़ुङ
प्रशासन पूरी सजगता बरते हुए है।	प्रशासन पुरा धेआनेः ओमाकादा।
तो हम लोगों ने चिकित्सक से सम्पर्क किया।	दो आले डाॅक्टर लोः जापागार जाना।
जबकि वह एक लोकप्रिय नेता की बेटी थीं।	एनाद इनिः मिआद उमिआकान नेताः होनकुड़ि ताइकेना।
काम निबटा कर लौटता है और लंच पर साथ रहेगा।	कामि चाबाकेआतेः रूआड़ा ताना ओड़ोः मांडि जोम सोमाए मिदरे ताइना।
यूट्यूब संगीत कनवर्टर केवल परिवर्तित नहीं	यूट्यूब दुराङ बादिलितेआः इपाएः बादिलि बारि का।
हमने रोज़नामचे के पन्ने पलटकर देखे।	आले जानाव खोबोर साकाम रआः पन्ना ओटाः केआते लेलकेदा।
यों अंत ह्वै है आपही वा काल	नेकागे टुंडुओआ आपानाः सोमाए
इसके लिए प्रयास चल रहे हैं।	नेआ नागेन कुरूमुटुओःताना।
अस्थमा के पहले और बाद में	सांसि रोग (अस्थमा) रआः सिदा ओड़ोः तायोमते
ओड़िया भाषा को स्थानान्तरण करना है ओड़िआ भाषा में।	उड़िया जागार बादिलि रआः मेनाः ओड़िया जागार रे।
ब्रितानी भारतीयों की दृढ़ता से शायद परिचित नहीं थे।	ब्रिटेन रे ताइनतान भारत रेनकोआः पोकोतोआन लोः इदु काएः उपरूमाकान ताइकेना।
आजकल पत्र कौन लिखता है?	निमिर गापा चिटि ओकोए ओलताना?
एक सुल्तानपुर तो दूसरा अमेठी संसदीय क्षेत्र।	मिआद सुल्तानपुर दो एटाः अमेठी संसदीय क्षेत्र
मुझे उनमें कोई अंतर्विरोध नहीं दिखाई देता।	आञ इनिः रे जान उसुमदुरूम काञ लेलनाम केदा।
वे अपना ड्रिंक बना चुकी थीं।	इनिः आपान नूतेआःए बाइउताराकाद ताइकेना।
सेवा न होकर गन्दा व्यवसाय हो गया है।	सेवा का होबाजानते एदका बेपार होबाकाना।
सन्नाटा थोड़ी देर उसी तरह कायम रहा।	सिङसोंड़ोएः हुड़िङ खोन एनकागे ताइजाना।
न जाने कैसी कैसी किताबों का	इदु चिलकान-चिलकान पुथि कोरआः
जिसमें रुतबा भी अच् छा और कमाई भी।	एनारे माइनो माजा ओड़ोः नालाओ।
इस शहर का हर इक पत्थर तो पहचाना हुआ है।	ने सहर रआः मिमिआद दिरि दो चिना उरूमाकाना।
युवाओं ने बताया कि यात्रा उनके लिये यादगार रही।	दांगड़ाको उदुबकेदा चि सेनहोरा आको नागेन का रिड़िङोः लेका ताइकेना।
आज भी वो ऐसा ही प्रस्तुत कर रही हैं।	तिसिङो इनिः नेकागे उदुब सोदोर जादा।
उनकी पत्नी सलाम बालक नामक ट्रस्ट की ट्रस्टी हैं।	इनिआः कोनेआ सलाम बालक नुतुमान ट्रस्ट रेन मालिकि तानिः।
मैं तो जैसा है वैसा कह रहा हूं।	आञ दो चिलका मेनाः एनकागेञ काजिजादा।
सर्वोत्तम सिद्धि के लिये सदा सतत चेष्टा करनी चाहिये।	सोबेनाते माजा जो (सिद्धि) नागेन जानाव कुरूमुटुआकान ताइन लागातिङा।
अपने नीचे सहकर्मियों का सहयोग मिलेगा।	आपान लातार रेन कामितान सोंगे कोआः देंगा नामोगा।
जोन के वेटनरी ऑफिसर इस पर कार्रवाई करते हैं।	नेसाः रेन वेटनरी उपिसर नेआरेको कार्रवाईआ।
उसे अपने आप ही सीखना है।	इनिः आपान तेगे को इतुन लागातिङा।
आखिर वहां पैसा बोलता है।	आखिर एनताः पाएसाएः जागारा।
उपवंश में वे एक डिंबावरण में लिपटे होते हैं।	बोंसो हारारे एना मिआद जारोम लेकानाः रे पाटुड़िआकान ताइना।
उन्में आत्मविश्वास का जबरदस्त विकास हुआ है।	इनिः रे आपान बिसुआस रआः हानारा होबा गाराङाकाना।
हमने तुझपे हजारों सितम हैं किए	आञ आम चेतानरे हजाराते पुराः दुकुञ ओमाकादा।
अपने समय का मॉर्डन स्टूडियो बांबे टॉकीज	आपान सोमाए रआः माॅडर्न स्टूडियो बाॅम्बे टाॅकीज
खबर लिखे जाने तक पुलिस ने एफआईआर दर्ज नहीं की।	खोबोर ओलोः सनते पुलिस दो एफआईआर काएः ओललाः।
शासन करने वाली पार्टी बदल सकती है।	शासनतान पाटी बादिलि दाड़िओःआ।
सिंगापुर के दूतावास और वाणिज्य दूतावास भारत में	सिंगापुर रआः दूतावास ओड़ोः वाणिज्य दूतावास भारत रे।
मुझे उस लफडे से कोई मतलब नहीं।	आञ एन टेपेनसा लोः जान मोतलोब बानोः।
आज नीनू नौ साल की हो गई।	तिसिङ नीनू आरे सिरमा रेन होबाजाना।
हमारी धरती सचमुच मिट्टी की एक बड़ी गुल्लक है।	आबुआः धरती सारतेगे हासा रआः मिआद माराङ चुकाः तानाः।
आईडेण्टीफिकेशन अथॉरिटी आफ इण्डिया का गठन किया गया।	आईडेन्टिफिकेशन अथाॅरिटी आॅफ इण्डिया रआः गठन होबाजाना।
मार्क् स को धोखा देना असंभव था।	मार्क्स दो बेदा काएः दाड़िओः तानकेना।
दो महीने तक यही सिलसिला चलता रहा।	बार चांडुः जाकेद नेकागे कामि सेसेनकेना।
वरना हम खुद ढूंढ लेंगे।	कारेदो आलेगे दांड़ा लिआ।
इनके बारे में अनेक किवदन्तियाँ प्रचलित हैं।	निआः बारे रे इसुपुराः काआनि को सेसेन ताना।
वाराणसी में चुनाव स्थगित हो गया है।	वाराणसी रे चुनाव होंकाकाना।
रौशनी सभी बसे शुद्धता सभी रचे	मारसाल सोेबेनताः तेबाःओआ पानारचि सोबेन सुकुकोआ।
जिला अस्पताल की जगह नहीं बदलेगी	जिला अस्पताल रआः टायाद का बादिलिओःआ।
पंक्तियाँ ज़बान पर चढ़ जाती हैं	काड़ि को मोचा रे राकाबोः गेआ।
नियंत्रण रेखा पर दो आतंकवादी काबू	होरो सिमना रे बारिआ आतंकवादी किन काबु
इसी प्रकार सुलतानपुर और प्रयाग आदि जिलों में कान्यकुब्जों और	नेलेका सुलतानपुर ओड़ोः प्रयाग एमान जिला कोरे कान्यकुब्ज को ओड़ोः
अधिकांश पत्र मासिक या साप्ताहिक थे।	पुराःतेद खोबोर साकाम को चांडुः रआः कारेदो आटाउरि रआः ताइकेना।
उसके पहले तो हमारे पास साधन भी नहीं थे।	एन सिदा दो आलेताःरे जान साधन जाकेद का ताइकेना।
पुलिस के पहुंचते ही सपाई वहां से खिसक गये।	पुलिस तेबाः केलोःगे माड़िते एनतागातेः घासकाव जाना।
लम्बी समुन्द्र यात्रा ने इन्हें झकझोर कर रख दिया।	जिलिङान जालाकार होरा ते इनिः रोगोद गिड़िलेना।
उन पर मालिकाना भी हक नही दिया गया है।	एनारे मालिकाना हक सनते का ओमाकाना।
लीजिये हाज़िर है आपके लिए थ्री दी अखवार	ने हाजिर मेनाः आपे नागेन थ्री डी खोबोर साकाम
गांव की गलियों से भी गुजरना पड़ा।	हातु हाटिया मुलिगो पारोम टोः जाना।
पर उसे इसकी परवाह नहीं थी।	मेनदो इनिः एनाराः फिकिर का ताइकेना।
कृषि बैंकिग महाविद्यालय के बाहर चाफेकर बंधुओं का स्मारक	कृषि बैंकिंग काॅलेज रआः बाहर रे चापेकर बंधु कोआः मुरूतु
कोई भी राजनीतिक दल अछूता नहीं	जान राजनीतिक दल काको बागेआकाना
फतेहपुर की यह धारा वैसी ही मजबूत थी जैसे	फतेहपुर रआः ने लिनिंगि एनकागे पोकोतो ताइकेना चिलका।
खोद कर छोड़ दिया मौत का कुआं	उर बागे तादाको गोनोएः रआः कुआं
सीमा खुलकर अपने बारे में बता रही थी।	सीमा जी राड़ा केआते आपान बारे रे उदुबजाद ताइकेना।
और पीतल के गहने पहनकर रोती हुईं	ओड़ोः पीताल रआः सामड़ोम तुसिङ केआते इयाम तानलोः।
कुछ तस्वीरें आम शहरी जीवन की भी हैं।	हुड़िङ फोटो को सहर रआः आम जिदन रआःओ तानाः।
जो भी हो जीवहत्या किसी भी कीमत पर नहीं करेंगे।	जे गे होबाओः जिउ गोएः जां लेका गोनोङ रेओ काबुआः।
शिवसैनिकों ने एसडीएम को सौंपा ज्ञापन	शिव सैनिक को एसडीएम को आरजि साकाम को ओमाःइआ
वैसे ये कोई नया फैसला नहीं है।	एनका नेआ जान नावा फएसला का तानाः।
आवश्य कता है नये बच्चे को पैदाकर अच्छे परवरिस की।	जारूड़ु मेनाः नावा होन जोनोम किःआते माजाते आसुल रआः।
ज्यादातर खाद्य पदार्थो की कीमतें ऊपर टिकी हैं।	पुराःतेआ जोजोम जिनिसि कोरआः गोनोङ चेतान रेगे टेकाओआकाना।
जुल्फें यूं गुल से संवारी हैं रोज ही तुमने	ऊब दो बा तेम साजावाकादा जानाव गे आम
साथ फोटोयुक्त निर्वाचक नामावली का प्रतिवर्ष पुनरीक्षण करने की निरन्तर	लोःते फोटो जुड़ाःकान भोटर लिस्ट रआः जानाव सिरमा बाइ रूआड़ा रआः कामि
देखो प्यार करना इतना आसान नही है।	लेलेपे प्रेम-दुलाड़ा नामिनाङ राबाल बानोः।
पॉपुलर संस्कृति पर दर्जनों किताबें लिखी गयी हैं।	उमियाकान सासांकिर रे गेलबाराते पुराः पुथि ओलाकाना।
यूथ कांग्रेस में बूथ प्रधान बनाने की प्रक्रिया शुरू	यूथ कांग्रेस रे बूथ प्रधान बाइ रआः काजिकामि एटेः
उनके खुद के तरीके बेहद ग़लत थे।	इनिआः आपान कामि रआः होरा ठीक का ताइकेना।
पाव पलक की सुधि नहीं।	आम सोमाए रआः जान इतु बानोः
कई दिनों से ब्लॉग पढ़ना कम हो गया।	चिमिन दिनाते ओनोल (ब्लाॅग) पड़ाव हुड़िङ जाना।
मैं भी वहाँ से खिसकना चाहता था।	आञो एनतागाते घासकाओ साना लिङा।
किसी के पास पूछने के लिए कोई प्रश्न न था।	जांएताः रे कुलि नागेन जान कुनुलि का ताइकेना।
दर्शक रियल फिल्में पसंद कर रहे हैं।	लेलतानको सारतेआः सिनमा को सुकुताना।
कुमार की आवाज़ में एक बाप का विश्वास था।	कुमाराः आड़ाङ रे मिआद आपुआः बिसुआस ताइकेना।
जस्टिन बीबर इसके लेटेस्ट एग्जाम्पल हैं।	जस्टिन बीबर नेआरेन हालिआन उनुदुब तानिः।
मगर मैं कहाँ छोड़ने वाला था।	मेनदो आञ कोताःञ बागिआ।
ये समाज एक त्रिशंकु अवस्था में झूल रहा है।	ने समाज मिआद तुनुड़ाम लेकान दासारे हाकाकाना।
इसे फोड़ कर इसमें पानी भरा जाता है।	नेआ रापुद केआते नेआरे दाः पेरेगोः ताना।
उनके लिए पहाड़ का मतलब हिल स्टेशन।	इनिः नागेन बुरू रआः मोतलोब हिल स्टेशन।
महंगाई का वर्तमान दौर सबसे लम्बा चला है।	गोनोङान रआः ने सोमाए पुराः जिलिङ सेसेन ताना।
लेकिन इसे मौनी अमावस क्यों कहा जाता है?	मेनदो नेआ हापे आमास चिआः काजिओः ताना?
सहजता के कारण आकृष्ट करती हैं।	सोंगड़ा रआःते जी राचागोः ताना।
इसके साथ ही आपको यहां अन्य सभी सुविधाएं भी मिलेंगी।	नेआलोःगे आम नेताः एटाः सोबेन सुविसता कोम नामेआ।
कल लोग मुझे उसके गीतों में देखेंगे	गापा हुलाङ होड़ोको आञ इनिआः दुराङ कोरेको लेलिङा।
और मैंने तो सिर्फ टाइमपास के लिए दोस्ती की थी।	ओड़ोः आञ दो इपाएः सोमाए पारोम नागेन सोंगे लेना।
फिलहाल वह नार्थ टेक्सास विश्वविद्यालय से जुड़े है।	ने सोमाए इनिः नार्थ टेक्सास विश्वविद्यालय लोः जुड़ाःकाना।
लघुकथा के भाषागत प्रवाह की भी लगभग यही स्थिति है।	हुड़िङ काआनि रआः जापागार लिनिंगि रआः सामजामा नेकान दासा गे मेनाः।
बारह सालों से शर्मिला इरोम भूख हड़ताल पर बैठी थीं।	गेलबार सिरमा ते शर्मिला इरोम रेंगेः हड़ताल रे दुबाकान ताइकेना।
जो बंद करने के लिए भुगतान की लागत रहे हैं?	ओकोआ होंका नागेन ओओम रआः पुंजि मेनाः।
हम एक अमूल्य धरोहर खो रहे हैं।	आबु मिआद गोनोङान पुरखा कोआः चिनाबु आद जादा।
देर सवेर उनकी वापसी तय मानी जा रही है।	हेड़ा तेरेओ इनिआः रूआड़ा ठाउका मानातिङोः ताना।
उनका कहना था पानी के बिना सफाई कैसे हो?	इनिआः काजि ताइकेना दाः बेगार सापाओआ चिलकाते?
बाद वाली समूचे प्रदेश में सक्रिय होंगी।	तायोम रआः गोटा इलाका रे सेसेना।
इस मंदिर में दो प्रदिक्षणा है।	ने मंदिल रेदो बियुरेन तेआः मेनाः।
सब कहते हैं कि मनुष्य को अच्छा होना चाहिए।	सोबेन को काजिआ चि होड़ो दो माजा होबाओः लागातिङा।
वह भी ऐसा जाड़ा कि लोगबाग परेशान।	एनाओ नेकान राबाङ चि होड़ोको बालाए।
उत्तरकाशी बंद सफल बनाने की तैयारी में जुटे संगठन	उत्तरकाशी बंद दाड़िओः रआः तेआरी रेको आचुआकाना संगठन को
उस भय का निवारण श्रीराम ने किया।	एन बोरो दो श्रीराम चाबा रिका केदा।
लेकिन सरकार पास्को की तरफदारी कर रही है।	मेनदो सरकार पास्को साः गे जागार ताना।
ताकि नया हाथ में पकड़ा जा सके।	चिते चि ती रे साब दाड़िओःका।
मोबाइल कंप्यूटिंग के साथ ही जुड़ा शब्द है क्लाउड कंप्यूटिंग।	मोबाइल कम्प्युटिंग लोः गे जुड़ागाकान टुङ तानाः क्लाउड कम्प्युटिंग।
प्यार का गाँव अजब गाँव है जिसमें अक्सर	दुलाड़ा रआः हातु दांदान हातु तानाः ओकोरे मिसा-मिसा
जिसे अंतिम रूप देने का काम चल रहा है।	ओकोआ बाइ टुंडु रआः कामि सेसेन ताना।
मेरा कैंसर पूरी तरह ठीक हो तुका है।	आञाः कैंसर रोग बुगि उताराकाना।
यहां चोरी और काला बाजारी नहीं हुई।	नेताः कुंबुड़ु आर होपोसोड़ो का होबाकाना।
कार्यक्षेत्र संबंधी फैसलों के लिए बहुत अच्छा दिन है।	कामि टायाद बारे रआः फयसला नागेन माजा दिन तानाः।
उसने जलिया की ओर देखा।	इनिः जालिया साःए लेलकेदा।
नक्सलियों के लिए नये स्वर्ग का निर्माण	नक्सली को नागेन नावा सोरोग रआः बानाइ।
प्रकृति के प्रति भक्तों के भाव जिस	प्रकृति चेतान रे भक्त कोआः भाव चिलका
यह सब हम चलते चलते देखते जायेंगे।	नेआको सोबेन आबु सेन जालोःबु लेल इदिआ।
लगा प्रयोग मे कहीँ गड़बड़ हो गयी।	टोरजाना चि प्रयोग रेगे जांरे बागड़ाव जाना।
गुलबर्गा में डूबता हुआ सूरज भी दहकता हुआ लगता है।	गुलबर्गा रे डुंबुइःतान सिंगिओ जुलतान हासांगार लेका टोरोआ।
एक उदाहरण से इसका स्पष्टीकरण किया जा रहा है।	मिआद उनुदुब ते नेआ काजि पुचिदोः ताना।
उन्होंने घरेलू क्रिकेट में भी अच्छा प्रदर्शन किया है।	इनिः दिसुम रआः (घरेलू) क्रिकेट रेओ माजाएः इनुङाकाना।
एषा देओल का बाजार भाव पहले से ही कम है।	एषा देओलाः बाजार भाव सिदातेगे हुड़िङ मेनाः।
सीबीआई के अनुसार दवाओं के स्टॉक में शॉटेज मिला।	सीबीआई लेकाते रानु कोरआः खाजना घाटाओआकान नामजाना।
वो असल में मेरा फोटू था।	एना आसोल रे आञाः फोटो ताइकेना।
पर उनके बीच से निष्पाप निकलने का मार्ग बनाया।	मेनदो इनकिन तालाते बेगार पाप उड़ुङ रआः होराए बाइकेदा।
सर्वदलीय बैठक के लिए तैयार पर संशोधन के लिए नहीं	सोबेन दल रआः दुनुब नागेन तेआरी रे जान घाटि-बाड़ि रआः बानोः
केशव ने विधिवत् ग्राहस्थ जीवन का निर्वाह किया।	केशव दो चोलोन लेकाते ओड़ाः-दुआर(गार्हस्थ) जिदन बारोमे गोःकेदा।
राजा पौंड्रक अपने को वासुदेव बताता था।	राजा पौंड्रक आपान दो वासुदेव काजिन तान ताइकेना।
इसके अंदर छह कलाओं से युक्त सितारे होते हैं।	नेआ बितार रे तुरिआ बानाइ (कला) ते सेलेदाकान इपिल ताइना।
इस पूरी प्रक्रिया के दौरान अपनी एब्स को खींचकर रखें।	ने सोबेन कामि दिपिलाङ रे आपान दुसि को राचाः केआते जोगावेम
बुधवार दोपहर बाद विधायक अचानक धानुका अस्पताल	बुद हुलाङ तिकिन तायोमते विधायत आचकागे धानुका अस्पताल
इस अवसर पर सांस्कृतिक कार्यक्रम भी आयोजित किये जाते हैं।	ने मोका रे सुसुन-दुराङ काजिकामि कोओ नेडाओःताना।
समझ में नहीं आ रहा है तो अफसोस है दोस्तो।	बुजाओ का दाड़िओःतान रेदो दुकु मेनाः सोंगेको।
यहीं आकर जुलूस को शोकसभा में बदल जाना है।	नेताः तेबाःकेआतेगे जुलूस दो दुकु सभा रे बादिलिओःका।
इस फिल्म की परिकल्पना अन्ना के आंदोलन से उपजी है।	ने सिनमा रआः उनुड़ुः अन्नाः आन्दोलनाते ओमोनाकाना।
बिजली की कमी का रोना ही निपट जायेगा।	बिजली घाटि रआः रानाःगे चाबा उतारोआ।
एक तरफ़ा संवाद है उनका ब्लाग लेखन।	मिद सागाते जापागार तानाः ब्लाग ओनोल।
अनुसूचित जाति और अनुसूचित जनजाति पर अत्याचार के प्रभावी रोकथाम	अनुसूचित जाति ओड़ोः अनुसूचित जनजाति रे सिगिद-सासाति रआः केटेःआन रोकाओ।
और दर्शक उन्हें काफी पसंद भी कर रहे है।	ओड़ोः लेलतानको इनिःको सुकुआइ तानगेआ।
वक्षदाह व जीर्ण खांसी में लाभ पहुंचाता है।	कुड़ाम हासु आर रोओड़ कूः रे कामिः ओमेआ।
सबका सब दिन एक ही सा नहीं बीतता।	सोबेन कोआः सोबेन दिन मिद लेकागे का पारोमोआ।
उसने सवाल किया कि आपने क्या सोचा है।	इनिः कुलिकिआ चि आम चानाःम उड़ुःआकादा।
ये अधिकतर वृंदावन ही में रहा करते थे।	इनिः पुराःतेदो वंृदावन रेेगे ताइनोः तानकेना।
ये गुण तुम्हारी सुन्दरता को बढ़ाता है।	ने गुन आमाः सुनुगाड़ाएः हाराएआ।
हमारे वक्त मंगला प्रसाद पंत हुआ करते थे लाइब्रेरियन।	आले सोमाए रेदो मंगला प्रसाद पंत ताइनो: तानकेना पुथि ओड़ा: रेन गोमके।
मेरे लिए तो छवि ही मेरी दुनिया हो गयी थी।	आले नागेन दो सिनमा गे आञाः जिदन ताइकेना।
वह तो तुम्हारे पास जागृति का संदेश लेकर आते हैं।	इनिः दो आमताः एनेओन रआः जागार आउकेआतेः हिजुःताना।
स्वास्थ्य विभाग अमला औपचारिकता निभाकर आलकन्हार से लौट आया	स्वास्थ्य विभाग सोंगड़ा नेग पारोम केआते आलकन्हारते रूआड़ा जाना।
भारत विश्व का सबसे बड़ा लोकतान्त्रिक देश है।	भारत विश्व रआः सोबेनाते माराङ लोकतांत्रिक दिसुम तानाः।
ऑस्ट्रेलिया के भारत दौरे से पाक नाराज	आस्ट्रेलियाः भारत हिनिजुः रे पाकाः हांड़ा
इसलिए मैंने इस फिल्म को करने का फैसला किया।	एनामेनते आञ ने सिनमा रिका रआःञ फयसला केदा।
मां उसे गोद में लेकर दूध पिलाने लगी।	एंगाते इनिः कोयोङ किःआते नूनूइ आचुन जाना।
कहा जाता रहा है कि यह अलाभकारी क्षेत्र है।	काजि आगुओःतान ताइकेना चि नेआ बेगार पुगुड़ि कामि तानाः।
अफीम पर टैक्स में लगातार कमी	अफीम रे टैक्स घाटाओ आगुओः ताना।
रामकृष्ण परमहंस उन्हें बहुत प्यार करते थे।	रामकृष्ण परमहंस इनिः पुराएः दुलाड़ा जाइः ताइकेना।
मिस्र में बापर्दा औरतों ने न्यूज़ चैनल खोल लिए हैं	मिस्र रे बेगार परदा कुड़िको खोबोर चैनल को खोलावाकादा।
फिर भी वे बड़े मनोयोग से लिखे जाते हैं।	एनरेओ इनिः पुराः मोनेते ओलोःताना।
स्वयंसेवक आपके लिए विभिन्न भाषाओं में अनुवाद जोड़ देंगे।	स्वयंसेवक को आम नागेन बिनगा-बिनगा जागार रे उल्था केआतेको जुड़ाःता।
या कुछ और ही सही है।	कारेदो हुड़िङ जानाः गे सारि।
नजरें बदल गयी नया बरस आ गया	मेद बादिलिजाना नावा साल हिजुःजाना।
परन्तु देश की अधिकांश जनता ईश्वर में विश्वास रखती है।	मेनदो दिसुम रेन पुरा:तेन होड़ोको भोगोमान रेको बिसुआसेआ।
मित्रों से विशेष सहायता सराहनीय होगी।	सोंगे कोआते बिनगा देंगा साबाइसि लेकानाः ताइना।
नियमित दूध देने से उनमें कैल्शियम की कमी दूर होगी।	जानाव तोवा ओमाइःरे इनिःरे कैल्शियम रआः घाटि चाबाओआ।
तब वह अपने को नितान्त अकेला पाएगा।	चिमताङ इनिः आपान एसेकार गे नामेना।
सतत् जागरूकता हमारा स्वभाव जो है।	जानाव एनेओन आबुआः चोलोन गे तानाः
पाठक का अपना स्वाभिमान होता है।	पड़ावतानिआः आपान माइन ताइनताना।
सर्वोत्तम क्या प्रतिनिधि कविताएं भी नहीं थीं।	सोबेनाते माजा चानाः मुद (प्रतिनिधि) गामु को सनते का ताइकेना।
दो दिन से भूखा हूँ साब कुछ दो ना।	बारसिङाते रेंगेः रे मेनाञा सायोब जानाः ओमाञ मे चि।
तभी पूनम ने कहा दृइतनी बडी लेखिका हो।	एनलोःगे पूनम काजिकेदा नामिन माराङ ओलहारिआ तानमे।
साहित्यकारों में यह इच्छा ही नहीं।	साइति ओलहारिआ कोरे ने सानाङगे बानोः।
किसी भी नौकरी के साक्षात्कार को मजाक में न लें।	जान नुकुरि रआः कुनुलि को लांदा जागार रे आलोम आउइआ।
बात यहाँ एक और समस्या लाती है।	जागार नेरे मिआद ओड़ोः बालाऐः आउजादा।
वे चयनकर्ताओं को आईपीएल के जरिए लुभा सकते हैं।	इनिः सालातानको आईपीएल साःते लोभाव दाड़िआकोआ।
खुद में पुनः परिस्कार की क्षमता है।	आपानगे माजा बाइ रूआड़ा रआः पेड़ेः मेनाः।
भानजों ने मामाओं को लगवाई दौड़	गेड़ेम कोड़ाको मामु ताको निर रिकाकेद कोआ।
जो राम के नाम से पहल	ओकोआ राम नुतुम ते एटेगोः
कोलम्बस की कहानी आपने पढ़ी होगी।	कोलम्बसाः काआनि आपे पड़ावाकान गेआ।
हिन्दी और अंग्रेजी से काम चल सकता था।	हिन्दी ओड़ोः अंग्रेजी ते कामि सेसेन जान तेआ।
उनकी आँखों के पल्के भी नहीं झपकती थी।	इनिआः मेदकिन रापिद सनते का रापिदोःतान ताइकेना।
इधार का सौदा उधार बेचकर अपना पेट पालते हैं।	नेसाः रआः सावदा एनसाः आकिरिङ केआते आपान लाइः आसुलताना।
जज और शिकायतकर्त्ता क्रास एक्जामिनेशन के लिये स्वतंत्र थे।	जज ओड़ोः शिकाइतितानिः आकिन रे जांच नागेनकिन आड़ागाकाना।
तुम भी हमारे हो हम भी तुम्हारे हैं	आमो आलेआः आर आलेओ आमाः।
बिना इस प्रकार के अनोखे पागलपन	बेगार नेलेका रआः दांदान बालु
जकार्ता में अश्लील प्रकाशन खुलेआम उपलब्ध हैं	जकार्ता रे एदका चानापा को सोबेनताः नामोआ।
मिल गया इसलिये मोल चुक गया।	नामजाना एनामेनते गोनोङ ओमजाना।
पल रहा था चुपचाप एक संपोला	आसुलोःतान ताइकेना हापेते मिआद बिङ आसुलनिः।
तो क्या टीचर फिर से गुरु बन सकता है?	दो चानाः मास्टर ओड़ोःगे गुरूइ बाइ दाड़िओआ?
यह विकृत पंथनिरपेक्षता का घातक नमूना है।	ने बागड़ावाकान जान धोरोम का मानातिङ (पंथनिरपेक्ष) रआः बोरोआन चिना तानाः।
सोमवार को महक का शव दफना दिया गया।	सोमार हुलाङ महकाः होड़ोमोको हासागाड़ा केदा।
मुजफ्फरनगर उत्तर प्रदेश के प्रगतिशील जिलों में से एक है।	मुजफ्फरनगर उत्तरप्रदेश रआः हाराबुरूओःतान जिला कोरे मिआद तानाः।
मैंने पीछे मुड कर देखा तो	आञ तायोमसाःञ हेतालाः दो
यादव समाज के पत्रिका का विमोचन किया गया।	यादव समाज रआः खोबोर साकाम (पत्रिका) को उढावकेदा।
साफ स्वच्छ हाथ बेहतर स्वास्थय का राज	सपा पारचि ती माजा होड़ोमो रआः राज
सस्ता समाधान एक आदमी मनोचिकित्सक के पास गया।	सस्ता हानाल मिआद होड़ो बालु चिकिसानिः ताएः सेनोःजाना।
पच्चीस जनवरी को राष्ट्रीय मतदाता दिवस	हिसि मोड़े जनवरी हुलाङ राष्ट्रीय मतदाता दिवस
धारावाहिक सात फेरे में आपका किरदार नियमित नहीं है?	धारावाहिक सात फेरा रे आमाः कामि एटेगाते बानोः।
अलग उच्चारण? पर्शियन् में کنیسای का उच्चारण करें	बिनगा पुनुचिद? पारसी रे کنیسای काजि पुचिदेपे।
उन्होंने इन पलों को सहेजने के लिए फोटोग्राफी भी की।	इनिः ने सोमाए को जोगाओ नागेन फोटोए राचाःकेदा।
मगर आज यह आह्वान अपना दम ख़म खो चुका हैं।	मेनदो तिसिङ ने गारका आपान पेड़ेः चाबाउतार तादा।
होता तो मैं शायद कुछ भी पढ़ नहीं	ताइजान रेदो जाः आञ जेतानाः पड़ाओ काञ
सूर्योदय होगा तो शुक्र सूर्य के सामने जा चुका होगा।	सेताःओआ दो शुक्र सिंगि सानामाङ रे तेबाःउताराकान ताइना।
यह चौरासी महादेव स्वयं प्रकट हुए हैं।	ने चैरासी महादेव आएःतेगे उड़ुङाकाना।
युवा ऊर्जा के प्रतीक होते हैं।	सेपेड़ेदको पेड़ेः रेन चिना तानको।
इसलिए पुल नहीं दौड़ पाता है	एनामेनते कुल काएः निर दाड़िआः।
उनका स्मरण कराने के लिए आभार।	इनिआः पाहाम रिका मेनते जोआर।
इस अधिकतम बिंदु को एपीहिलियन कहते हैं।	ने पुरातेद टुनडाःको एपीहिलियन काजिओःताना।
उम्र का ख्याल भी नहीं करते	उमर सनते काएः उड़ुगा।
कलाम का मअना और तफ़सीर बनाया करना।	कलाम रआः मअना ओड़ोः तफसीर बाइ आगु।
सियोल में रणनीतिक समझौतों पर मनमोहन की नजर	सियोल रे रणनीति सोला रे मनमोहनाः मेद।
उनके निधन के बाद मुख्य मंत्री मायावती ने ललितपुर	इनिआः गोनोएः तायोमते मुख्यमंत्री मायावती दो ललितपुर
फिर भी मंडलवादियों के प्रेरणाश्रोत लोहिया ही बने रहे।	एनरेओ मंडलवादी कोआः उनुसकुर दो लोहिया गे बाइआकान ताइजाना।
उन्होंने मेरे लिंग को अपने मुंह से बाहर नही निकाला।	इनिः आञाः फेसो आपान मोचाते काएः उड़ुङकेदा।
ख़ून पतला हो गया है आजकल	मायोम एताङजाना निमिर।
या ब्लाह ब्लाह पोस्ट करने की चेष्टा करूँगी।	आंवगे पोस्ट रआःञ कोसिसिआ।
जीवन की सुविधाओं का बँटवारा शायद ठीक नहीं है	जिदन रे सुविसता कोरआः हानाटिङ इदुजाः का ठीकिआ।
राज्य में साइकिलिंग स्पर्धाएं भी जोरों पर रही हैं।	राइज रे साइकल हार लापाःको पुराः जोराकाना।
उन्होंने महसूस किया कि उनके साथ धोखा हुआ था।	इनिः आटकार केदा चि इनिलोः धोखा होबालेना।
उसकी चूत अन्दर से उत्तेजना से तंग हो गई थी।	इनिआः रूजि बिताराते हायाते डेंडे गिड़िलेना।
आगे क्या होगा यह समय बतायेगा।	आयार रे चानाः होबाओआ नेआ सोमाए उदुबेआ।
सितारे अब भी रोज़ मिलते है यहाँ	इपिल को नाःओ जानाव को नापामा नेताः।
दो चार साल तक और लटके पड़े रहते।	बार उपुन सिरमा जाकेद ओड़ोः हाकाकान ताइकोआ।
उन्हें इतनी देर तो कभी नहीं होती थी।	इनिः नामिनाम दो चिउलाओ काएः हेड़ाओःतान ताइकेना।
करूणावंश उसने वह धन गरीबों में बाँट दिया।	बिलकाते इनिः एना धोन रेंगेः कोए हाटिङाद कोआ।
नुमाइन्दे के तौर पर काम कर रहा है।	आचुआकान लेकाए कामिताना।
साथ ही इन कंपनियों की जवाबदेही भी सुनिश्चित करती है।	सातेते ने कुम्पानी कोरआः बारोमोए ठाउकाएआ।
लेकिन जातिवादी राजनीति के विरोधी मिश्रा ने कांग्रेस को चुना।	मेनदो जातिवादी राजनीति रेन विरोधी मिश्रा दो कांगे्रसे सालाकेदा।
हिंदी दिवस पर बेहद उल्लेखनीय जानकारी दी है आपने।	हिंदी दिवस रे पुराः माजा ओलाकान इनितुम ओमकेदा आम।
ओला का झुंझुनूं से टिकट लगभग तय है।	ओलाः दो झुंझनुते टिकट ठाउकाकान लेका मेनाः।
साथ में किसी पुरुष का होना जरुरी है।	लोःते जान कोड़ा होड़ोआः ताइन जारूड़ु मेनाः।
और श्याम बीच हो झक झोरी	ओड़ोः श्याम तालारे रापाचाः ताना
यह पल्सर से तीसरा सब से समीप है।	ने पल्सराते अनापिआ सोबेनाते नाड़े रेआ।
मैं चुपचाप इसे भी सहती रही।	आञ हापेते नेआओञ सातिङ केदगेआ।
अंततोगत्वा प्रद्युम्न ने वज्रनाभ का वध कर दिया।	टुंडुरे प्रदृयुम्न दो वज्रनाभे गोएः किः गेआ।
कितने लोग हैं जो प्रकृति का कुछ भला करते हैं?	चिमिन होड़ोको मेनाः कोआ ओकोए दो प्रकृति रआः भलाइ ताना?
प्राचीन काल से यज्ञों के लिए वेदियां बनती थीं।	नाङको परिआते यज्ञ नागेन जुहला (वेदी) को बाइजाद ताइकेना।
डेटा को परियोजित करने के लिए	लेनेका (आंकड़ा) को तेआर मेनते
उन्हें विशेष तौर पर बढ ावा देना चाहिए।	इनिः बिनगाते उसकुर लागातिङा।
नेतृत्व क्षमता भी बृहस्पति के कारण ही आ पाती है।	आगुआ पेड़ेःओ वृहस्पति रआःतेगे हिजुःताना।
भरी दुनिया में आख़िर दिल को समझाने कहाँ जाएं	पेरेःआकान दुनिया रे आखिर जी बुलाओ कोताःञ सेनोगा।
पीछे की कुर्सियों पर बैठ कर	तायोम रआ: कुर्सी कोरे दुब कोआते
बड़े पैमाने के अपराध क्षेत्र पर नियंत्रण रखा जाये।	इसुपुराः गोपोएः टायाद को सांबड़ाव लागातिङा।
कम मोटापे में ही बैरियाट्रिक सर्जरी करवाना ठीक नहीं है।	हुड़िङ मोटोआकान रेगे मोटो कोम नागेन आपरेशन (बैरियाट्रिक सर्जरी) रिकाइरि का माजाओआ।
« स्टर्डिया मामले में सरकार को क्लीन चिट	स्टर्डिया मामला रे सरकार दो को आड़ाः ताःइआ।
लिफ्ट में उन्होंने प्रशंसकों के एक समूह को देखा।	लिफ्ट रे इनिः आएः सुकुतानकोआः जुम्बाएः लेलकेदा।
रुक जाओ तुम न जाओ।	तिंगुनमे आलोम सेनोआ।
संपादकीय पेज और फीचर मिला है देखने को।	संपादकीय पेज ओड़ोः फिचर नामाकाना लेलेल मेनते।
इस दिशा में पहली जिम्मेदारी वर की होती है।	ने दिसा रे सिदा बारोम बोओराः ताइना।
गौरव के कुछ दोस्त भी अस्पताल पहुंचे।	गौरवाः चिमिन सोंगे को सनते अस्पताल को तेबालाः।
यह तुगलक वंश का अन्तिम शासक था।	निः तुगलक वंश रेनिः टुंडु सासनतानि: ताइकेना।
इंडियनइंडियन गांडचुदाईमोटा लंडरंडी हॉट भाभी को देख के मुठ मारी	इंडियन इंडियन लांडिदेड़े मोटो फेसो रंडी देदेड़ हिलि लेलकेआते हिलाओ केद
क् या आप जरनैलिज् म से सहमत हैं	चाना आम जर्नलिज्मेम सुकुआना।
सुना है कि वो बड़े हो गए।	आयुतादा चि इनिः माराङ जाना।
और एक जीवंत लोकतंत्र के सामने जितनी बड़ी चुनौती ये	ओड़ोः मिआद जीद लोकतंत्र सानामाङ रे इमनाङ माराङ लापाः नेआ
मैं तो एक एक इन्सान हूँ	आञ दो मिआद होड़ो (इंसान) तानिः।
इन मुकदमों की सफलता इस काम को बढ़ाएगी।	ने मोकदिमा रआः दाड़ि ने कामिः हाराएआ।
लोक कवि के ही गानों को गाती बजाती।	आनायुम दुराङ कोगे दुराङ आरे साड़िआ।
उन्होंने पुस्तक की पहली प्रति मास्टर ब्लास्टर को भेंट की।	इनिः पुथि रआः सिदा चानापा मास्टर ब्लास्टरे ओमाःइआ।
लेकिन वह प्रकृति की रहस्यमयी शक्तियों को ठुकराता भी नहीं।	मेनदो इनिः प्रकृति रआः उकुआकान पेड़ेः को काएः देआ कुंडाम जादा।
इसको चार्ज करने के लिए यूएसबी पोर्ट दिया गया है।	नेआ चार्ज मेनते यूएसबी पोर्ट ओमाकाना।
यूथ ग्रुप क्रिसमस करौल गाते चलेगा।	सेपेड़ेद गोट दो क्रिसमस करौल दुराङताने सेनेआ।
उन्हें अध्ययन के दौरान तेज सिर दर्द होता था।	इनिः पड़ावतान सोमाए जोर बोः हासुजाइ ताइकेना।
सांप्रदायिक हिंसा विधेयक पर सर्वसम्मति चाहते हैं मनमोहन	धोरोम रआः गोपोएः विधेयक रे सोबेनकोआः देंगाएः नामताना मनमोहन।
खिलखिलाते हुए वह एक चिडि़या बन गई।	लांदातान इनिः मिआद चेंड़ेंः बाइजाना।
चल तेरी बात मान लेते हैं।	देलाङ आमाः जागारलाङ पातिआ ताना।
इसमें विभाग की बिजली खर्च की गई।	नेआरे विभगा रआः बिजली खारचा जाना।
पेपर देकर निकलता और सीधे सिनेमा देखने चला जाता।	बिनिडाव ओलकेआते उड़ुङोआ आर सोजेगे सिनमा लेले सेनोःतानकेना।
सप्तर्षि ढूंढते थे कभी और खुश होते थे।	पारकोम इपिलको दांड़ां जाको ताइकेना आरको रासिका तान ताइकेना।
वन में भी अकेले ही उन्होंने प्रवेश किया।	बिर रेओ एसेकार गे इनिः बोलो जाना।
एक तूफान पैदा हो रहा है।	मिआद दुदुगार सिरजाओःताना।
परिवर्तन तो सृष्टि का नियम है।	बादिलि दो सिरजान रआः चोलोन तानाः।
उनमें नेतृत्व करने की सारी खूबियां हैं।	इनिःरे आगुवा रआः सोबेन गुन को मेनाः।
गले में लटकाए वह अंदर चली गई।	होटोःरे हाकाकेआते इनिः बितारे बोलोजाना।
इसमें लापरवाही पर संबंधित को खमियाजा भुगतना पड़ेगा।	नेआरे डिलाओ केरे जुड़ागाकान होड़ो बालाए रे टोगोआ।
नफीसा खान ने डिप्रेशन में सूइसाइड का रास्ता चुना।	नफीसा खान दो उड़ुःते (डिप्रेशन) हाका गोएन रआः होराए सालाकेदा।
अलीगढ़ की जमीन से रहा चाचा का खास नात	अलीगढ़ रआः ओते आते ताइकेना काकाः खास नाता।
सभी प्रकार के रीटेल व्यापारी योग्य है।	सोबेन लेकान खुचुरा बेपारी लेका मेनाः।
शा का तार याद आ सकता है।	इरूलाः तार उड़ुः दाड़िओआ।
युवा कथाकार विशेषांक में सुवास दीपक की कहानी	सेपेड़ेद ओलहारिआ बिनगा चानापा रे सुवास दीपकाः काआनि।
इंटरनेट मूवी डेटाबेस पर मार्क हमिल	इंटरनेट सिनमा डेटाबेस रे मार्क हमिल
लगातार दूसरे महीने निर्यात में गिरावट आई है।	बारिआ चांडुते सामान कुल (निर्यात) रे घाटि आउओःताना।
गहराते भूजल स्तर के कारण पेयजल संकट बढ़ गया है।	इकिर इदिओःतान दाः नाड़ि रआःते नू दाः रे सोंकोटो हाराकाना।
अब वीरभद्र और धूमल के करिश्मे पर निगाह	नाःदो बीरभद्र ओड़ोः धूमल ताकिनाः चोमोत्कार रेगे मेद
एक बारगी सबके चेहरे पर ङ्क्षचता की लकीरें चमक उठीं।	मिसाते सोबेन कोआः मुआंड़ा रे उड़ुः रआः चिना जिलिबकेन रिकाजाना।
यही रीति खलीफा के महल में चलती थी।	नेआ चोलोन गे खलीफा रआः महल रे सेसेन तान ताइकेना।
इनका विचार या चिंतन ही अंतिम सत्य नही हो सकता।	इनिआः बिचार चा उनुड़ु गे टुंडु सारते का होबा दाड़िओःआ।
हबीब फैजल के संवाद बेहद चुटीले हैं।	हबीब फैजलाः जागार पुराःगे सिबिलान मेनाः।
इस में तकनीक का भी बहुत योगदान है।	नेआरे तकनीकी रआःओ पुराः देंगा मेनाः।
हर सुबह एक नई उम्मीद लाती है	जानाव सेताः मिआद नावा आसराए आउइआ।
दो बार दुपहिया वाहन पर जबकि एक बार बस में।	बारसा बार चाका गाड़ि जबचि मिसा बस रे।
शायद समझने में यहाँ गलती की जा रही है।	इदुजाः बुजाओ रे नेताः गलतीओः ताना।
अब अगस्त क्रांति मैदान के नाम से है।	नाःदो अगस्त क्रांति पिड़ि रआः नुतुमते मेनाः।
इस कोरिया को सदैव समर्थन देने के लिए।	ने कोरिया दो जानाव देंगा नागेन।
उनका कहना है की एक तो सही जानकारी की क	इनिआः काजि चि मिआद दो सही इनितु रआः घाटि
आपको बधाईयाँ और मृगनयनी को स्नेहिल आशीष।	आम बधाई होबाओःका आर मृगनयनी के दुलाड़ा साम आसीरवाद।
तारकसी में छोड़े करंट से युवक की मौत	तार तांड़े तायोमते ओमाकान बिजलीते दांगाड़ाः गोनोएः
कोर्ट ने सूरज पंचोली को जमानत दे दी है।	कोट दो सूरज पंचोली के जामनी रे आड़ाःकाइआ।
ले जाने के लिए तीर कुंजियों का उपयोग करें	इदि नागेन सार निसना कामिरे आगुओःका।
कई बार वह कर्कश शोर बन कर रह जाता है।	चिमिन सा इनिः काराकासा काकला बाइ उतारोआ।
लता को पसंद आई करीना की एक्टिंग	लताएः सुकुजाना करीनाः एक्टिंग
कल के गीत की फ़िल्म का नाम बताएँ।	होला रआः दुराङ रआः सिनमा नुतुम उदुबेम।
कुल मिलाकर देश के साथ तो घात ही करना है।	सामजामाते दिसुम लोःते बेदाओतान गेआ।
कहेगा कौन पिक गाए न चातक यों न रोए।	ओकोए काजिआ दुराङताना चि राःताना।
कुछ लोंगों का कर्मो की अपेक्षा भाग्य ज्यादा साथ देगा।	हुड़िङ होड़ोकोआः कोरोमाते पुराः भाइग पुराएः देंगाः।
संजय घोष को भी एचटी प्रबंधन ने जोड़ा	संजय घोष केओ एचटी प्रबंधने जोड़ाओ किःआ।
मीराबाई का दर्द भी कुछ ऐसा ही है।	मीराबाइआः हासुओ चिमाद नेकागेआ।
इसलिए मजबूर होकर यह कदम उठाना पड़ रहा है।	एनामेनते सोंकोटो रे पांसेजानते नेलेका कामिः रिकाताना।
जल्दी ही उसे किसी डॉक्टर के पास ले जाओ।	सेकेड़ागे इनिः जान डाक्टर ताः इदिःपे।
मेरे कस्बे में जनसत्ता अखबार नहीं आता था।	आले टोला रे जनसत्ता खोबोर साकाम का हिजुःतान ताइकेना।
नेपाल की धरती उर्वरक नहीं है।	नेपाल रआः ओते रे सारा बानो:।
टीवी वाले तो चिल्ला चिल्ला कर लाइव दिखा रहे थे।	टीवी रेनको काकला-काकलाते खोबोरको लेलरिका तान ताइकेना।
इतिहास के अकेलेपन में आडवाणी की नीच ट्रेजडी	इतिहास रे एसेकार रे आडवाणीआः एदकान दुकु
बैंगनी लाइन दिल्ली मेट्रो रेल की एक लाइन है।	बैंगनी लाइन दिल्ली मेट्रो रेल रआः मिआद लाइन तानाः।
सेमल के फल पककर फट आए थे।	एदेल जो जारोम केआते ओड़ेः लेना।
यह सिर्फ मन में किया जाने वाला प्रेम है।	नेआ इपाएः मोने रे रिकातान दुलाड़ा तानाः।
« इरोम चानू शर्मीला आज बरी की गयीं	इरोम चानु शर्मीला तिसिङ को आड़ाः किःआ।
सपने खुद ही लेते हैं सांस	कुमु आपान तेगेः सायादेआ
गड़बड़ करने वालों को छोड़ा नहीं जाता।	बागड़ाव तानको काको बागेओआ।
इसमें रोजागारोन्मुखी छोटे व लंबे कोर्स चलाए जाएंगे।	नेआरे नाला नामोः लेकान हुड़िङ आर जिलिङ कोर्स चालाओआ।
उनके तो हाथ से धंधा गया।	इनिआः ती ते नाला सेनोःजाना।
सटीक व्यापार समझौते को जानना चाहते हैं?	पोकोतो गाराङ बेपार सोला इतु सानाङताना?
हमने इस स्थिति को स्वीकार कर लिया।	आले ने दासा ले आपानाकादा।
सरदार पटेल पर पूरे देश को नाज है।	सरदार पटेल चेतान रे गोटा दिसुमे पुलाइ ताना।
देखा कि राहुल गांधी विवाह रचाने जा रहे हैं।	लेलकेदाम चि राहुल गांधी आड़ान्दिन ताना।
अब देखते हैं भाई लोग क्या करते हैं?	नाः दोबु लेलेआ चि हागाको चानाःको चिकाताना?
प्लेटफार्म बिलकुल वीरान दिखाई दे रहा था।	प्लेटफाॅर्म सिङसोंड़ोएः उताराकान लेका लेलोःतान ताइकेना।
वो नहा धो कर कपड़े बदल रहा था।	इनिः डेबेल-गासार कोआते लिजाएः बादिलि तान ताइकेना।
चोरी और सीनाजोरी कर रही है।	कुंबुड़ु आर कुड़ामे चेटाःताना।
कभी इस अवधारणा के पीछे कारण सोचा है?	जां इमताङ ने उनुड़ुः तायोम रआः को पाहाम तादा?
स्पिनरों को भी मदद नहीं मिल रही थी।	स्पिनर को सनते देंगा काको नामजाद ताइकेना।
सुनते ही मन में टीस उठती है।	आयुम जालोःगे मोनेरे मिआद हासु राकाबताना।
मां दुर्गा का छठवां स्वरूप मां कात्यायिनी	मां दुरगाः तुरिआ रूप दो कात्यायिनी
क्या कुछ जानकारियों को एकत्रित कर उन्हें	चाना हुड़िङ इनितु को जामा केआते इनिः
मैं ही कुछ न कुछ व्यवस्था कर लूँगा।	आञगे जानाः का जानाः बोंदोबोसेञ रिकाएआ।
इससे बुजुर्ग और मित्रों से लाभ मिलेगा।	नेआते हाड़ामको ओड़ोः सोंगेको लाभ को नामेआ।
शुक्रवार को प्रस्तुत किया गया कार्यक्रम सरगम के सितारे।	शुक्रवार हुलाङ नितिर जाना कार्यक्रम सरगम के सितारे
बड़े बच्चे आपके सबसे अच्छे दोस्त होते हैं।	माराङ होनको आमाः सोबेनाते माजा सोंगेको होबाओःआ।
लेकिन यहाँ भी मेरी कहानी ख़राब है।	मेनदो नेताः रेओ आञा काआनि एदका मेनाः।
आपको हर कार्य में सफलता प्राप्त होगी।	आम कामि पारतेदेम दाड़िआः।
जो अपने प्रशासन को कुशल नहीं बना सकता।	ओकोए आपान प्रशासन दो गुनान काएः बाइ दाड़िआः।
हमारा पाठक ही तो हमारा बाज़ार है।	आलेआः पड़ावतानको (पाठक) गे दाङ आलेआः पीटि दो।
जिसकी बदौलत यह सब संभव हो गया है।	इनिः रआःते नेआको सोबेन होबा दाड़िआकाना।
यानी साध्यकालानी कहें तो ज्यादा बेहतर होगा।	कारेदो सिंगिहासुर साः मेनलेरे पुराः माजाओआ।
भगवान ने ओबामा को ऐसा दिन नहीं दिखाया।	भोगोमान दो ओबामा नेका दिन काएः लेलाःइआ।
जंजैहली स्कूल के मेधावी विद्यार्थी सम्मानित किए	ज्ंजेहली इतुसाइ रेन पड़ाव खेरकाइ होनको माइन केदकोआ।
अब आरोपी जज रिटायर कर चुके हैं।	नाः दो दुसि जजे रिटायर उतार जाना।
तुम दोनों को जल्दी देखने की आस में आंख लगाई।	आबेन बारानकिन सेकेड़ा लेल आसराएते मेद टोः जाना।
भरत दुबे होंगे सिवनीमालवा के नए एसडीओपी	भरत दुबे: होबाओआ सिवनीमाला रेन नावा एसडीपीओ
किसान भुखमरी के शिकार हो रहे हैं।	चासि होड़ोको रेंगेः तेको सेंदराओःताना।
सुगना ने बीड़ी सुलगा लिया है।	सुगना बिंडिः जुंडिआकादा।
पंचकुइयां रोड पर पब्लिक मीटिंग की इजाजत नहीं दी।	पंचकुइंयां संडका रे आम होड़ोकोआः दुनुब मेनते हुकुम का ओमजाना।
अन्यथा वे इसमें भी नम्बरदार होते हैं।	कारेदो इनिः नेआरेओ नम्बरदारे ताइना।
मेरे और आप के जीवन में क्या अन्तर है?	आञाः आर आमाः जिदन रे चानाः बिनगा मेनाः?
बिन तूलिका के वर्णमय यह चित्रित कैसे है सृजना?	बेगार ओलतेआः ते चिलकाते मुटानेम बाइ सिरजान दाड़िआः?
बच्चे भी शायद ऐसा ही कहें कि उन्हें जरूरत होगी	होनकोओ इदुजाः नेकागेको काजिआ चि आकोआः जारूड़ु होबाओःआ।
दोनो मामलों में अंतर है।	बारान मामला रे बिनगा मेनाः।
बिना पूजापाठ किये कभी खाना न	बेगार बोंगा-बुरू केआते आलोम जोमेआ
कर्नाटक में दूसरे दौर के चुनाव भी निपट गए।	कर्नाटक रे बारसा रआः सानालाओ (चुनाव) चाबा जाना।
इस पर महिला उसके साथ बाइक पर बैठ गई।	नेआरे कुड़ि होड़ोः इनिलोः मोटर साइकल रे दुबजाना।
गुर्जर प्रतिहार वंश का प्रमुख शासक मिहिर भोज था।	गुर्जर प्रतिहार वंश रेन मुद शासक मिहिर भोज ताइकेना।
पता नहीं काल के गाल में वह कहां समा गया।	इदु काल मोचारे चिलकातेः बोलो जाना।
वे लोहिया की ही तरह अपनी फकीरी में मस्त हैं।	इनिः लोहिया लेकागे आपान जुगिन रे बुल गिड़िआकाना।
एक संवाददाता द्वारा किया गया देखा अपनी तिजोरी में	मिआद खोबोरिया सागाते रिकाकानाः लेलकेदा आपान बाकेसा (तिजोरी) रे।
गले की खराश को हल्के में न लें	होटोः रआः काराकासा राबालते का आउ लागातिङा।
दुराग्रही के तर्क की कोई सीमा नहीं होती।	होसोड़ो होड़ोआः जागार बाचोः रआः सीमना का ताइना।
वह आँख बंद किये हो तो अंधकार हो जाता है।	इनिः मेद जापिद ताद रेदो नुबागोः ताना।
फ्यूजवायर को बम निरोधक दस्ते ने हटाया।	फ्युज तार दो बम रोकाओ दल को पारका केदा।
अन्य वर्ण जौ के आटे के पिंड बनाते हैं।	एटाः जाति को जौ होलोङ रआः कोंडा को बाइआ।
यह उन पर है कि वो अपने	नेआ आएःरेगेआ चि इनिः आपान
आज की ये महफिल है परवीन शाकिर के नाम।	तिसिङ रआः ने आकाड़ा मेनाः परवीन शाकिराः नुतुमते
ग्राहकों के लिए कॉकटेल और सैंडविच बनाता था।	किरिङतानको नागेन काॅकटेल आर सैंडविच बाइतान ताइकेना।
उसे पी के बहकी हुइ आ गई ये	एना नू केआते बुलाकानगे हिजुःजाना निः
चेहरे पर असीम गाम्भीर्य और स्थिरता का भाव चस्पा था।	मुआंड़ा रे इसुपुराः इकिरान ओड़ोः का हेलोःलेकान (स्थिरता) भाव लेलोःतान ताइकेना।
में एक पतंग का साया डगमगाता नंजर आया।	रे मिआद फिरकाल रआः उंबुल हेलो बेड़ातान लेलजाना।
लेकिन इतना जरुर है कि अभिनय वास् तविक हो।	मेनदो निमिनाम जारूड़ु गेआ चि नाटक सारते लेका आटकारोःका।
वार्ड बॉय ने हॉस्पिटल में किया युवती से बलात्कार	होरोतान दांगड़ा (वार्ड बॉय) अस्पताल रे मोटाइते दांगिड़िः देड़ेकिआ।
इस तरह की घटना बहुत मामूली है।	नेलेकान घटना पुराःगे हुड़िङा।
यह कहकर मैं अधिक बंध गया।	नेआ काजिकेआते आञ पुराः तोलजाना।
ऋषियों की बातें कभी झूठी नहीं हो सकतीं।	रिसिकोआः जागार चिउलाओ होसोड़ो का होबा दाड़िओःआ।
उसमें उनके संग शाहरुख खान हैं।	एनारे इनिलोः शाहरूख खान मेनाइआ।
के मनोरंजन की अपनी खास विधाएं है।	रआः रासिका रआः मिआद खास गुन मेनाः।
अब शादी कर लो तो कुछ राहत मिले।	नाःदो आड़ान्दिन रेदो हुड़िङेम राबाल नोगोआ।
चीन में एपल ब्रांड खासा लोकप्रिय है।	चीन रे एप्पल ब्रांड पुराः उमिआकाना।
भी दे सकता है जिनका पालन करना	रेओएः ओम दाड़िआः एनाराः पालोन रिका
वैसे नृत्य में भी उनकी पकड़ अच्छी थी।	एनका सुसुन रेओ इनिआः सानाब माजा ताइकेना।
शरीर का मोह है तो डर है।	होड़ोमो रआः मोह मेनाः रेदो बोरो मेनाः।
इससे कोई फ़र्क पड़ने वाला नहीं है।	नेआते जेतनाः का होबाओआ।
हम महंगाई के खिलाफ लडेंगे।	आबु पुराःगोनोङ रआः बिरूद रेबु लाड़ाइआ।
वामपंथी कहलाने से अब वे शरमाने भी लगे हैं।	वामपंथी काजिन रे इनकुः गियुगोः ताना।
मन में आत्महत्या का विचार आने लगता है।	मोने रे गोएःन रआः उड़ुः हिजुःताना।
चोट पहुँचानेवाले शब्दों का क्या असर होता है?	टोगोः लेकान टुङ कोरआः चानाः असर होबाओः ताना?
खबर उड़ानी है बटोही द्वैक मारे की	खोबोर आपिर रिका रआः तानाः होरा सेसेनको रआः
लगातार घंटों एकाग्र होकर किताबें भी न पढ़ें।	बेगार रूड़ुते मिद धेआनरे इसु घंटा पुथि का पड़ाव लागातिङा।
क्या आपको पहचान का प्रमाण लाने की ज़रूरत होगी?	चानाः आम उपरूम रआः साबुइति आउ रआः जारूड़ु होबाओआ?
कीर्ति मंदिर पोरबंदर का प्रमुख आकर्षण केन्द्र है।	कीर्ति मंदिल पोरबंदर रआः मुद लेल सुगाड़ा टायाद तानाः।
फीडर सेपरेशन शुरू होने के बाद स्थितियां बदली हैं।	फीडर बिनगा एटेःजान तायोमते दासा बादिलिआकाना।
कहि रविदास उदास दास मति परहरि कोपु करहु जीअ	हे भोगोमान आमाः दासि रविदासे काजिताना चि आञाः डोंडो सेंड़ांतेञ आसादिआकाना आञाः ने सेंड़ांरे आलोम हांड़ंना आर आञाः जी रे दया ताम।
और तो रास्ता भी क्या था?	ओड़ोः दो होरागे चानाः ताइकेना?
उसे देखा तो पहचाना नहीं और आईना बोला	इनिःञ लेलकिःआ दो काञ उरूमकिःआ ओड़ोः दोरपोन काजिकेदा
हम ग़रीबों की नज़र में इक क़हर है ज़िन्दगी।	आले रेंगेः कोआः मेदरे मिआद बालाए तानाः जिदान।
मायादेवी हरिद्वार की अधिष्ठात्री देवी हैं।	मायादेवी हरिद्वार रेन गोआरि दिबि तानिः।
इश्क़ है तो इश्क़ का इज़हार होना चाहिए	दुलाड़ा मेनाः रेदो एनाराः जागार पुनुचिद होबाओः लागातिङ।
यही उदासी चित्रों में फैलती है।	ने गोसोआन गे चितार कोरे तिसारोआ।
भगवान गणेश जी से ऋण मुक्ति की प्रार्थना करें।	भोगोमान गणेश तागाते रिंड़िं चाबाओः रआः गोआरिः पे।
यहां आपको दुभाषिए भी आसानी से मिल जाएंगे।	नेताः आम उल्था तानिःओ राबालतेको नामोआ।
दोपहर चाय और दोपहर के भोजन के मेनू	तिकिन चाय ओड़ोः तिकिन मांडि रआः जोमेआःको (मेनू)
साथ ही बदलने लगी है त्योहारों की प्रकृत्ति।	एनालोःगे बादिलिओः ताना पोरबो कोरआः राइन-जाइन।
मैं उन लड़कों से बोल दूंगी।	आञ एन दांगड़ा कोञ काजिआकोआ।
ऐसा उदाहरण महामूर्खता की पहचान ही होगा।	नेकान उनुदुब पुराः डोंडो रआः चिना गे होबाओआ।
आबू की पहाड़ियों में मीडिया पर मंथन	आबू रआः बुरू कोरे मीडिया रे जापागार
इकोनोमिक टाइम्स में राजनीति खबरों का विशेष महत्व होता है।	इकोनोमिक टाइम्स रे राजनीति खोबोर कोरआः पुराः माइन ताइना।
टेली कम्युनिकेशन के क्षेत्र में कॅरियर के उजले अवसर	टेली कम्युनिकेशन क्षेत्र रे नाला नामोः रआः माजा मोका
इसके पश्चात इसकी दिग्विजय यात्रा प्रारम्भ होती थी।	ने तायोमते इनिआः दिसुम दाड़ि यात्रा एटेगोः तान ताइकेना।
दो दिवसीय योग शिविर का समापन	बार सिङ रआः योग शिविर चाबाजाना।
बहुत अच्छा लगे इसका इंतजार है।	माजा आटकारोःका ने दारोम मेनाः।
लैंप की रोशनी में चमकने लगा।	लोम्पो (लैम्प) रआः मारसाल रे जिलिब-जिलिब जाना।
अनपढ़ ब्राह्मण भी यह बात जानता है।	का पड़ावाकान बामाड़ेओ ने जागारे इतुआना।
आसमान तो अभी और शेष है।	सिरमा दो नाः ओड़ोः बानचावाकान गेआ।
बंद रखिए तो इक अँधेरा है	हांडेदेआ दो मिआद नुबाः मेनाः।
चिदंबरम ने सबसे ज्यादा हमला पीडीएस पर किया।	चिदंबरम दो सोबेनाते पुराः हमला पीडीएस चेतानरे रिकाकेदा।
शिकारी वृक्ष की ओट में छिप गए।	सेंदेरानिः दारू दानाङ रे उकुनजाना।
ऑपरेशन दो पद्धतियों द्वारा किया जाता है।	ऑपरेशन बार लेकाते रिकाओःताना।
तीन वर्षों का सश्रम कारावास हुआ।	आपि सिरमा रआः कामिलोः साजाइ होबाजाना।
या अज्ञान स्थिति में हो।	कारेदो का इतुआन दासा रेमा।
पाकिस्तान ने इंटरनेट पर मौजूद विवादास्पद फिल्म पर रोक लगाई	पाकिस्तान दो इंटरनेट रे सेसेनतान एपेराङ-टेपेनसा सिनमाएः रोकाओ तादा।
फिर तो दुनिया उनकी दीवानी हो गई।	ओड़ोः दो दुनिया इनिः नागेन बालू गिड़िजाना।
आपको बिलकुल ताज् जुब नहीं हुआ।	आम कागेम दांदा उतार जाना।
पृष्ठ का शीर्षशुरू करने से पहले	साकाम रआः एनेटेः एटेः सिदारे।
नाटक के लिए भी तो कोई चाहिए।	नाटक नागेनो दो जांए लागातिङा।
आंध्र के राजनीतिक गलियारों की सुगबुगाहट बताना भी जरूरी।	आंध्र रआः राजनीति हाटिया रआः उटूल-पुटूल उदुब जारूड़ु गे।
इसको सरल रूप से समझने के	नेआ राबालते बुजाओ रआः
आटविक सेनाएँ युद्ध के लिए बहुत उपयोगी होती थीं।	आटविक सेनाको लाड़ाइ नागेन पुराः ठीकि को ताइना।
तो किसी एक को घर रहने की आवश्यकता हुई।	दो जांए मिआद ओड़ाः रे ताइन रआः जारूड़ु जाना।
सबके चेहरे पर सम भाव बेचारगी।	सोबेन कोआः मुआंड़ा रे मिद लेका भाव बापुड़ि।
अच्छी तरह ठंडा होने तक इन्हे खुला ही रखिये।	माजा लेका तुतुकुनोः सनते नेआ ओटाःकान गे ताइनका।
शनि महाराज का डर है या उनके प्रति श्रद्धा।	शनि महाराजाः बोरो तानाः चा इनिः चेतान नेहोर।
छत्तीसगढ़। नक्सली अपहृत। सुकमा। एलेक्स पॉल मेनन।	छत्तीसगढ़/ नक्सली आरकिद/सुकमा/एलेक्स पाॅल मेनन
इस मौके पर भारी तादाद में लोग मौजूद थे।	ने मोका रे इसुपुराः होड़ोको ताइकेना।
फिर मेरा पाठक तो यूनीफाइड कोड वाला है।	ओड़ोः आञाः पड़ावतानिः दो यूनीफाइड कोड रेन तानिः।
वैष्वीकरण की प्रक्रिया का सबसे मुखर स्वरूप है मीडिया।	वैश्वीकरण सेसेनतान रआः सोबेनाते पोकोतो मुटान तानाः मीडिया।
प्रकृति की नयनाभिराम स्थली है नेतरहाट	प्रकृति रआः सुनुगाड़ा टायाद तानाः नेतरहाट
पुलिस ने मामला दर्ज कर जांच प्रारम्भ कर दी है।	पुलिस दो मामला ओल केआते जांचे एटेःआकादा।
एक उम्र बढ़ने संगीत मोची का नौकर के लिए गीत	मिआद उमर हारा दुराङ-सुसुन मुचिआः दासि नागेन दुराङ
यहां मैं तीन साल तक रही।	नेताः आञ आपि सिरमा जाकेद ताइकेना।
जिन्हें नियमानुसार शादी समारोह की अनुमति प्रदान की गई है।	ओकोएदो चोलोन लेकाते आड़ान्दि नेग रआः हुकुमे ओमाकाना।
फिर मैंने उसके और अंदर डाल दिया।	ओड़ोः आञ इनिआः ओड़ोः बितारेञ आदेर केदा।
हमारी चिन्ता रमेश भाई को लेकर थी।	आबुआः उड़ुः रमेश हागा लेकेआते ताइकेना।
इससे साफ है कि हमारी रक्षा नीतियां कमजोर हैं।	नेआते पारचिजाना चि आबुआः रक्षा आइनको नोरोम गेआ।
इस माह के अंक में छपा है	ने चांडुः रआः खोबोर साकाम रे चापाकाना।
जवाब था कि लड़कपन से वह ऐसा कर रहा है।	जबाब ताइकेना चि होन सेंड़ा रआःते इनिः नेकाएः रिकाजादा।
उनका जवाब था वही पूछने के लिए फोन किया है।	इनिआः काजि रूआड़ा ताइकेना चि एनागे कुलि मेनते फोनाकादा।
रात को साढे नौ बजे फिर स्टेशन पर पहुंचा।	निदा साढ़े आरे बाजे ओड़ोः टिसन ते तेबाःकेदा।
उसने मेरे और आपके पापों के लिए अपने प्राण दिये।	इनिः आञाः आर आमाः पाप को नागेन आपान जी ओमकेदा।
अंतःकरण को सारी शक्ति मिल जाती है सारी इंद्रियों की।	जी बितार रे सोबेन पेड़ेः नामोआ सोबेनताः (इंद्री) रआः।
सर्वोत्तम नृत्य निर्देशन वाले गाने?	सोबेनाते माजा सुसुन इनितु लेकान दुराङको?
इसके लिए उन्होंने लोगों से मदद की अपील की है।	नेआ नागेन इनिः होड़ोको देंगा मेनते आरजि ताद कोआ।
लंदन भाषा पाठ्यक्रम विदेश शिक्षक प्रशंसा	लंदन जागार पिचा साकाम बिदेस मास्टर साबाइसि
ओमी अंदाज लगाने लगा कि वे कहां जा रहे थे।	ओमी ओनमान ताना चि आको कोताःको सेनोःतान ताइकेना।
उन को मैंने स्वयं ही संग्रह की प्रतियां दी थीं।	इनिः आञगे सोतोःआकान पुथि कोञ ओमालिआ।
पर फिर भी देश बचा रहता है।	मेनदो एनरेओ दिसुम बानचाओआकान ताइना।
कैसे का उपयोग करने के लिए	चिलका रआः कामि आउ नागेन।
इन त्यागी और बलिदानी महिलाओं की मुखिया हज़रते ज़ैनब हैं।	ने तेआग ओड़ोः दांड़े गिड़िजान कुड़ि कोआः मुखिया हजरत जैनब तानिः।
इसका अर्थ मौजूदा धनपतियों की रक्षा करना नहीं है।	नेआराः ओरोतो ने सोमाए रेन किसांड़ां को होरो जांगि रआः का तानाः।
सर्वपल्ली राधाकृष्णन की श्रेणी में लाकर खड़ा कर दिया।	सर्वपल्ली राधाकृष्णन जीआः जोकारे आउकेआते तिंगुकिःआ।
एक दिन तू सोहनी से पूछ लेना।	मुसिङ आम सोहनी कुलि लिःमे।
संन्यासी के काम का स्वागत किया था।	कामि बारि रआः जुगिएः दारोम लिआ।
लोहा विभिन्न कार्यो में प्रयुक्त होता था।	मेड़ेद बिनगा.बिनगा कामि रे आगुओः तान ताइकेना।
मुझे जैनी की आशा पर हँसी आई।	जैनीआः आसराए रे आञाः लांदा हिजुःजाना।
कुछ कमी पेशी रह गई हो तो अनदेखा कर देना।	जां इमिनाङ घाटि ओम रे ताइजान रेदो होंकाताःमे।
उन्होंने पायलट से विमान लाहौर ले जाने के लिए कहा।	इनिः पायलट के आपिरकाल लाहौर इदि मेनते काजिआइआ।
के गणपति मिश्र के पुत्र का विवाह हैं।	के गणपति मिश्राः होनकोड़ाः आड़ान्दि तानाः।
और उसीका फल उन्हें मिला है।	ओड़ोः एनाराः जो इनिः नामतादा।
वे दो टीमों में बंटकर दायित्व निभा रहे थे।	इनकुः बारिआ टीम रे हाटिङ कोःआते बारोम गोआकान ताइना।
मुझे भी लगता है कि कोई चक्कर है।	आञोञ आटकार जादा चि जान काजि मेनाः।
ना खाए तो और भी अच्छा।	काएः जोमे रेदो ओड़ोः माजा।
वित्तीय साक्षरता पर रिजर्व बैंक का जोर	खुरजि इनितु रे रिजर्व बैंक रआः जोर
काश्तकार और गृहस्वामी मुआवजे की मांग पर अड़े हैं।	काश्तकार ओड़ोः ओड़ाः किसांड़ां देंगा टाका आसि रेको आड़ावाकाना।
सभी को वक्त के साथ बदलना पड़ेगा।	सोबेनको सोमाए लोः बादिलिन टोगोेःआ।
बसपा सरकार ने हार नहीं मानी है।	बसपा सरकार हारातिङ काएः मानातिङाकाना।
उन्हें नहीं पता क्या कि मैं उनका बाप हूँ।	इनिः काएः इतुआना चि आञ आएआः आपु तानिः।
मैं साँस है कि आप जीवन देता	आञ सायाद तानिः चि आम जिदन ओमनिः
सूचना मिलने पर पुलिस मौके पर पहुंची।	खोबोर नामजानाते पुलिस मोकारे तेबाःकेदा।
इनमे से विशेष जयमाला को छोड़ कर सभी भेंटवार्ताएं हैं।	नेआरे पुराःतेदो जयमाला बागेकेआते सोबेन नापाम.जापागार को तानाः।
ज़्यादा हलचल नहीं है इस डाकसूची पर लोकिन है दिलचस्प।	पुराः जागार बानोः ने डाक सूची रे मेनदो जीसुकु लेकान तानाः।
सीना जब छलनी हुआ मुस्कान थी मेरे होठो पर	कुड़ाम चिमताङ तुञलेना मुगुइः लांदा ताइकेना आञाः मोचारे
जननांग पर हुए मस्सों का कोई इलाज नहीं है।	रूजि/फेसो कोरे होबाकान मासा रआः जान रानु.जिआंड़ा बानोः।
प्यारी प्यारी उन की सूरत यूं तो है लगती सदा	दुलाड़ा सुगाड़ा आएआः मुंआंड़ा लेलोआ एनकागे जानाव
तो हास् टल लाइफ का मजा मिलने लगा हमें।	दो होस्टेल जिदन रआः रासिका नाम एटेःकेदा आञ
यहाँ रात्रि निवास के लिए कैंप लगाए जाते हैं।	नेताः निदा बासा मेनते कैंप लागाओः ताना।
इसपर ऑटो चालक बच्ची को छोड़कर भाग गया।	नेआरे टेम्पु चालाओनिः कुड़िहोन बागेकिःआते निरजाना।
बादशाह ने उसका मधर चुम्बन लिया।	बादशाह इनिः हेड़ेमान गे चोः किआ।
फिर कुछ खोने का गम क्यों है?	ओड़ोः जानाः आदजान रआः दुकु चिआःघ्
वो उम्र में चाची के जितनी ही थी।	इनिः उमर रे हुड़िङ मां इमिनामगे ताइकेना।
अस्पताल ले जाते वक्त रास्ते में उसने दम तोड़ दिया।	अस्पताल इदिजाइः इमताङ होरा रेगेः चाबा जाना।
मैं आपकी हर बात से सहमत हूं।	आञ आमाः सोबेन जागार रेञ हेकेआ।
अमित भी अंदर ही अंदर खुश था।	अमितो बितार-बितार रासिकाकान ताइकेना।
बचता है तो मात्र जीवन के प्रति आदर।	सारेगोआ दो इपाएः जिदन रआः माइन।
किसी को मैं अंकल कहता और किसी को भाई साहब।	जांए आञ काका/मामुञ काजिआकोआ ओड़ोः जांए दो हागा।
मनन बुद्धि का विषय है।	उनुड़ुः दो सेंड़ा रआः विषय तानाः।
ये शेर देखें जिनमे वे दो मिसरों में पू	ने गामु लेललेआ ओकोआरे काड़ि रे पू
फाइनेंशियल टेक्नो में सुरखाब के पर	खुरजि टेक्नो रे हानारा आपाड़ोब
जिसे आसानी से डाऊनलोड किया जा सकता है।	ओकोआ राबाल ते डाउनलोड दाड़िओःआ।
इसमें पाकिस्तान से भी बदनाम लोग मंगवाये गये हैं।	नेआरे पाकिस्तानातेओ बोदोनाम होड़ोको आउआकाना।
यह महत्वपूर्ण है एक दैनिक आधार पर	ने जारूड़ु गेआ मिआद जानाव लेकाते
रिसीवर मुँह से लगाए किसी से बातें कर रही हैं।	जागारनिः मोचा लागाव केआते जांए लोः जापागार ताना।
उसने मई में गोवा पुलिस के समक्ष आत्मसमर्पण किया था।	इनिः मई रे गोवा पुलिस सानामाङ रे सरेंडर लाः।
ऐसे कुछ और भी क्षेत्र गिनाए जा सकते हैं।	नेका ओड़ोःगे चिमिन क्षेत्र को लेका दाड़िओःआ।
इसने अब महामारी का रूप ले लिया है।	नेआ नाःदो महामारी रआः मुटाने आउआकादा।
अमरनाथ यात्रा आज संपन्न हो रही है।	अमरनाथ यात्रा तिसिङ चाबाओः ताना।
मैं जानता हूँ कि मैं पापी	आञ इतुआना चि आञ पापी
नाले में नहाने या नहलाने की सख्त मनाही थी।	नाला रे डेबेलेन चा डेबेल रिका रआः पोकोतोआन माना ताइकेना।
इस मौके पर कई लोग मौजूद रहे।	ने मोका रे इसु होड़ोको ताइकेना।
झपटमार ने उन पर गोली चलाई।	रेः तानिः इनिःरे गुलि चालाओ केदा।
निम्नलिखित कानूनों पर राज्यों में कानूनी जागरुकता कार्यक्रम चलानाः	लाताररे ओलाकान आइन कोरे राइज रे आइन एनेओन काजिकामि चालाओ
आज के मानचित्र उन्नत भौगोलिक तकनीकों पर आधारित हैं।	तिसिङ रआः नकसा इसु माजा भूगोल रआः तकनीकी लेकाते मेनाः।
हेलीकॉप्टर में दुल्हे सहित पांच बाराती पहुंचे।	डुलुः आपिरकाल रे बोर लोःते मोड़ेआ बाराती को तेबाः केदा।
बस सिग्रेट पान कोइ फ़्रेंच प्रेस नहीं चाहिए।	बस सिगरेट पानए जानाः फ्रेंच प्रेस का लागातिङा
दलों में फूट पैदा होती है।	दल कोरे बिपिनगा एटे:ओआ।
भगिनी का बदला लेने कुरों से	भगिनिआः बादला आउ कुर कोलोः
शायद यह भी बिक्री का एक और फण्डा हो?	इदु नेआ आकिरिङ रआः मिआद ओड़ोः जुगुतु तानाःघ्
यह प्रेम नहीं है केवल प्राकृतिक आकर्षण है।	नेआ पेरेम का तानाः इपाएः आएःतेगे जी रानाचाः तानाः।
शेषनाग से गुफा की और आते यात्री	शेषनाग ता:ते लाता साः हिजुःतान यात्री
नही तो उन्हें मार डालेगा पगलाया हुआ पाला।	करेदो इनिः गोएः उतारिआ बालुआकान पाला।
अपने कलरव अपने सभी अनुयायियों और सामान्य में	आपान काकाला आपान सोबेन सोंगेको ओड़ोः सोंगड़ा रे
फ्री ब्लाग बनाओ उस पर लिखते जाओ।	इपाएःते ब्लाग बाइमे आर एनारे ओल इदिःमे।
घंटों विद्युत के गुल रहने का सिलसिला जारी है।	बेसेखोन बिजली का हिजुः रआः कामि सेसेनताना।
हरियाणा देश का पहला ऐसा राज्य है।	हरियाणा दिसुम रआः सिदा उतार नेकान राइज तानाः।
पैसा हमारे सब सवालों का जवाब नहीं है।	पाएसा आबुआः सोबेन कुनुलि रआः जबाब का तानाः।
यह आमतौर पर एक बच्चे की	नेआ जानाव लेकाते मिआद होनाः
है ना बहुत आसान सा कार्य।	हे चि का इसु राबाल कामि।
बॉलीवुड सेलिब्रेटीज के फिटनेस मंत्र और डेली रूटीन	बाॅलीवुड सेलिब्रेटिज कोआः फिट ताइन मोंतोर आर जानाव रआः कामि
शिक्षक बन गया आरवेल की जन्मस्थली का मालिक	मास्टर बाइजाना आरवेलाः जोनोम टायाद रेन मालिकि
अध्यक्षता मंडलायुक्त प्रदीप भटनागर ने की।	आनायार दो मंडलायुक्त प्रदीप भटनागर रिकालाः।
फिर कोई खाना कैसे खा सकता है।	ओड़ोः जांए मांडि चिलकाएः जोम दाड़िकेद तेआ।
यह एक संकुचित स्वामित्व स्ट्रीमिंग इंटरनेट	नेआ मिआद दिंगाएः स्वामित्व स्ट्रीमिंग इंटरनेट
आप अपना लुक आफ्टर कर ही नहीं सकते।	आम आपान लेलकोःआतेओ तायोम रिकागे काम दाड़िआः।
अजय को चेन स्मोकर कहा जाता है।	अजय दो बेटेकान चुंगि नू (चेन स्मोकर) निः काजिओः ताना।
जगदीश उठ बैठा किन्तुी उनींदा बना रहा।	जगदीश बिरिद लेना मेनदो दुड़ुमाकान लेकाए बाइआकाना।
शुक्रवार को वे छात्रों से संवाद कर रहे थे।	शुकरवार हुलाङ आएः पड़ाव होनकोलोःए जापागार तान ताइकेना।
किसी के वास्ते ये चाँदनी बबाल हुई।	ओकोए मेनते ने चांडुः मारसाल बालु जाना।
नीतीश कुमार खुद बाढ़ से चुनाव हार गए थे।	नितीष कुमार आएःगे बाड़ि रआःते सानालाएः हारातिङ लेना।
ममत्व के कोमल भावों से भरी आपकी पंक्तियाँ।	एंगा दुलाड़ा रआः नोरोमान भावते पेरेःआकान आमाः पांति को।
लेकिन क्या सच मे उनका कारण आधुनिक जीवन है?	मेनदो चानाः सारतेगे एनारआः कारोन हालिआन (आधुनिक) जिदन तानाः।
पाकिस्तानी खिलाड़ी ऊपरवाले को शुक्रिया अदा कर रहे थे।	पाकिस्तान रेन खिलाड़ी को चेतान रेनिआः शुक्रिया तान केनाको।
दर्द और तकलीफ तो हर वक्त बनी रहती है।	हासु आर बालाए दो खानेसा बाइआकान ताइना।
वार्ड की चहुंमुखी विकास ही उनका एकमात्र ध्येय है।	वार्ड रआः सोबेन लेकानाः उनुबार गे आएआः धेआन तानाः।
पर वह अड़ियल टट्टू की तरह अड़ी ही रही।	मेनदो इनिः केटेकेटे सान सादोम लेकाएः आडिआकान ताइजाना।
पैसेवालों से वह अच्छी फीस लेता था।	पाएसा मेनाः तेनको इनिः पुराः फीसे आउ जाको ताइकेना।
चुनावी मुद्दा बनाने की बात की जाएगी।	सानाला रआः मुद्दा बाइ रआः जागारोआ।
आखिर उनको दॉँतों मे दबाया और लौटे।	टुंडुरे आएःके डाटाते हाब किःआ आर रूआड़ाजाना।
इसके कुछ अंश प्रस्तुत हैं संस्मरण के	नेआराः हुड़िङ केनेचाः (अंश) सानामाङ रेआ पाहाम रिनिका (संस्मरण) रआः।
मैंने उनके साथ काफी साल तक काम किया था।	आञ इनिलोः इसुपुराः साल जाकेदेञ कामि लाः।
ब्लागिंग बीच में टपकी ही नहीं।	ब्लागिंग तालारे का गे उयुःजाना।
उसे लगा उसके आत्मसम्मान पर प्रहार किया गया है।	इनिः आटकार केदा चि इनिआः माइन मानाराङ रे टोःआकाना।
हर एक की अपनी शैली होती है।	होड़ो पारतेदाः आपान बानाइ ताइना।
यह देश की जनता समझ चुकी है।	ने दिसुम रेन होड़ोको बुजाओ उतारा काना।
वहाँ मेरे एक सीनियर ऑफिसर ने मेरी मुलाकात उससे कराई।	एनताः आञाः मिआद सीनियर सायोब आञ इनिलोः नापाम रिकाकिःञा।
सड़कों का निर्माण किया जाना चाहिए।	संडका को बाइओः लागातिङा।
पूस की रात कहानी में नायक दलित है।	पूस निदा काआनि रेन मुद होड़ो (नायक) मिआद हुड़िङ जाति रेन तानिः।
इसी बहाने अच्छी तरह जांज हो जायेगी।	ने बाआना तेगे माजा लेका जांच होबाओआ।
संसृति में बह जाता है गल के।	सासांकिर रे आतुओआ लेआङ कोआते
भौतिकवादी प्रजा पर कोई बोध असर नही करेगा।	सुकु सानाङतान (भौतिकवादी) प्रजा कोरे जान बारोम का टोगोःआ।
कुछ समय बाद इनकी माता ने इनके विवाह की सोची।	हुड़िङ सोमाए तायोमते इनिआः एंगाते निःआ आड़ान्दि रआःए उड़ुः केदा।
महंत जी के होठों पर कुछ मंत्रों की बुदबुदाहट हुई।	महंत जीआः लाचोरे हुड़िङ मोंतोर रआः बुदुबुदु आयुम जाना।
साथ रहने का भाव प्रबल है।	मिदते ताइन रआः भाव केटेःआन गेआ।
मैं कॉलेज में एडमिशन ले कर बहुत खुश थी।	आञ कोलेज रे भरतिन लेकेआते पुराःञ रासिका केना।
और हिंसक मुठभेडों में हुई मौतें	ओड़ोः गोपोएः मुठभेड़ रे होबाजाना गोनोएः
सूरए बक़रह की तीसरी आयत हैः	सुरह दो बकरह रआः अनापिआ आयत तानाः।
है ये इंसान की फ़ितरत गुमां सारे ये करते हैं	तानाः नेआ होड़ोआः हेवा पुलाइ सोबेनको रिकाएआ।
इसके साथ छंद का होना भी जरूरी है।	नेआलोः छंद रआः ताइन जारूड़ु गेआ।
ऐतिहासिक मंदी से जूझ रहा जर्मनी	ऐतिहासिक मंदी ते दापारदाड़ि ताना जर्मनी।
इस जलन को इस आग को खुल के हवा दे।	ने सालगाव ने सेंगेल दो पुराः होयो ओमेम।
सरकार ने डेढ़ वर्ष में इसे सुधारा।	सरकार डेढ़ साल रे नेआएः सुधराओ केदा।
जैसे शब्द का उच्चारण ध्वनि के माध्यम से देना आदि।	चिलका टुङ रआः पुनुचिद साड़ा लेकाते ओमोआ एमानको
दो सांसदों की लोस सदस्यता खत्म	बारिआ सांसद किनाः लोकसभा रआः सदस्यता चाबा
मुंबई में अच्छा है दिल्ली मे भी अच्छा है।	मुंबई रे माजा मेनाः दिल्ली रेओ माजा मेनाः।
आज की चर्चा का दिन कुश का है।	तिसिङ चारचा रआः दिन कुशा: तानाः।
उसका साम्राज्य टूटने से मुसलमान नाराज हो गये।	इनिआः दिसुम टोटाःजानाते तुड़कुको हांड़ा जाना।
जब मैने गेट खोला तो देखा बाहर पूजा खड़ी थी।	चिमताङ आञ गेट निःकेदा दो लेलकेदा बाहर रे पूजा तिंगुआकान ताइकेना।
मैंने मूर्तियों के निर्माण का आनंद लिया।	आञ मुरतु कोरआः बानाइ तेञ रासिका जाना।
गुड्डा भी इसी मूल से जन्मा।	गुड्डाओ ने मूल रेगे जोनोमाकाना।
अभियोग की सुनाई आरम्भ हो गयी।	हुदाते ओचोः(अभियोग) रआः सुनवाई एटेः जाना।
बच्चों का पहले शरीर गर्म हो रहा है।	होनकोआः सिदा होड़ोमो लोलोः ताना।
पूरे समय निराशा का ही वातावरण बना रहा।	गोटा सोमाए गे बेगार आसराए रआः होयो बाइआकान ताइजाना।
आपने जो भी प्रीमियम भरी है वह नहीं मिलेगी।	आम ओकोआ प्रीमियम पेरेःआकादा एना का नामोआ।
तो विंडोज फ़ोन ना खरीदें।	दो विंडोज फोन आलोम किरिङेआ।
ल्वोबा जाति उन में से एक है।	ल्वोबा जाति इनकुः रे मिआद तानाः।
उन्हें गंदा पानी पीना पड़ रहा है।	इनिः गोंड दाः नू होबाओःताना।
सहम कर अब समंदर भी किनारा छू रहा है	कुसुन जानाते नाःदो जालाकार सनते आतोमे तेबाः जादा।
अतः हर सम्बन्ध का अपना धर्म है।	एनाते नाता पारतेद आपान धोरोम मेनाः।
खास उद्धृत अंग्रेज़ी भाषा पाठ वाले लेखलेख जिनमें	बिनगा बोरनिकाकान अंग्रेजी जागार पाठ रआः ओनोल ओकोआरे
तब कुछ नहीं होता फिर भी कुछ होता है।	इमताङ जेतनाः का होबाओआ एनरेओ जानाः होबाओःगेआ।
मैं कशमीर का जीओसी रह चुका हूं।	आञ कश्मीर रेन जीओसी ताइ उतारा काना।
स्वामी विवेकानंद को उस दिन भरोसा हो गया।	स्वामी विवेकानन्द दो एन हुलाङ बोरसाएः नामकेदा।
यही वह पहला मौका था ज	नेआगे एन सिदा मोका ताइकेना
सीआईएसएफ के जिम्मे होगी मेट्रो स्टेशन की पूरी सुरक्षा व्यवस्था	सीआईएसएफाः जिमा रे ताइना मेट्रो टिसन रआः सोबेन होरो-जांगिको
सरदार जी बोले चार को तो मैं ही देख लूँगा।	सरदार जी काजिकेदा उपुनिआ दो आञगे लेलकोआ।
अच्छाई और बुराई में फर्क बतलाया है।	माजा ओड़ोः एदका रे बिनगाए उदुबतादा।
की आवश्यकता है सामान्य कोशिकाओं को बदलने के लिए	रआः जारूड़ु मेनाः सोंगड़ा कोसा (सामान्य कोशिका) को बादिलि नागेन।
चौदह का चुनाव हुड्डा के लिए अग्नि परीक्षा है।	गेल उपुन रआः चुनाव हुड्डा नागेन सेंगेल बिनिडाव तानाः।
गिरफ्तारी के समय बेहुरा रिटायर हो चुके थे।	साबजान सोमाए बेहराएः रिटायर लेना।
इस अंक में लेखों की भरमार है।	ने चानापा रे ओनोल को बेसे मेनाः।
जिसकी जगह आज लोगों के दिलों में है।	ओकोआ टायाद तिसिङ होड़ोकोआः जी रे मेनाः।
आगे क्लिक कर जानिए युवराज का पूरा कारनामा	आयार रे क्लिक केआते इतुइपे युवराजाः सोबेन कारिगुनि
श्री राधाकृष्ण स्वामी महाराज की जय	श्री राधाकृष्ण स्वामी महाराजाः जय
ज्योतिष विद्या के लिये काफी परिश्रम करना होगा।	ज्योतिष सेंड़ा नागेन पुराः कुरूमुटु लागातिङा।
रिश्ता बनाया है तो फिर रिश्ता निभाना चाहिये	नाता बाइताद रेदो ओड़ोः नाता साब जोगाओ लागातिङा।
पिता कलीमुद्दीन के अनुसार इम्तियाज का कमरा सबसे अलग है।	आपु कलीमुद्दीन लेकाते इम्तियाजाः कुटुरि सोबेन कोआते बिनगा रे मेनाः।
कहानी उपन् यास से भी अधिक मेहनत होती है इनमें।	कानि उप्न्यास तेओ सांगि बालाए मेना: नेआरे।
प्रधानमंत्री मनमोहन सिंह की अपील भी ठुकरा दी गई है।	प्रधानमंत्री मनमोहन सिंहरा:ओ अपील ठुकराओकेदाको।
सेक्सुअल पावर बढ़ाने वाले फूड का क्रेज	सेक्सुअल बल बढ़ाओरा: जोमरा: क्रेज।
छात्रों को दी गई कंप्यूटर शिक्षा	छात्रताको: कम्प्यूटररा: शिक्षा ओमजाना।
असीमा लिली की टिप्पणियां सुनकर बहुत प्रभावित थी।	असीमा लिलिआ: टिप्पणीको आयुमकेआते बेसे प्रभावित ताइकेना।
दुर्ग के तीन मतदान केंद्रों में ईवीएम खराब	दुर्गरे आपिआ मतदान केंद्ररे इेवीएम बागड़ाओकाना।
उरोज मसलते मसलते फ़ूलने और बड़े होने लग गये थे।	उरोज मसलाओ मसलाओते ओड़ो: माराङ होबाओतान ताइकेना।
मुझे तो इससे लाभ ही होगा।	आञदो नेआते लाभगे नामेआ।
आज मेरी ट्रेनिंग का आखिरी दिन था।	तिसिङ आञा ट्रेनिङरा: आखरी दिन ताइकेना।
लेकिन इन प्रयासों ने मुझे एक सीख दी है।	चिआचि नेआ प्रयास आञके मिआद सीख ओमतादा।
दिल को समझाने तेरी याद चली आयी है	कुड़ाम बुजाओताम आमा: याद हिजुआकाना।
थोड़े ही देर में डीवाईएसपी की गाड़ी आई।	हुड़िङखोरे डीवाईएसपीआ: गाड़ी हिजुजाना।
स्त्री को हमेशा सौंदर्य के मापदंडों पर तोला जाता है।	कुड़िके सोबेन सोमाए इनिआ: सुंदरतारा: मापदंडरे तोलाओएआको।
सारी ज़िन्दगी बदख्वाबी के ढेर में तब्दील होती दिखने लगी।	गोटा जिनिद बदख्वाबीरा: ढेररे बदली होबाओतान लेलोतानताइकेना।
नहीं मानने पर लकड़ी से पीट दिया।	का मानािङरे सानतेको दालकिआ।
क्या आप दूसरों को खुशी दे पाते हैं?	आम एटा: होड़ोको रासिका ओम दाड़िआम चि?
अर्थात जिसका आसन ही नहीं सधा हो भला वो	मेनदो ओकोआ दुबतेआगे बानो: इनि चिलका
ये सीबीआई की सुपरवायजरी अथॉरिटी भी है।	नेआ सीबीआइरा: सुपरवाइजरि अथाॅरिटियो मेना:।
कार्यस्थल चोट प्रबंधन और व्यावसायिक पुनर्वास के मास्टर	कार्यस्थल चोट प्रबंधन आर व्यवसायिक पुनर्वासरा: मास्टर।
वर्तमान में आने में उन्हें कुछ समय लगा।	वर्तमानरे हिजुलेरे मोचोकोए: समय लागाओजाना।
इकहरा में विधिक साक्षरता शिविर सम्पन्न	इकहरारे विधिक सक्षरता शिविर संपन्नजाना।
ओमकार की खबर लिखने की गति बहुत तेज थी।	ओमकाररा: खबर ओलरा: गति बेसे तेज ताइकेना।
इसे आज सुबह तक दिखाया जा रहा था।	नेआ तिसिङ सेता:जाकेद लेलरिकाजादको ताइकेना।
लगता है यह किसी उद्भट विद्वान की कृति है।	ठोरो:ताना चि नेआ जांए उद्भट विद्वानरा: कृति मेना:।
वह मेरे कपड़े खोल रही थी।	आए आञा: लिजा ओचो:तान ताइकेना।
उसमें अलग से सचिव की नियुक्ति की गई है।	एना:रे बिनगाते सचिवरा: नियुक्ति होबा:काना।
समझ में नहीं आ रहा था कि क्या करना चाहिए।	का ठोरो:तान ताइकेना चि चाना: चिका लागातिङा।
सभी को कैटेगरी में बांटा गया है।	सोबेनको वर्गरे हाटिङाकानाको।
आसपास के गांव से लोग पानी देखने आ रहे हैं।	जापारेन हातुकोसा:ते होड़ोको दा: लेलमेनते को हिजुतानताइकेना।
परिवार की संपत्ति से इसे काफी कुछ प्राप्त होता है।	परिवाररा: संपत्तिते नि बेसे चीज नामजादाए।
आपके विचारो का वहा कोई देखने वाला नही होगा।	आमा: विचार लेलमेनते एनतारे जांए होड़ो का ताइना।
निम्न बातों के परिणाम से देरी हो सकती है।	हुड़िङ जागाररा: परिणामरे देरी होबओआ।
जो जितना बडा भ्रष्टाचारी है वो उतना बडा धर्मपारायण है।	ओकोए चिमुङ भ्रष्टाचारी मेनाइ इनि इमननुङगे धर्मपरायी मेनाइ।
जीप में आठ लोग सवार थे।	जीपरे आठगोटो: होड़ोको दुबाकान ताइकना।
अनूप शुक्ल ने बताया हामिद का चिमटा।	अनूप शुक्ल उदुबकेदा हामिदरा: चिमटा।
सई की फिल्में आम जीवन को गहरे छूती हैं।	सइदा: फिल्मको आम जिनिद बारे रे माजा:ते उदुबेआ।
ये दोनों इस समिति को संतुष्ट नहीं कर पाए।	बारानकिन ने समितिके संतुष्ट काको दाड़िजाना।
की चार लाइनें पढ़ते हुए बीस से	उपुनिआ लाइन पाड़ाओकेआते बीसते।
वो अनाज जिन्हें भुला दिया गया	एना अनाज ओकोएके रिड़िङकेदाको
बरखा बहुत उदास रहने लगी थी इस बात से।	बरखा बेसे उदास ताइनतानताइकेन नेआ जागारते।
अंतहीन पाकिस्तानी बीयर बेचते हुए सारे बार्सेलोना में	अंतहीन पाकिस्तानी बियर आकरिङतान सोबेन बार्सेलोनारे।
सीबीआई ने कहा कि कृष्णा मामले में मुख्य आरोपी है।	सीबीआई काजिकेदाचि कृष्णा मामलारे मुख्य आरोपी मेनाइआ।
तुरन्त उसी क्षण होता है।	सेकड़ा एना क्षणरे होबाओआ।
इस बात को याद रखना महत्वपूर्ण है।	नेआ जागारके याद जोगाओ मह्वपूर्ण मेना:।
अभी की सूची से उसे निकाला जा चुका है।	ना:रा सूचीते आएके उड़ुङताइआको।
विकासित देशों में भी आलू होता है।	विकसित दिसुमरेओ आलू होबाओआ।
इससे सदन की कार्यवाही आधे घंटे तक स्थगित रही।	नेआते सदनरा: कार्यवाही आधा घंटा जाकेद स्थगित तताइनजाना।
शक्तिशाली परिवार बड़ी जमीन वाले होते हैं।	शक्तिशाली परिवार माराङ ओेतेरेनको ताइना।
सीसीटीवी कैमरे का सेटअप भी नहीं मिला है।	सीसीटीवी कैमरारा: सेटअपो का नामा:काना।
मुख्यमंत्री अनुसूचित जाति एवं पिछड़ा वर्ग चौपाल योजना	मुख्यमंत्री अनुसूचित जाति ओड़ो: पिछड़ा वर्ग चौपाल योजना
जमीन मां है यह सच है।	ओते एंगा मेनाइ नेआ सारते मेना:।
मतदान के महत्व के बारे में बताया	मतदानरा: महत्व बारेरे उदुबकेदा।
इसे कभी प्रकट न करें।	नेआ आलोपे उड़ुङेआ।
ये कोई पैरामीटर थोड़े न है।	नेआ जाना पैरामिटर थोड़े मेना:।
नाम से ही विधि ज़ाहिर है।	लुतुमतेगे विधि लेलो:ताना।
सुनते ही मैं खुश हो गया है।	आयुमकेआतेगे आञ रासिकानजाना।
इसका सट्टेबाजों के फोन रिकॉर्ड से खुलासा हुआ है।	नेआरा: खुलासा सट्टेबाजकोआ: फोन रिकाॅर्डते होबकाना।
उनकी पीडा सुनकर हमे इस घटना पर बेहद दुख है।	इनकुआ पेंड़े आयुमकेआते आले नेआ घटनारे बेसे दुकु मेना:।
आप ने आनन्द दर्शन का कपाट खोल दिया।	आबेन आनन्द दर्शनरा: कपाट ओचो:केदा।
पिता के बचने का विश्वास तो था।	आपुतेआ: बानचाओरा: विश्वास दो ताइकेना।
पुराने दोस्त का तंज नही चुभता	सिदारेन सोंंगेआ: तंज का का जानोमा।
तब भुसरी उस दल की अगुआ थी।	एन सोमाए भुसरी एना दलरा: अगुआ ताइकेना।
इस बार तो सच्ची में ही ऐसा हो गया।	ने सोमाए दो सारतेगे नेकागे होबाजाना।
इसीलिए तुम्हारी सेहत का न कभी कोई होता जिम्मेदार	एना मेने आमा: सेहतरा: जांए जिम्मेदार का होबाजाना होनाङ।
बुराई को आरम्भ में ही दबाना चाहिए	बुराइके एटे:रेगे उकु लागातिङा।
सभी पुलिस वाले जांच में लगे हैं।	सोबेन पुलिसरेनको जाँचरे लागाओकाना।
यहां आपको अच्छे किस्म की पेंटिग भी मिल जाएगी।	नेतारे आपेआ नातिन माजालेका पेंटिंग नामो:गेआ।
दक्षिण अफ्रीका में संपत्ति में क्यों निवेश	दक्षिण अफ्रीकारे संपत्तिरे चाना:रा निवेश।
पाँयन लच्छे खागल सोहै बिछुआ खोयो जाय।।	पाँयन लच्छे खागल सोहै बिछुआ खोयो जाय।।
संयुक्त राष्ट्र संघ से आचार्य श्री श्रीवत्स गोस्वमी को आमंत्रण	संयुक्त राष्ट्र संघ सा:ते आचार्य श्री श्रीवत्स गोस्वामीके न्योता।
एक मां से आता है और एक पिता से।	मिआद एंगाते हिजुगा ओड़ो: मिआद आपुते।
इसीलिए नरेंद्र मोदी जल्दी में हैं।	नेआ मेनतेगे नरेन्द्र मोदी सेकड़ारे मेनाइ।
पत्थर को हिला देने की इच्छा	दिरिके एकला रिकारा: उड़ु।
प्रकाश की केमिस्ट्री क्या होती है?	प्रकाशरा: केमिस्ट्री चाना: मेना:।
वहां एक शास्त्रार्थ में उनकी हार हो गई।	एनाता मिआद शास्रार्थरे इनकुआ हार होबाजाना।
इस तरह प्रवेश कराने का सिलसिला शुरू होता है।	ने लेका बोलो रिकारा: सिलसिला एटे:गोआ।
उनका उद्धार करना हमारा कर्तव्य है।	इनकुआ उद्धार रिकारा: आबुआ: धोरोमा मेना:।
कौवे स्तनों पर चोंच मार रहे थे।	काउको तोआकोरे मोचा माराओजाद ताइकेना।
उन्हें इस दंभ से निकलना होगा।	इनकु नेआ दंभते उड़ुङ लागातिङा।
प्रकाश के पर्व दीपावली की आप सब को शुभ कामनाएं	मासकालरा: पोरोब दीपावालीरा: आपे सोबेनके शुबकामनाएं।
इसका कोई एक नेता नहीं है।	नेआरा: जांए मिआद नेता बांगाइ।
उन्होंने कहा कि तुम्हारे बातों में दम है।	इनकु मेन चि आमा: जागाररे दम मेना:।
बुग्यालों की दूरी पहले से ज्यादा बढ़ी है।	बुग्यालोंरा: दूरी सिदाते सांगि हाराकाना।
विभिन्न ग्रहों से संबंधित अनाज इस प्रकार हैं।	बिनगा-बिनगा ग्रहकोते संबंधित अनाज ने प्रकार मेना:
दुनिया में हर व्यक्ति को रोमांच करना चाहिए।	दुनियारे सोबेन व्यक्तिके रोमांच रिका लागातिङा।
और इसके दुखद होने का कारण समझना।	ओड़ो: नेआरा: दुकु जागारा: कारण बुजाओ।
उस पर देखो कैसा कुसुम मृदुल सवेरा है	एना:रे लेललेम चिलका मृदुल सेता: होबाकाना।
मोबाइल सेवा भी पूरी तरह से ठप हो गयी है।	मोबाइल सेवाओ गोटालेकाते ठप होबाजाना।
कह रही थी कि वह जरुरतमंद है।	मेनजाद तइकेनाचि आए जारुड़तान ताइकेना।
यानी मान्यता को निलंबित कर दी गई।	मेनदो मान्यता के निलंबित रिकाकेदाको।
इसके तीन मिनट बाद दूसरे बच्चे का जन्म हुआ।	नेआते आपिआ मिनट बाद तायोम होना: जोनोम होबाजाना।
तो उदास व दुखी नहीं होना चाहिये।	तोबे उदास ओड़ो दुखी का होबा लागाततिङा।
आदमी शूमाकर का सामना करना पड़ता है	होड़ो शूमाकररा: सामना रिका लागातिङा।
नसीरुद्दीन शाह कमाल के लगे हैं।	नसीरुद्दीन शाह कमालगे लेलो:जाना।
लोगों ने पुलिस के इस अभियान का स्वागत किया है।	होड़ोको पुलिसरा: नेआ अभियानरा: स्वागत तादाको।
यह सब मुझे पसंद नहीं है।	नेआको आञके का सुकुआ।
संघ किराया कम कराने की कवायद में लगा है।	संघ भाड़ा कोमरिकारा: कवायदरे मेनाइआ।
शोधकर्ताओं ने पाया है कि जब	शोधकर्तााको नामतादाको चि चिमतुङ।
साथ की आस में चले जीवन भर के साथी	साथरा: आसरेको सेनो:तानाको जीवन भररा: साथी।
कहीं नहीं जाना है अजय कुमार झा	जांताते का सेनेआ मेना: अजय कुमार झा।
सूचना प्रौद्योगिकी के क्षेत्र में एमएस सूचना सुरक्षा विशेषज्ञता	सूचना प्रौद्योगिकिरा: क्षेत्ररे एमएस सूचना सुरक्षा विशेषज्ञता।
यह कोशिश न्यायिक संस्थान द्वारा की जा रही है।	नेआ कोशिश न्यायिक संस्थान द्वारा रिकाओताना।
बस थोड़ा सा सुपरविज़न बनाकर रखना पड़ता है।	मार हुड़िङलेका सुपरविजन बाइकेआते जोगाओ लागातिङा।
रात सुबह गायेंगे तुम्हारे लिए हम गीत	निदा सिंगि दुराङाले आमा: नातिन दुराङ।
पांच फाउंडेशन इकाइयों से क्रेडिट अंक	मोंड़ेआ फाउंडेशन इकाइते क्रडिट अंक।
और योगदानकर्ताओं को वहाँ से नियुक्त	ओड़ो योगदानकर्ताताको एनतते नियुक्त।
फिर अपने दम पर जीत दिलाकर चौंका भी दिया।	एनातयोमते आया दमरे जीत आउकेआते किटिलरिकाकेदा।
एक औरत जो जीवन शक्ति के साथ	मिआद कुड़ि ओकोए जीवन शक्तिलो:।
नरेश को काफी अच्छा लगा था।	नरेश बेसे माजा ठोरकेदाए।
चंद कलियों की जिंदगी के लिए	चंद कलिकोआ: जिंदगी नातिन।
ध्यान में रख आसान बनाया गया है।	उड़ुरे जोगाओकेआते राबाल बाइआकाना।
उसके मुश्किल से इतने रुपए मिले हैं।	एना:रा बालाएते निमुङ टाका नामाकाना।
यही इस कहानी की सफलता है।	नेआगे ने कानिरा: दाड़ि मेना:।
के साथ खेल का पर्दाफाश ऊपर	ने ले: इनुङरा: पर्दाफाश चेतान।
पर्यटन के लिए वरदान बना कमजोर रुपया	होनोर नातिन वरदान बाइजाना कमजोर टाका।
भारत इस मामले में बहुत पिछड़ा है।	भारत नेआ मामलारे बेसे तायोमाकाना।
तो उस समय जो माहौल था।	तोबे एन सोमाए ओको माहौल ताइकेना।
एक आत्मकथात्मक किताब भी छप कर आ गई।	मिआद आत्मकथात्मक किताबओ छापाकेआते हिजुजाना।
यहां पर चामुंडा देवी का मंदिर है।	नेतारे चामुंडा देवीआ मंदिर मेना:।
कई गांवों में सोमवार की रात तीन बार बरसात हुई।	बेसे हाततुकोरे सोमवार हुलाङा निदाते आपिसा जारगिलना।
उन्होंने तिंदवारी जीजीआईसी भवन निर्माण का मुद्दा भी उठाया।	इनकु तिंदवरी जीजीआईसी भवन निर्माणरा: जागार राकाबकेदा।
भारतीय वाङ्मय में विषधर सर्पों की पूजा होती है।	भारतीय वाङ्मयरे विषधर बिङको:आ बोङा होबओआ।
वह उसे अपने साथ लेकर तुरन्त देहली पहुंच गया।	आए इनि आएलो: सोज इदिकेआते देहली तेबाकेदाए।
मै लिखता वही हूँ जो देखता हूँ।	आञ एनागे ओलेआञ ओकोआ लेलाकादाञ।
उन्हें लगता वह जागती हुई सपना देख रही थीं।	इनकु ठोरजादाको चि आए आरिदतानलो कुमु लेलताना।
और नाक से नथुनों तक को ढक लिया था।	ओड़ो: मू:ते नथूना जाकेद हारुबलेना।
देह पर उनकी पीले रंगों की मनोहारी छटा	देआरे आया: सासाङ रांगारा: मनोहारी छटा।
पुरातात्विक अवशेषो पर आधारित एक अध्ययन	पुरातात्विक अवशेषो चेतानरे आधारित मिआद अध्ययन।
आजीविका सम्पन्न जातक अपने वरिष्ठ अधिकारियों को संतुष्ट कर लेंगे।	आजीविका सम्पन्न जातक आकोआ वरिष्ठ अधिकारिको संतुष्ट दाड़िआको।
कुछ आहें भी होंगी कुछ अफवाहें भी होंगी	मोचोकोए आहेंको ताइना मोचोकोए अफवाह कोओ ताइना।
कला मामलों खरीदने के लिए सुझाव	कला मामला किरिङ नातिन सुझाव।
पर यही उनकी शक्ति और सीमा दोनों है।	मेनदो नेआगे इनकुआ शक्ति ओड़ो: सीमा बाराना मेना:।
फिर क्रिकेट कूटनीति की राह पर	ओड़ो: क्रिकेट कुटनीतिरा: होरारे।
बिहार में गठबंधन कर रहा अच्छा काम	बिहाररे गठबंधन रिका ताना माजा कामि।
शोर मचाया तो पड़ाेसी जमा हो गए।	काकालाकेदाए दो जापाओड़ा:रेन होड़ोको जामाजाना।
इस बारे में और अधिक नहीं बता सकती।	नेआ बारेरे ओड़ो सांगि काञ जागार दाड़िआ।
जगतसिंह तो ताक लगाये हुए था ही।	जगतसिंह दो ताक लागाओकेआते ताइकेना।
डायबिटीज बढ़ती जा रही है देश में।	डायबिटिज हाराओताना दिसुमरे।
यह पंिक्तयां मन को झकझोर देती हैं।	ने पंक्तिको कुड़ाम झकझोरकेदाको।
किधर आया? इसका नाम यूनानी कैसे पड़ा?	कोते हिजुआकाना? नेआरा नुतुम यूनानी चिलकाते आउजाना।
पंप पर पेट्रोल के साथ रेलवे रिजर्वेशन भी कराइए	पंपरे पेट्रोललो: रेलवे रिजरवेशनओ आउएपे।
घर की जिम्मेवारियाँ सँभालने के लिए जयदेव लुधियाना आ गए।	ओड़ा:रा जिम्मेदारिको सामड़ाओ मेनते जयदेव लुधियाा रुड़ानजानाए।।
छत्तीसगढ़ में इस बार अच्छी बारिश भी होगी।	छत्तीसगढ़रे नेआ सिरमा माजा जारगि होबाओआ।
जैसे बाहें टाँगो से चिपक गई हो।	चिलका तीते काटाको साटाओजाना।
हजरत इम्बे अली तालिब की शहादत पर जुलूस निकला।	हजरत इम्बे अली तालिबरा: शहादतरे जुलूस उड़ङलेना।
दूसरे की थाली का व्यंजन सभी को अच्छा लगता है।	एटा:कोआ थाड़ीरा: मांडि सोबेनको सुकुएआ।
और इस विपर्यय से साधारणीकरण की नयी	ओड़ो नेआ बदलीते साधारणीकरणरा: नावा।
कार्टू्निस्टों को जेल भेज रही है।	कार्टूनिस्टताको जेलतेको कुलजाकोआको।
प्यार क्या कहूं क्या नहीं कहूं	चाना: काजिआञ चाना: काञ काजिआ।
मार्च को होने वाली बैठक में रखे जायेंगे।	मार्चरे होबारेन बैठक रेबु जोगाओएआ।
इस पद के लिए भी विज्ञापन दिया गया था।	नेआ पद नातिन विज्ञापन ओमलेना।
बीमा जरूर एक दिन अन्य बच्चों की तरह हो जाएगा।	बीमा सारते मुसिङ एटा: होनकोलेका बाइना।
वे बयान तो खतरनाक देते थे उसमें कोई शक नही।	आए बयान दो खतरनाक ओमजाद ताइकेना एनारे जेताना शक बानो:।
परवेज मुशर्रफ अभी अपने फार्महाउस में बंद हैं।	परवेज मुशर्रफ नाआ आएआ फार्महाउसरे बंद मेनाइ।
इसका पता राघवचेतन के चरित्रचित्रण से मिलता है।	नेआरा इतु राघवचेतनरा: चरित्रचित्रण लेका मेना:।
संभलने का रियाज अगर होता सियासत में	समढ़ाओरा: रियाज मेनदो ताइनजानरे सियासतरे।
खुद से क्या जग से भी बढ़ कर	आपानते चाना: जगतेओ माराङतान
जिसके कारण उनका शरीर नितान्त नष्ट हो गया।	ओकोआ कारण आकोआ देआ सारते नष्ट होबाजाना।
इस समय मुझे देर हो रही है।	ने सोमाए आञके हेड़ा होबाताना।
उसे जेल में रखा जाना चाहिए।	इनिके जेलरे जोगाओ लागातिङा।
उच्च शिक्षा ऋण गारन्टी योजना की मार्गदर्शिका	उच्च शिक्षा ऋण गारन्टी योजनारा:मार्गदर्शिका
पाएँगे तो फूलकर कुप्पा हो जाएँगे।	नामजानरे रासिकान गिड़िओआम।
उसके यह कहते ही गुफा का द्वार बंद हो गया।	आएआ नेआ काजिते गुफारा: द्वार बंद होबाजाना।
आयेगी। मैं रेत को मुट्टियों में भरती हूँ।	आञ हासाके मुठ्ठीरेञ पेरेआ।
कोयल की कूक तो गांव में सुनी थी।	कुकुरा: साड़िदो हातुरेबु आयुमकेना।
कोई इंसान इतने रूप कैसे बदल सकता है।	जांए होड़ो निमुङ रूप चिलकाते बदली दाड़िआ।
के अन्तर्गत कापीराइट लेने मे सारस्वत निकेतनम् सफल रहा है।	एना अंतर्गत काॅपीराइट आउरे सारस्वत निकेतनम दाड़ि जानाए।
अक्षरों को नये भाव के प्राण दे	अक्षरकोके नावा भावरा: प्राण ओमकेम।
तब फसलों के उत्पादन पर विपरीत प्रभाव पड़ सकता है।	एन सोमाए फसलरा: उत्पादनरे विपरीत प्रभाव बाइ दाड़िओआ।
अब हाथों के पीछे की ओर कर दें।	ना: ती:आ तायोमसा:रे आउताम।
और वाराणसी शक्तिनगर राजमार्ग जाम कर दिया।	ओड़ो वाराणसी शक्तिनगर राजमार्ग जामकेदाको।
यहां हिंदू युवा वाहिनी के नेता हैं।	नेता हिंदु युवा वाहिनीरा: नेता मेनाइ।
महिलायें जमीन पर लोट रही थीं।।	कुड़िको ओतेरे लोटाओतान ताइकेना।
जाड़ों और बरसात में तो पूरा नरक होता।	राबाङ ओड़ो जारगिरे गोटा नरक ताइना।
और साथ ही अपनी भी बिदाई	ओड़ो एनलो: आपानो:विदाई।
आरोपी जलगांव का रहने वाला है।	आरोपी जलगाँव रेनि तइकेनाए।
चाय चुनने का काम स्त्रियां ही करती हैं।	चाय हालाङरा: कामि कुड़िकोगे रिकाएआ।
रिंगटोन और ग्राफिक्स अनुकूलन प्रयोजनों के लिए	रिंगटोन ओड़ो: ग्राफिक्स बाइरा: उड़ु: नातिन।
उधर पूरब दिशा में मेरी नजर गई।	हेनसा पूरब दिशा रे आञा: नजर सेनो:जाना।
श्रवण यंत्र से कोई लाभ नहीं	आयुमरा: यंत्रते जेताना लाभ बानो:।
यहां हर साल मणिमहेश यात्रा का आयोजन होता है।	नेता सोबेन सिरमा मणिमहेशरा: यात्रारा: आयोजन होबाओआ।
जमीन पर कब्जा करने की शिकायत	ओतेरे कब्जा रिकारा: शिकायत।
शेष अपमिश्रित नमूनों में पानी की मिलावट पायी गयी।	सारेआकान अपमिश्रित नमूनारे दा:रा मिलावट नामजाना।
क्या सरकार ने सिविल सोसायटी को मान्यता नहीं दे दी।	सरकार सिविक सोसायटीके पाति काको ओमकेदाचि?
केला व खीर के कलश सुशोभित होते हैं।	कादाल ओड़ो: खीररा: कलश साजाओएआको।
जो काफी तेज़ गति में गाया गया है।	ओकोना बेसे तेज गतिते दुराङाकाना।
यह फ़ारुख शेख की कमजोरी है।	नेआ फारुख शेखरा: कमजोरी मेना:।
पाठकों तक पुस्तकें पहुँच नहीं पातीं।	पाटककोता: किताबको का तेबागोताना।
आँखों पे धीरे धीरे उतर के पुराने ग़म	मेदचेतान मांड़ि-मांड़िते हाड़गुकान पुरना दुकु।
तो उन्हें इस राष्ट्र का पालक कहा जा सकता है।	तोबे इनि नेआ दिसुमरा: पालक बु काजि दाड़िआ।
यह गीत हमारी भारत वर्ष की राष्ट्रीय धरोहर है।	नेआ दुराङ आबुआ भारत वर्षरा: राष्ट्रीय धरोहर मेना:
फिल्म को पूर्णतया उत्तराखण्ड में शूट किया जाएगा।	फिल्म पूर्णतया उत्तराखण्डरे शूट होबाओआ।
गहरी श्वास अग्नि को प्रज्वलित करती है।	गहरा सायाद सेंगेलके हाराएआ।
यदि कोई भी आपकी हॉबी हो तो उसे अपनाएँ।	आमा: जाना हाॅबी मेना:रेदो एना इतुनमें।
इस के पास से गंगा नदी भी बहती हे।	नेआ सानामाङते गंगा गाड़ाओ लिंगिओआ।
रणछोड़जी के मन्दिर की ऊपरी मंजिलें देखने योग्य है।	रणछोड़जीआ मन्दिर रा: चेतानरा: मंजिल लेल लेकाना मेना:।
इसीलिए मैं महिला लेखन पर बहुत कम कलम चलाती हूँ।	नेआमेनते आञ कुड़ि लेखनरे बेसे हुड़िङ कलम चलाओएआञ।
दुनियाभर में कूटनीति समय समय पर बदलती रहती है।	दुनियाभर रे कूटनीति समय समयरे बदलीकान ताइना।
दाने वहीं जमीन पर धरे रह गए।	जाङ एनता ओतेरेगे सोयाजाना।
होलियाँ भी रागरंग वाली यहीं से शुरू हो जाती हैं।	होलीरा: सुसुन दुराङको नेतातेगे एटे:गोआ।
पुरस्कृत कविताः सीधी सादी एक कहानी	पुरास्कृत दुराङ सोज मिआद कानि।
साथ ही गाली गलौज की गई।	एनलो:गे एपराङ होबा:जाना।
उसके घर उड़ते हुए आए झंडे	झंडाको ओटाङकेआते हिजुजाना आएआ ओड़ा:।
उसकी दोस्त कहीं जाने के लिये तैयार दिखती है।	आएआ: सोंगे जांता सेनो: नातिन तैयार लेलो:ताना।
भारत की जींस में ही लोकतन्त्र है।	भारतरा: जींसरेगे लोकतंत्र मेना:।
ख़बरें » प्रकाश झा ने टीवी चैनल पेश किया	खबरको प्रकाश झा टीवी चैनल पेशकेदाए।
ऐसा होता तो यह वरदान माना जाता।	नेका होबाजानरे वरदान मानातिङजाना होनाङ।
मेरा बाहरवीं का रिज्ल्ट आया था उस दिन।	आञा: बारहवीरा: रिजल्ट हिजुजाना एन हुलाङ।
लेकिन अब मेरा डर निकल चुका था।	मेनदो ना: आञा: बोरो उड़ङ चाबाजाना।
और ये नीचे रहा दुसरा हिंट का चित्र	ओड़ो: नेआ लातार मेना: एटा: चिना: चित्ररा:।
इनमें डेविड एटनब्रोए इमोन एंड्रयूज और जैक वार्नर प्रमुख थे।	नेआरे डेविड एटनब्रोए इमोन एंड्रयूज ओड़ो: जैक वार्नर प्रमुख
उसको मौत का डर नहीं रहता।	इनि गोएरा: बोरो बानो:।
तेरहवीं के बाद वह लौटा।	तेरहवीं तायोमते आए रुड़ाजाना।
बेहद लंबा संघर्ष है और इसका फल अच्छा मिलेगा।	बेसे जिलिङ संघर्ष मेना: ओड़ो: नेआरा: फल माजा नामो:गा।
वजह रही पाठक संख्या का लगातार कम होना।	वजह ताइनजाना पाड़ाओतानकोआ संख्या लागातार हुड़िङजाना।
आपस मे लोग शर्त लगाकर खेलने लगे।	तालारे होड़ोको शर्त लागाओकेआते इनुङतानको ताइकेना।
कोख में कब्र दे दी उस नन्हे फूल को	कयोङरे कब्र ओमकेदा एन हुड़िङ बा:के।
राष्ट्रबाला दिव्या जी के तरीक़े भी नायाब हैं।	राष्ट्रबाला दिव्याजीरा:ओ तरीकाको नायाब मेना:।
खुलने से पहले दो शोरूम सील	ओचो:तान सिदारेगे बारिआ शोरूम सील।
मृणाल जी कहना ठीक ही होगा।	मृणाल जी काजिलेरे बेस होबाओआ।
उस वाद का कोई नतीजा नहीं निकलेगा।	एना: जागाररा: जेताना नतीजा का उड़ङोआ।
सतर्कता राष्ट्रपति चुनाव के मद्देनजर बरती जा रही है।	सतर्कता राष्ट्रपति चुनाव नातिन ध्यानको ओमजादा।
जो उसका बेटा उसे कर देता है।	ओकोआ आएआ होनकोड़ा रिकाएआ।
इसे तोड़ने का कोई भी प्रयास सफल नहीं हो सका।	नेआ पोआरा: रिका जांए काको दाड़िकेदा।
कंपनियों के पते भी फर्जी पाए गए हैं।	कंपनियों रा: पताकोओ: होसोड़ो नामजाना।
कि वे वांछित अणुओं या परमाणुओं को उपलब्ध यौगिकों से	चिआचि इनकुडवांछित अणुओं कारेदो परमाणुओं को उपलब्ध यौगिकी ते।
लगभग सात बजे मैं वापिस अपने कमरे पर आगयी।	लगभग सात बजेते आञ आञा: कमरा हिजु रुड़ा जानाञ।
जो यूँ किया है तो फिर क्यों गिला करो उससे	मेनदो नेका रिका तादाम तोबे चाना मेनते इनिलो: खीसो:तानाम।
लेकिन योग में ऐसा कोई खतरा नहीं।	मेनदो योगरे नेकाना खतरा बानो:।
रेलगाड़ी समय से चलते हुए देर से आ रही है।	रेलगाड़ी समयरे सेनो:तानरेओ हेड़ाते हिजु:तानाए।
पाइलिन चक्रवात का असर बिहार में दिखने लगा है।	पाइलिन चक्रवातरा: असर बिहारे लेलो:ताना।
और जो हंसने से पहले जाने किससे इजाजत मांगते हैं	ओड़ो: ओकोए लांदा सिदारे इदु ओकोएता:ते इजाजत आउजादाए।
एक सन्त ने श्री हनुमान जी का मंदिर बनवाया।	मिआन संत श्री हनुमान जीआ: मंदिर बाइ रिकाकेदाए।
सुपरकिंग्स का मुकाबला किंग्स इलेवन से	सुपरकिंग्सकोआ: मुकाबला किंग्स इलेवेनलो:।
उन्होंने कहा कि यह चुनौतीपूर्ण विकेट था।	इनकु मेकेदाको चि नेआ चुनौतीपूर्ण विकेट ताइकेना।
तिस्स ने उसे संबुद्ध के सिद्धांत का अध्यापन किया।	तिस्स इनिके बुद्धरा: सिद्धांत इतु रिकाकेदाए।
सौंदर्य का आकर्षण भी उतना महत्वपूर्ण नहीं है।	सुुगड़ा लेलोरा: आकर्षण इमनुङ महत्वपूर्ण बानो:।
जब कि किसी भी कीमत पर मुझे माँ चाहिए।	मेनदो जां चिलकाते एंगा नाम लागातिङा।
जिनकी पहचान नहीं थी उन्हें पहचान मिल गई।	ओकोआ पहचान का ताइकेना इनकु पहचान नाम केदाको।
भज्जी ने सचिन से सलाह मांगी	भज्जी सचिनता:ते सलाह आसिकेदा।
अचानक धंसी जमीन के कारण लोगों में हड़कंप मच गया।	आचकाते ओते धंसाओ चालते होड़ोकोआ: तालारे हाड़कंप माचाओजाना।
के दक्षिण में बस तुम पर	मेनदो आमा: दक्षिणरे।
आरोपी ने टूसा के साथ मिलकर लुधियाना से लूटपाट की।	आरोपी टूसालो: जामानकेआते लुधियानाते लूटपाट केदाए।
इस विचारधारा ने सती बनाम वेश्या का प्रपंच खड़ा किया।	नेआ उड़ुगे सती बनाम वेश्यारा: जागार बाइतादाए।
यह विचार है सुरक्षा की दृष्टि से कुत्ते की जागरूकता।	नेआ उड़ु मेना: चि सुरक्षा: दृष्टिते सेताआ जागरुकता।
चाय पीते ही शौचालय की तरफ़ दौड़ना पड़ता।	चाय नू केआतेगे शौचालयसा: निर लागाजाना होनाङ।
बावरे नैन ना इन को नींद ना इन को चैन	बालू मेदरे दुड़मो: बानो: आर चैनो: बानो:।
मोडल नया रूप उपरिशायी पृष्ठ फ्लिप क्षैतिज नेविगेशन	मोडलरा: नावा रूप उपरिशायी पृष्ठ फ्लिप क्षैतिज नेविगेशन
जानें इससे राहत के कारगर उपाय।	निता:ते इतुनपे बेसनोरा: कारगर उपायको।
हा हा हा हा हा हा ढेरों धन्यवाद सहित	हा हा हा हा हा हा सांगि जोआरलो:।
आमिर खान अब रेडियो के जरिए लोगों से जुडेंगे।	आमिर खान ना: रेडियोसा:ते होड़ोकोलो जामाना।
अरे दुख अपना दीवारों से चीख चीख बोलो	चि आमा: दुकु दीवारते काकला काकलाकेआते काजिमे।
एक बार बागी का पूरा शरीर फिर हिल गया।	मोसा बागिआ: गोटा होड़मो ओड़ो: एकलाजाना।
जैसे सामाजिक मीडिया साइटों से लिंक का इलाज है?	चिलका सामाजिक मीडिया साइटते लिंकरा: इलाज मेना:।
एक रिसर्च के मुताबिक सेक्स से बेहतर नींद आती है।	मिआद रिसर्चते हिसाबते सेक्सते माजा दुड़ुम हिजुगा।
जबकि यूनिट के और लोग इसे करवाना चाहते हैं।	मेनदो युनिट रेन होड़ोको नेआ ओड़ो रिका मोने तानाको।
आठ दस लोग और थोड़ी दूरी पर खड़े थे।	आठ दस होड़ोको ओड़ो: सांगिनरेको तिंगुकान ताइकेना।
जिस घर में न हो ताजा हवाओं का गुज़र भी	ओड़ा: ओकोता: मोयोदो होयो का सेसेना।
मैं बिस्तर पर नहीं पढ़ती हूँ	आञ बिस्तररे काञ पाड़ाओना।
किसी की शक्ल को पहचानता नहीं कोई	जांएआ मोचा जांए काको लेल उरुमेआ।
उन्होंने कहा कि हम सपने बेचते हैं।	इनि मेन चि इनकु कुमुको आकरिङेआ।
तुम समस् या को स् थगित कर सकते हो।	आमि समस्याके तांगि दाड़िआम।
युवाओं में राहुल गांधी को लेकर जबर्दस्त नाराजगी है।	युवाको:आ तालारे राहुल गांधी नातिन बेसे खीस मेना:।
कि इस दुनियां में मिले एक अदद	चि मिआद होड़ो ने दुनियारे नामजाना।
कितने आश्चर्य की बात थी कि	चिमुङ आश्चर्यरा: जागार ताइकेना चि।
मेरी मान्यता में विवाह पारिवारिक मामला है।	आञा हिसाबते आड़ान्दि ओड़ा:रेन होड़ोकोआ जागार मेना:।
और वह सतत तुम् हारे मन पर भारी थी।	ओड़ो: नेआ आमा सेड़ा चेतान हामबालगे ताइकेना।
अंदर पिंकी फंदे पर झूल रही थी।	बितार पिंंकि हाकाकान ताइकेना।
वही महारानी दूसरे जन्म में शबरी भीलनी हुई।	इनि माहारानी एटा: जोनोमरे शबरी भीलनी होबाजाना।
इसमें लापरवाही घातक हो सकती है।	नेआरे लापरवाही बालाए होबा दाड़िओआ।
तेरे चेहरे पे कोई नूर नया लगता है	आमा: मोचारे जाना: नावा नूरलेका ठोरो:ताना।
यही गाँठ गुजरात में उजागर हुई।	नेआ गाँठ गुजरातरे इतुजाना।
वे फौरन आपके लक्ष्यों को समझ जाएंगे।	इनकुु सेकड़ा आमा: लक्षय बुजाओएआको।
हमें इससे बेहद सहानुभूति थी।	आले नीलो: बेसे साहानुभूति मेना:।
थोडा सा रखना दया हम पर भी अखिलेश।	हुड़िङलेका दया आले चेतानरेओ जोगाओएमे अखिलेश।
स्वस्थ भारत अपने आप महाशक्ति होगा।	स्वस्थ भारत आपानरेगे महाशक्ति ताइना।
कलमी आम का चलन शहरों तक सीमित था।	कलमी उलिरा: चलन शहर जाकेद गे सीमित ताइकेना।
ऋण संबंधी बिल को मिला क़ानूनी जामा	ऋण संबंधी बिल कानूनी जामा नामकेदाए।
म्यूजियम में महाभारत युद्ध से संबंधित घटनाओं दिखाया जाएगा।	म्यूजियमरे माहाभारतरा: गोपोए ते सबंधित घटना लेल रिकाजादाको।
इसमें कई तरह के काम हैं।	नेआरेे बिनगा बिनगा कामिको मेना:।
इबादत संवारती है रुह और जिस्म को~	बोङा आत्मा ओड़ो: होड़ोमो के बाइआ।
जादुई शीशे में झाँकें और बताएँ वहाँ क्या दिखता है।	जादुइ शीशारे लेलेमे ओड़ो: उदुबमें एनतारे चाना: लेलो:ताना।
तप में कपिल मुनि का ध्यान भंग हो गया।	तपरे कपिल मुनिआ: ध्यान बागड़ाओजाना।
इनके लिए तीन करोड़ रुपए की फिरौती मांगी गई थी।	नेआ नातिन आपिआ करोड़रा: फिरौती को आसीकेना।
धान खरीद में लापरवाही पर प्रभारी जाएंगे जेल	बाबा किरिङरे लापारवाही रिकालेरे प्रभारी जेल सोनो:गाए।
सभी भारतीय भाषाओं में बड़ी तेजी से इसका विकास हुआ।	सोबेन भारतीय भाषाकोरे बेसे सेकड़ा नेआ विकास होबाजाना।
कल तुम कह रहे थे के तुम ने	होला आम मेनजाद ताइ़केनाम चि आम।
इस समिति का कार्यकाल पाँच वर्ष का होगा।	नेआ समितिरा: कार्यकाल मोड़े सिरमारा: ता़इना।
अब चाय पीते हुये बातचीत शुरू हो गई।	ना: चाय नू नूते जापागार एटे:जाना।
साबुन की टिकिया जल्दी घिसने लगी है।	साबुनरा: टिकिया सेकड़ा चाबाओताना।
डिनर के बाद रोहित और मोहन होटल वापस आ गये।	निदारा: मांडि जोमकेआते रोहित ओड़ो: मोहन होटल रुड़ानजानाकिन।
आज भी आम आदमी का याय पर भरोसा ह।	तिसिङो होड़ोकोआ: भरोसा न्यायरे मेना:।
हालांकि कारोबार के अंतिम दौर में कुछ मजबूती देखी गई।	हालांकि कारोबाररा: अंतिम दौररे जाना मजबूती लेलो:जाना।
की व्यवस्था भी यहीं की गई है।	नेतारेओ नेआरा: व्यवस्था होबाकाना।
इनमें भंडारा सीट भी शामिल है।	नेआरे भंडारा सीटो: मेना:।
सत्यप्रकाश किसी उपहार की आशा से	सत्यप्रकाश जाना भेंटरा: उड़ु:केआते।
मुझे करने के लिए खाली है?	आञा: रिका नातिन खाली मेना:?
स्क्रीनिंग और भी उतना ही के रूप में	स्क्रीनिंग ओड़ो: मिआद लेकाते।
उन्होंने कभी भी परिस्थितियों के आगे घुटने नहीं टेके।	इनकु जां समयरे परिस्थिति सानामाङरे घुटना काको टेकाओतादा।
इसमें मध्य प्रदेश स्थित दतिया का वर्णन बहुत सराहनीय रहा।	नेआरे मध्य प्रदेश रे स्थित दतियारा: वर्णन बेसे माजा ताइकेना।
मांग बढ़ने से इसकी कीमतों में भी बढ़ोतरी होती गई।	मांग हाराजानरे नेआरा गोनोङो हाराजाना।
कलम और तलवार के धनी थे छत्रसाल	कलम ओड़ो: तलवाररा: धनी ताइकेना छत्रसाल।
अब भी नाटकों में काव्यकला की अपनी भूमिका रहती है।	ना:ओ नाटककोरे दुराङरा: आपान भूमिका ताइना।
मगर तीसरे दिन वह नदारद था।	मेनदो एटा: हुलाङ इनि काए ताइकेना।
इस काल में पुराणों का अनुवाद भी किया गया।	नेआ काल रे पुराणको:आ अनुवाद रिकातादाको।
और स्वयं ही उसके होठों से जुङ गयी।	ओड़ो: आपानतेगे आएआ लुचिरलो: जामानजाना।
ग्राम सुराज अभियान में लोक निर्माण मंत्री श्री अग्रवाल पहुंचे	ग्राम सुराज अभियानरे लोक निर्माण मंत्री श्री अग्रवाल तेबा केदाए।
पर दैवी चेतना का संरक्षण इन सभी से शक्तिशाली है।	मेनदो बोङाकोआ संरक्षण एन सोबेनकोते शक्तिशाली मेना:।
शान्ति की मीनार पर मंडराती चीलें	शांतिरा: मीनारे ओटाङतान चीलको।
ओबामा को दी जाएगी भगवान वेंकटेश्वर की स्वर्णमूर्ति	ओबामाके ओमेआको वेंकटेश्वर बोङा: स्वर्णमूर्ति।
इसके बाद वीरवर्मा क़िले से बिजली की भांति निकल पड़ा।	एना तायोमते वीरवर्मा किलते बिजलीलेका उड़ुङजाना।
मेरा लौड़ा पूरा टन टना गया था।	आञा: नुनु गोटा टन टन लेना।
क्योंकि तब कोई हिडेन एजेंडे का आरोप नहीं लगा सकेगा	मेनदो एन समय जांए उकुकान एजेंडारा: आरोप काको लागाओ दाड़िआ।
प्रतिक्रिया में ही सही यहां वो भी हिंसक हो गया।	प्रतिक्रियारेगे इनि हिंसकजाना।
मुजीब हुसैन श्मोएल अहमद श्मोएल अहमद	मुजीब हुसैन श्मोएल अहमद श्मोएल अहमद
देश द्रोह का केस कर अनडेर करो	देशद्रोहरा केस रिकाकेआते बागे मे।
शहरों में अधिकतर महिलाओ की मौत हृदय रोग से	शहररे सांगिनो: कुड़िको हृदयरोगतेको गोजोताना।
इसलिए मैंने पिछले साल बाँग्लादेश से अपने लिए दुल्हन ख़रीदी	एना मेनते सिदा सिरमा आपान नातिन बांग्लादेशते कोनेआ किरिङलाञ।
उस पर शेषनाग और वराह का स्थान है।	आएआ चेतान माराङ बिङ ओड़ो: वराहरा स्थान मेना
बिसाहू का भी हिस्सा होता है।	बिसाहुरा:ओ हाटिङ ताइना।
और ऐसी रिवायत हर जगह है।	ओड़ो: नेेका रिवायत सोबेनता: मेना:।
घर घर ना रहा धर्मशाला हो गया।	ओड़ा: ओड़ा: का ताइनाजाना धर्मशाला बाइनाजाना।
काव्यांदोलनों से कविता की अस्मिता नहीं रह जाती।	दुराङकोआ आंदोलनरे दुराङरा: अस्मिता का सारेगोआ।
मोदी जी आप बहुत बड़े झूठे हैं।	मोदी जी आम बेसे माराङ होसोड़ोतानि मेनामा।
नियंत्रण वर्ण अंत चरण के लिए जल्दी से चलाने	नियंत्रण वर्ण सेकड़ागे टुनडुरे सेनो:गा।
निगम को दिक्कत की जानकारी दी गई है।	निगमके बालाएरा:जानकारी ओमाकाना।
मैं नरेन्द्र मोदी का कटु आलोचक हूं।	आञ नरेन्द्र मोदीआ केटे: आलोचक मेनाञा।
बंकिमचन्द्र ने अपनी पढाई में बाधा न आने दी।	बंकिमचंद्र आएआ पढ़ाईरे बाधा काए आउ रिकाकेदाए।
जिससे हमें अरुणोदय का लाभ मिल सके।	ओकोआते आले अरुणोदया: लाभ नामोगा।
अनुमान के लिए पुष्ट तर्क नहीं है।	अनुमान नातिन जाना केटे:लेका जागार बानो:।
पहली दो लाइनें पढ़ते ही लगा कि आगे दम होगा।	सिदारा: बारिआ लाइन पाड़ाओ केआतेगे ठोरजाना चि बेस ताइना।
मल्लू औरत ने चुसी और चुदी अपनी लोवर के साथ	मल्लू कुड़ि चेपेद केदाए आर देड़े जानाए लोअर तुसिङाकानते।
मंत्री थे तब उनके दरवाज़े कार बँधी रहती थी।	मंत्री ताइकेना एन समय आएआ दुआररे कार थोलाकान ताइनतान ताइकेना।
अजीविका का क्षेत्र सफलता प्राप्त कराएगा।	आजीविकारा: क्षेत्र दाड़ि रिकाएआ।
कोरिया की जलवायु उत्तरी चीन से मलती जुलती है।	कोरियारा: जलवायु उत्तरी चीन लेकागे मेना:।
अनशनकारी नेताओं की एक टोली तैयार की	अनुशनकारी नेताको:आ मिआद टोली तैयारकेदा।
वह हमें दंगों की विरासत में मिली शाम थी।	एना दंगारा: विरासतरे नामाकान आयुब ताइकेना।
पर इसको ध्येय मानकर चलने में बेवकूफी हमारी।	मेनदि नेआ लक्ष्यलेका आउलेरे बेस का होबाओआ।
उनकी गिरफ्तारी कभी भी होने की संभावना है।	इनकुआ गिरफ्तारी जांए समय होबा दाड़िओआ।
वे बाढ़ पीड़ितों के त्राता बन गए।	आए बाढ़ पीड़तको:आ बांचाओनि बाइनजानाए।
पैसे देने लगी तो मैंने उसे रोक दिया।	टाका ओमतान ताइकेना आञ का मेनकेदाञ।
उनकी कृपा तो सब पर समान रूप से बरसती है।	आएआ:कृपा सोबेन चेतान रे सेगे मेना:।
पहले गाँव का पानी भरता कुएं से।	सिदा हातुरा: डाड़िते दा: पेरेकेदा होनाङ।
तुमसे इतना भी नहीं हुआ कि कालिज चले आते।	आमते अमनुङो: का होबाजाना चि काॅलेज सेनो:जाना होनाङ।
कामु नेवू सदि पूछिऐ बहि बहि करै बीचारु।	बेस काम ठोरतानरे सांगि आलोम उड़ु:एआ।
आज भी तीन तारीख हैं।	तिसिङो: तीन तारीख मेना:।
बीमारी से परेशान युवक ने खुद को गोली से उड़ाया	रुआते आसादिगिड़िकान कोड़ा आएके गोली माराओकेदाए।
इस माया लोक में अस्तित्व बिला जाता है।	नेआ माया लोकरे अस्तित्व मेना:गेआ।
एएसआई पर भी किया था ट्रैक्टर चढ़ाने का प्रयास	एएसआइ चेतानरेओ ट्रैक्टर राकाबरा: प्रयास रिकाला:को।
कभी उस तरफ जहां से खबरें आती थीं।	जा समय एनसा:तेओ खबरको हिजुतानताइकेना।
इस कारण अधिग्रहण से वे प्रभावित नहीं है।	नेआ मेनते इनकु अधिग्रहणते प्रभावित बांकुआ।
उनको कैसे नागरिक अधिकारों से वंचित रख सकते हैं?	इनकु चिलकाते नागरिक अअधिकारते वंचित जोगाओ दाड़िआबु।
हमले में कई युवकों के घायल होने की सूचना है।	हमलारे बेसे कोड़ाको:आ घायल होबाजानरा: सूचना नामजाना।
प्रसारण मीडिया का इतिहास और मुल्यांकन	प्रसारण मीडियारा: इतिहास ओड़ो: मूल्यांकन।
पांच देव रक्षा करें ब्रह्मा विष्णु महेश।।	मोड़आ बोङाको बांचाओएपे ब्रह्मा विष्णु महेश।
यह एक प्रकार का ह्यूमन साइको स्टेटस है।	नेआ मिआदलेका होड़ोको:आ साइको स्टेटस मेना:।
दादा ने सर्वसम्मति से शुरूआत की।	दादा सोबेनको:आ सहमतिते एटे:केदाए।
उस समय शिवजी विश्राम में थे।	एना समय शिवजी विश्रामरे ताइकेना।
हमारी कल्पना है कि आने वाला युग प्रज्ञायुग होगा।	आले कल्पनाताना चि हिजुतान युग प्रज्ञायुग ताइना।
मगर वह चिंतामुक्त लग रहा था।	मेनदो इनि चिंतामुक्त लेलो:तान ताइकेना।
मैंने अपनी बात कही अपनी समझ के अनुसार।	आञ आञा: जागार जोगाओकेदाञ आञा: सेंड़ा हिसाबते।
इसमें ऊपर से हरा धनिया डालकर सजाए और सर्व करें।	नेआरे चेतानते गादेद धनिया मेसाएमे ओड़ो: ओमेमे।
इस योजना का लाभ गरीब परिवार को मिल रहा था।	ने योजनारा: लाभ गरीब परिवारताको नामजाद ताइकेना।
बिचौलिये जमींदारों और उनके कारिंदों की मौज हो गई।	बिचौलिया जमींदारको:आ ओड़ो: इनकुआ कामितानको:आ रासिका होबाजाना।
यह एक उत्तम खाद्य तेल है।	नेआ मिआद बेस जोमतेआ सुनुम मेना:।
फिलहाल पुलिस में शिकायत दे दी गई है।	ना:दो पुलिसता: शिकायत ओमाकाना।
कुछ दवाएं व नियमित कसरतें चलेंगी जिनसे आराम मिल जाएगा।	हुड़िङ रानुको आर नियमित कसरतको सेसेना ओकोआते आराम नामो:गा।
सकिर्ल में रेडियो पेजिंग सेवा के लिए राहत पैकेज	सर्किलरे रेडियो पेजिंग सेवा नातिन राहत पैकेज।
आप इस लिँक पर क्लिक कर सकती हैँ।	आम नेआ लिंकरे क्लिक दाड़िआम।
जिसे ये अवैध खनन माफिया ही पूरा कर रहे हैं।	ओकोआ ने अवैध खननतान माफियागेको चाबाजादा।
चमकते फर्श पर तुम जो खड़े हो इतराये से	चामकाओतान ओतेरे आम तिङुआकानाम छैलालेका।
तब वो ले लेंगे बदला अपनी उपेक्षा का।	एनाङ इनकु आउएआको बदला आकोआ उपेक्षारा:।
उसने बबलू के सीने पर कान लगाया।	आए बबलूआ: कुड़ामरे लुतुर जोगाओकेदा।
काफी दिनों के बाद आना हुआ आपके ब्लोग पर।	बेसे दिन तायोमते हिजुजानाञ आमा: ब्लोगरे।
शायद शादी से पहले ही कुछ रहा होगा।	होबा दाड़िओआ आड़ान्दि सिदारेगे जाना ताइकेना।
पर ऊपर चढ़ना हरेक के बस की बात नहीं है।	मेनदो चेतान राकाब सोबेनको:आ दाड़िरा: जागार बानो:।
रिश्ते फिर से बहाल करने के लिए।	रिश्ता ओड़ो: मोसा बाइ मेनते।
राजा हरिश्चंद्र सत्यवादी और दानवीर कहलाए।	राजा हरिश्चंद्र सत्यवादी ओड़ो: दानवीर काजिलेना।
आज भी अंधेरे में वे सपफेद नकाबपोश टहल रहे हैं।	ना:ओ नुबारे पुंडि नकाबपोशको होनोरताना।
इसलिए कोई भी कार्य कीजिए उसका श्रीगणेश ठीक होना चाहिए।	मेनदो चेतान राकाब सोबेनको:आ दाड़िरा: जागार बानो:।
ऑस्ट्रेलिया में दौरे की पहली जीत	ऑस्ट्रेलियारा: दौरारा: एटे: दाड़ि।
हरपालपुर में भी सैकड़ों ने याद किया दामिनी को	हरपालपुररेओ बेसे होड़ोको ठोरकेदा दामिनिके।
हरियाणा में गन्ने का भाव देश में सबसे अधिक है।	हरियाणरे गन्नारा: गोनोङ दिसुमरे सोबेनते सांगि मेना:।
अमेरिकी सौर उद्योग। भारत। विश्व व्यापार संगठन।	आमेरिकि सौर उद्योग। भारत। विश्व व्यापार संगठन।
अदिति तो यकीन ही नहीं कर पा रही थी।	अदितिदो पातिगे काए दाड़ितान ताइकेना।
के रूप में भी जाना जाता	एना रूपरे इतुआको।
मैक मोहन ने अपनी पारिवारिक फ़ौजी पृष्ठभूमि की जानकारी दी।	मैक मोहन आएआ ओड़ा:रा: फौजी पृष्ठभूमिरा: जानकारी ओमकेदा।
आपका पोस्ट बहुत ही अच्छा लगा।	आमा: पोस्ट बेसे माजा ताइकेना।
आज बिल्कुल नए विचारो की जरूरत है।	तिसिङ नावा विचारकोआ जारुड़ु मेना:।
दीन दुखी की सेवा में ही अपना चित्त लगाना।	दीन दुखीको:आ सेवारेगे आपान सेंड़ा आउएमें।
गृहस्वामी को घरेलू मोर्चे पर एक तफ्तीश मिल गई।	ओड़ा:रेन होड़ो घरेलू मोर्चारे मिआद तफ्तीश नामकेदाए।
इस फिल्म के लिए केट को कई अवार्ड भी मिले।	नेआ फिल्म नातिन केट बेसे अवार्डको नामतादाए।
स्वतंत्र आवाज़ डॉट कॉम इस वीर को भावभीनी	स्वतंत्र आवाज डॉट कॉम ने वीरके भावभीनी।
जो अड़ गया मैदान ए जंग में वोह हारा नही	ओकोए ताइनजाना मैदान ए जंगरे इनि दाड़िगेआए।
सुरक्षा और कूटनीति अध्ययन में राजनीति विज्ञान के मास्टर	सुरक्षा ओड़ो: कूटनीति अध्ययनरे राजनीति विज्ञानरा: मास्टर।
वरिष्ठ पत्रकार परंजॉय गुहा ठकुरता यह बात अक्सर उठाते हैं।	वरिष्ठ पत्रकार परंजॉय गुहा ठकुरता नेआ जागार सोबेन समय उड़ङेआए।
सीमा की ददर् भरी आवाज़ कमरेमें गूँज रही थी।	सीमाआ हासुते पेरेआकान साड़ि कमरारे आयुमो:तान ताइकेना।
हम दर्द छिपाने के बदले चेहरा शीशे का रखते हैं	आले हासु उकु मेनते मोचारे शीशा जोगाओएआ।
रूपयों का पैकेट थमाकर भी जैसे उन्हें संतोष न होता।	टाकारा: पैकेट साब रिकालेरेओ मेनदो आएके संतोष का नामो:तान ताइकेना।
अधिक से अधिक यही उसका वृक्षों से प्रतिशोध था।	सांगि ते सांगि नेआगे आएआ: दारुको:ते प्रतिशोध ताइकेना।
निम्बार्क ने ब्रह्म को व्यूह कहा है।	निम्बार्क ब्रह्मके व्यूह काजितादाए।।
बाक़ी अहकाम अल्लाह अल्लाह ख़ैर सल्ला।	बोङा बोङा काजिमे आर माजाते ताइनमे।
पंचायत मंत्री ने मुख्यमंत्री की अगवानी की	पंचायत मंत्री मुख्यमंत्रीके दारोमकि:आए।
इनमें नेमवती के तीन मामा भी शामिल हैं।	नेआरेे नेमवतीआ: आपिआ मामाकोओ शामिल मेना:।
आरईसी सीटीआर बोनिता एच एस बॉयल	आरईसी सीटीआर बोनिता एच एस बॉयल।
कल्याण · डोंबीवली · मोहोने · टिटवाला	कल्याण · डोंबीवली · मोहोने · टिटवाला
शहरों सामाजिक प्रयोगों और सामाजिक परिवर्तन के	शहरों सामाजिक प्रयोगों ओड़ो:सामाजिक बादली नातिन।
तुमको इन काविशों से क्या हासिल्॥	आम नेआ कविशते चानाम हासिलेआ।
उस संकट में भी दोनों बंदी खिलखिला कर हंस पडे।	एन बालाएरेओ बारानकिन जोरतेको लांदातान ताइकेना।
मैं इसमें शुद्धतम राष्ट्रीय भावना देखता।	आञ नेआरे शुद्ध राष्ट्रीय भावना लेल दाड़तानाञ।
मैं फिल्म या सीरियल की कमी महसूस नहीं करता।	आञ फिल्म आर सीरियलरा: कमी काञ ठोरेआ।
ख्वाब भी उन बसंत में जैसे इंतजार करते।	कुमुकोओ एन बसंत कोआ: नातिन तांगिआए।
गर्म होते मामले का वहीं निपटारा किया	लोलोतान जागार एनतारेगे होकाजाना।
भले ही वह हिंदुत्व ब्रिगेड का संभावनाशील कार्यकर्त्ता हो।	इनि हिंदुत्व ब्रिगेडरा: दाड़तान कार्यकर्ता ताइनरेओ।
बेमौसम पानी बरसे तो बह जाती है।	एटा: मौसम दा: गामाजानरे लिङिओआ।
आपको यह फिल्म अकेले बैठकर देखनी चाहिए।	आमके नेआ फिल्म एसकार लेल लागातिङा।
राजस्थान रायल्स पर निलंबन की तलवार	राजास्थान रायल्स चेतानरे फारकारा: तलवार।
अचानक मुझे लगा कि मैं झड़ने वाली हूं।	अचका गे ठोरकेदाञ चि उयुगोाञ।
ईमू बर्ड मुख्यत आस्ट्रेलिया में पाया जाता है।	ईमु चेंड़े आस्ट्रेलियारे नामोगा।
और मन से टपक जाती है बाहर	ओड़ो: कुड़ामते लिङिओआ बाहर।
अन्ना ने उसकी रणनीति पर पानी फेर दिया।	अन्ना इनिआ रणनीति चेतान दा: ओमकेदाए।
साथ ही समाज में स्त्री के प्रति होने वाले	समाजरे कुड़िकोआ चेतान होबाओतान।
घंटे भर तक खलबली मची रही।	मिआद घंटा जाकेद खलबली ताइकेना।
आसपास और भी कुछ टापू थे।	नाड़ेकोरे ओड़ो: हुड़िङलेका टापू को ताइकेना।
साथ ही उन्होंने भारत के प्रथम	एनलो:गे इनकु भारतरा: प्रथम।
इससे संस्कारों का परिष्करण या विलयन हो जाता है।	नेआते संस्कारको चाबाओआ कारेदो उयुगोआ।
लेकिन पुलिस की मदद से उसे पकड़ लिया गया।	मेनदो बेगार पुलिसा: देंगातेको साबलिआ।
उन्होंने माना कि संसार सदा से है और सदा रहेगा।	इनिकु पातितादाकि चि संसार सिदातेगे मेना:गेआ ओड़ो: ताइनगेआ।
परिवार भी तो चलाना है।	परिवारकेओ लेल लागातिङा।
मैंने हल्के से लण्ड बाहर खींचा और अन्दर दे मारा।	आञ माड़िते नुनु उड़ङकेदाञ ओड़ो: बितार ओम आदेर केदाञ।
अलबत्ता अंतिम दौर की लड़ाई में	मेनदो टुनडु समयरा: गोपोएरे।
अब जन नेता नहीं धन नेताओ का बोलबाला	ना: होड़ोको:आ नेता का टाका नेताको:आ सांगि जागार मेना:।
रमण नीजी रूप से निपुणता में विश्वास रखता था।	रमण निजी रूपते इतुआतान चेतानरे विश्वास जोगाओतान ताइकेना।
बच्चा वापस सडक़ पर आ गया है।	होन होरारे हिजु रुड़ाजानाए।
ऐसे अधिकारी को तुरंत मुअत्तल किया जाए।	नेकान अधिकारीके सोजगे फारका लागातिङा।
वर्तमान में प्रकट होता है के लिए नीचे हो	वर्तमानरे लातार ठोरोआ।
यानी दिखावे की भावना प्रबल हो गई है।	मेनदो लेलरिकारा उड़: माराङ होबाजाना।
ड्योढ़ियों से रहा झाँकता जिस घड़ी	ओको समय आञ ड्योढ़ी ते लेलजाद ताइकेनाञ।
शुरू में केवल दो छात्रों को इसमें प्रवेश दिया जाएगा।	एटे:रे बारिआ छात्रगे बोलोको नामेआ।
ये सभी शब्द शून्य से ही जन्में हैं।	ने सोबेन शब्दको शून्यतेगे उड़ुङाकाना।
इसमें गरीबी और आर्थिक समस्या भी एक बड़ा कारण है।	नेआरे गरीबी ओड़ो: टाकारा: समस्याओ मिआद माराङ कारण मेना:।
सूत्रों के अनुसार कमेटी की रिपोर्ट तैयार है।	सुत्रोंको:आ अनुसार कमेटीरा: रिपोर्ट बाइजाना।
खैर ये बेहद निजी भाव है।	मेनदो नेआ बेसे निजी भावको मेना:।
वे हमेशा कुछ नया करने की कोशिश करते हैं।	सोबेन समय इनि जाना नावा रिकारा: उड़ुएआ।
महँगाई दिन पर दिन बढ़ती जा रही है।	महँगाई हारातानगेआ।
वह करोंडो जन्म जहरीले साँप के पाता है।	इनि करोड़लेका जोनोम जहरीला बिङको:आ नामेआ।
अब मै आपको बताने वाला हूँ कि वह है कौन।	ना: आञ उदबपेआञ चि इनि ओकोए मेनाइ।
माँ बच्चे का सर सहलानी लगी।	एंगा होना: बोओ चापु एटे:केदाए।
लोक में इन दोनों यात्राओं के नाम जल केन्द्रित है।	दिसुमरे नि बारानकिना होनोर नुतुमते दा: केन्द्रित मेना:।
लाखों रुपए के हिसाब की सट्टा पर्चियां मिली है।	लाखो टाकारा: हिसाबरा: सट्टा पर्चीको नामाकाना।
एक डंक वाले व दूसरे चबाकर खाने वाले।	मिआद डंकवाला आर एटा: चाबाओकेआते जोमेआकानको।
पुलिस ने शव बाहर निकलवा कर परिजनों को सुपुर्द किया।	पुलिस होड़ोमो उड़ङकेआते ओड़ा:रेन होड़ोको ओमकेदाए।
अपरच समाचार जे है कि तुमाये भइया सठियान लगे हैं।	खराब समाचार नेअताना चि आमा दादा सठिआओतानाए।
मदन ने बड़े हौले स्वर में कह दिया।	मदन बेसे माड़िते काजिकेदाए।
क्या वाक़ई हज्रे अस्वद शिवलिंग है?	मेनदो नेआ सारते हज्रे शिवलिङ मेना:।
अधिकतर मामलों में आपको समझ पाना मुश्किल रहता है।	सांगिन मामलाकोरे आमके बुजाओरिका बेसे बालाएगे मेना:
संविधान में रिमोट की कोई व्यवस्था नहीं है।	संविधानरे रिमोटरा: जाना व्यवस्थागे बानो:।
और अटलांटिक तट और लॉयर घाटी के	ओड़ो: अटलांटिक तट ओड़ो: लॉयर घाटीरा:।
कितने बोर्डों आपको स्पष्ट कर सकते हैं?	अम चिमुङ बोर्डको साफा दाड़िआम।
विकास नगर में नए बस अड्डे को हरी झंडी	विकास नगररे नावा बस अड्डाके गादेद झंडा।
क़ोई भी लावारिस वस्तु बम हो सकती है।	जाना लावारिस वस्तु बम होबादाड़ियोआ।
दिनेशराय द्विवेदी गे सेक्स अननैचरल है तो ब्रह्मचर्य क्या है?	दिनेशराय द्विवेदी गे सेक्स अननैचुरल मेना: तोबे ब्रह्मचर्य चाना: मेना।
छोटे की चोंच में खोलें छेद	हुड़िङनिआ चोंचरे ओचोएपे बु।
दिल्ली में समर्थकों के साथ दलील देंगे कटारिया	दिल्लीरे समर्थककोलो: काटारिया दलील ओमेआए।
अपने ही देश में सांस्कृतिक झटके झेल रही तोषी	आपान दिसुमरेगे सांस्कृतिक झटकाको झेलाओतानाए तोषी।
फोन पर टीम के चयन के फरमान से कर्नल नाराज	फोनरे टीमरा; सालारा: जागार मेनते कर्नल खैराओजानाए।
इसलिए पहले सदन को सूचित किया जाना चाहिए था।	नेआ मेनते सदनता: सूचित रिका लागातिङ ताइकेना।
कल्लू चमार के साथ तीनों पांडे थाने गए थे।	कल्लू चमारलो: आपि होड़ो पांडे थाना सेनकेनाको।
साथ ही दहेज पर पूरी तरह पाबंदी।	दहेजरे सोबेन लेकाते पाबंदी।
प्रदेश में सरकार बनाने के लिए जुटे हुए हैं।	दिसुमरे सरकार बाइ नातिन जामाकानाको।
जो आपकी इच्छा हो सो कहिए।	ओकोआ आमा:इच्छा मेना: एना काजिमे।
प्राकृतिक संसाधनों का उचित दोहन तथा पर्यावरण संरक्षण के साधन	प्राकृतिक संसाधन ओड़ो: पर्यावरण बांचाओरा: साधनको:आ बांचाओ।
उसे सिर्फ विश्व में भूदान जैसा आंदोलन कहीं नहीं हुआ।	भूदानलेका आंदोलन इनि गोटा दिसुमरे जांएता काए लेलला:।
महीने या हफ्ते में सफाई का इंतजार न करें।	महीना कारेदो हफ्ता रे सफाईरा: आलोपे तांगिआ।
भैया रेनू की यह हालत देख कर बहुत दुखी थे।	भैया रेनूआ नेआ हालत लेलकेआते बेसे दुकुरे मेनाइ।
वह कुलदीप के साथ ही घर में रह रही थी।	आए कुलदीपलो:गे ओड़ा:रे ताइनतान ताइकेना।
विभाग द्वारा संचालित एक होटल भी नर्कदा में है।	विभागता:ते संचालित मिआद होटल नर्कदारेओ मेना:।
चंदू को जोर की उबकाई आई।	चंदुके जोरते उबकाइ हिजुजाना।
डाक टैग की गईं आप्रवासन सहायता	डाक टैगता:ते होबाजाना अप्रवासन देंगा।
तुम चिंता मुक् त होते हो।	आम उड़ु:रे काम ताइना।
इस नक्षत्र के स्वामी देवगुरू बृहस्पति होते हैं।	नेआ नक्षत्ररा: स्वामी देवगुरु बृहस्पति मेनाइ।
बोर्ड ने अब हाटस्पाट से भी किया इनकार	बोर्ड ना:दो हाटस्पाटतेओ का मेनकेदाए।
इसको असंगठित क्षेत्र कहा जा रहा है।	नेआके असंगठित क्षेत्र को मेनजादा।
और यह कानून तथा व्यवहार में सुनिश्चित किया जाना चाहिए।	ओड़ो: नेआ कानून आर जापागाररे पक्का रिका लागातिङा।
क्यूँ समझते हैं उसे चाँद सितारों के ख़िलाफ़	चाना: नातिन को उड़ुजादाको चांडु इपिलरा: खिलाफ।
साथियों को मलइयों के दर्शन से रूबरू करवाया।	सोंगेको मलाइको:आ दर्शनते रुबरु रिकाकेदाए।
एक तो तीसरे ही अध्याय में	मिआन दो आपिसा अध्यायरेगे।
कमल दहल प्रचंड सरकार ने नेपाल के शाही महल	कमल दहल प्रचंड सरकार बाइ रिकाकेदाए नेपालरा: शाही महल
अर्थात सर्वज्ञज्ञान में स्थित शून्यता धर्मकाय नहीं है।	मेनदो सोबेन इतुनरेओ शून्यतारा: जेताना होड़ोमो बानो:।
दो आसमान बाद किसी अग्यात लोक में।	बारिआ रिम्बिल तायोमते जाना का ठोरोतान लोकरे।
गुरुवार को नगर में ऐसा ही दिखा।	गुरुवार हुलाङ नगररे नेकागे लेलो:जाना।
फिर कहाँ ऐसा कर सकूँगी?	ओड़ो: कोते नेका रिका दाड़िआञ?।
एक्सप्रेस वे का बैरियर तोड़ भागा नारायण साईं	एक्सप्रेस वेरा: बैरियर पोआकेआते निरजानाए साईं।
यह सुंदर तो हैं ही काफी हॉट भी हैं।	नि सुगाड़ा दो मेनाइगेआ मेनदो सांगि हॉटओ मेनाइ।
स्विस बैंक में खाता खोला या नहीं।	स्विस बैंकरे खाता ओचोकेदाम चि कागे?
इसके बाद देवता पड्डल मैंदान में पहुंचेगे।	नेआ तायोमते बोङाको सेनकेआते पिड़िको तेबाएआ।
परवेज के हक में सारे सबूत हैं।	परवेजआ हकरे सोबेन सबूतको मेना:।
वह एक वृक्ष के नीचे बैठकर सुस्ताने लगे।	आए मिआद दारु लातार दुबकेआते दुड़ुमजानाए।
इस फिल्म का ट्रेलर लांच हो गया है।	नेआ फिल्मरा: ट्रेलर लांचकेदाको।
ज्ञानी दुविधा में पड़ जाता है।	सेड़ान होड़ो उड़ु:रे टोजाना।
एक्चुअली मैं अकेला ही सोता हूँ।	मेनदो आञ एसकारगे गितिगाञ।
का जिक्र है वह यही है।	ओकोआ जागार होबाताना निगे मेनाइ।
बल्कि बहुत हद तक सुलझाया है।	मेनदो सांगि जाकेद बेस रिकातादाे।
आखिर तू योगिनी ही तो ठहरी।	सेरेओ आम योगिनीगे मेना:मा।
वास्तव में कुंती का वैवाहिक जीवन आनन्दमय नहीं हुआ।	सारतेरे कुंतिआ आड़ान्दि तायोमते जीवन बेस का ताइकेना।
तत्काल या द्रविष्य में कोई आर्थिक	ना: कारेदो तायोमते जाना आर्थिक
यह संयोग खुशी देने वाला है।	नेआ संयोग रासिका ओमलेका मेना।
पीएम किसका होगा ये सबसे बड़ा सवाल है।	पीएम ओकोआ बाइना एना सोबेनते माराङ सवाल मेना:।
प्रभु ने मुझे मेरी परिक्षाओं में बहुत अच्छे अंक दिये।	बोङा आञके परीक्षारे बेसे माजा अंकको ओमकेदाए।
इससे पहले कितनी फिल्में देखीं?	नेआ सिदारे चिमुङ फिल्मको लेलतादाम?
फाइनल मैच शनिवार को दोपहर तीन बजे खेला जाएगा।	फाइनल मैच शनिवार हुलाङ तिकिन तीन बजेको इनुङेआ।
उससे घायल होकर बजाय गिरने के वह तेजी से भागा।	एना:ते टो:जान तायोमते बाटि बागेकेाते तेजीते निरजानाए।
जब मै हूँ मुहब्बत में तो	चिमतुङ आञ मेनाञा प्रेमरेदो।
वा आयोजित गर्नको लागि एआईसीटीई अनुमोदनको आवश्यकता पर्दैन	लागू कारेदो आयोजितरा: रूपरे अनुमोदन जारुड़ु मेना:।
फिल्मी गानों की धुनों पर लोग थिरकते।	फिल्मी दुराङरा: रागकोरे होड़ोको सुसुना।
बिल्लू ने अपनी स्पीड और भी ज्यादा बढ़ा दी।	बिल्लू आएआ स्पीड ओड़ो: सांगिकेदा।
इसका जवाब बहुत ही आसान है।	नेआरा: जवाब बेसे राबाल मेना:।
चूहों में महत्वपूर्ण मस्तिष्क आघात के कारण के बिना	चाटुको:आ जारुड़ुकान सेंड़ारे आघात आउ बागेकेआते।
इस प्रस्तुति के लिए आपका आभार	नेआ प्रस्तुति नातिन आमा: आभार।
इससे हर रोज कूड़े का उठान हो सकेगा।	नेआतेे सोबेन दिन कूड़ा हालाङेआको।
उसके हम स्वाभाविक रूप से अधिकारी बन जाते हैं।	इनिआ आले स्वाभाविक रूपते अधिकारी बाइओतानाले।
स्वाधीनता से अधिक वे इसे सत्ता का हस्तांतरण मानते थे।	स्वाधीनताते सांगि इनकु नेआके सत्तारा: हस्तांतरण मानातिङआ।
फल का मुख्य भाग सरस पुष्पधर	जोरा: मुख्य भाग सरस बा।
श्रीमान जी अनुभवी तथा कुशल शासक रहे।	श्रीमान जी इतुतान ओड़ो: माजा शासक ताइकेनाए।
आयुर्वेद में धातुओं की संख्या सात बताई गई हें।	आयुर्वेदरे धातुको:आ संख्या सातको उदुबतादा।
इस बीमारी के लक्षण एकदम आम हैं।	नेआ रुआरा: लक्षण जा गे मेना:।
खजाने की खोज के लिए बढ़ाई गई मजदूरों की संख्या	खजाना दांड़ा नातिन हाराकेदाको कामितानको:आ संख्या।
होकर उन्होंने कृष्ण भक्ति को भी अपना लिया होगा।	नेआ होरातेगे आए कृष्ण भक्ति आउकेदाए।
कई बार रेल्वे स्टेशनों पर गर्मियों में पानी पिलाने	बेसे समय रेल्वे स्टेशनरे जेटेरे दा: नू नातिन।
भाषा के भीतर पढ़ी जाती हैं।	जागार भीतररेको पाड़ाओआ।
फिर मेरे गाने नियमित अंतराल पर आने लगेंगे।	एन तायोमते आञा: दुराङको खानेखाने हिजुगा।
उन देशी विदेशी नीली फ़िल्मों ने हमें जिलाए रखा।	एन देशी विदेशी ब्लू फिल्मको आले जीदको जोगाओतादा।
इससे पानी की किल्लत होती रहती है।	नेआते दा:रा किल्लत होबाओकान ताइना।
उनको गरीबी से कोई शिकायत नहीं है।	आको गरीबीते जेताना शिकायत बानो:।
आखिरी सामान अब हम सब ही बचे थे	टुनडुरा: सामान आलेगे सारेआकान ताइकेना।
और मैंने तो उस उन्माद में विक्रम को	ओड़ो: आञदो एना खीसरे विक्रमके।
पंचम पर तीन ग्रहों की दृष्टि संतान सुख देती है।	मोड़ेआ भावरे आपिआ ग्रहको:आ लेललेरे होनको हाबाओआ।
यूपीए से कितनी दूरी बनाकर रहेगी सपा?	यूपीएते चिमुङ सांगि बाइकेआते ताइना सपा?
मंत्रों के फूल खिलते हैं।	मंत्रको:आ बा ओमोनोआ।
वह जिस जमीन का चयन करेगा वहीं आईआईटी खोला जाएगा।	आए ओकोना ओते सालाएआ एनतारेगे आईआईटी ओचोगोआ।
दो लड़के कोटा में नौकरी करते हैं।	बारिआ कोड़ाकिन कोटारेको नौकरीजादा।
फूलों के बगीचे गंधहीन हो गए	बारा: बगीचा बेगार सोआनरा: होबाजाना।
भले ही देर क्यूं न हो जाए।	हेड़ा होबाजानरेओ।
आशकार उसने किया जो ज़िन्दगी का राज़ था	आशकार एनागे रिकाकेदाए ओकोना जीबोनरा: रहस्य ताइकेना।
इसका कुछ मिलीग्राम जहर हजार लोगों को मार सकता है।	नेआरा हुड़िङ मिलीग्राम जहर हजार गोटो होड़ोको गोए: दाड़िआ।
भगवान आशा है कि भगवान चर्च	बोङा आशा मेना चि बोङा चर्च।
आवेदकों जो सम्मानजनक ढंग से किसी भी	आवेदक ओकोए सम्मा्नपूर्वक जांएओ।
संस्कृत में लिंग का अर्थ है चिह्न।	संस्कृतरे लिंगरा: अर्थ मेना: चिन्ह।
उनके चेहरों की झुर्रियाँ सदियों के फासले की गवाह थीं।	आएआ मुचारा: झुर्रिको सिरमारा: सांगिरा: गवाह ताइकेना।
हरदास ने अपने साथियों की तरफ देखा।	हरदास आएआ सोंगेकोसा: लेलकेदाए।
अगर मुर्दा हूं तो कांधा लगा दे।	गोए:आकान मेनाञरेदो तारान आउकेम।
दिल्ली शहर मे चांदनी नाम की लड़की मुझसे मिल्ली	दिल्लीरेे चाँदनीआ लुतुमते कुड़ि आञलो नापामलेनाए।
कारखाना एक मकान के बेसमेंट में चल रहा था।	कारखाना मिआद ओड़ा:रा बेसमेंटरे सेसेनतान ताइकेना।
पुलिस ने मौका मुआयना करते हुए घटनाक्रम की जानकारी जुटाई।	पुलिस सोबेन लेल लेपेलकेआते घटनाक्रमरा: जानकारी को आउकेदा।
इससे उनमें अपने घर का एहसास हो सकेगा।	नेआते इनकुआ बिताररे आकोआ ओड़ा:रा उड़ु हिजुगा।
ड़ल लेक से होते हुए हम आगे चलते रहे।	डल गाड़ा पारोमकेआते आले आयार सेसेनतान ताइकेना।
ये पैराशूट नैनो तकनीक का नायाब उदाहरण है।	नेआ पैराशूट नैनो तकनीकरा: बेसे माजा उदाहरण मेना:।
यह तो मैं अभी बना देती हूं।	नेआ दो आञ ना:गे बाइ दाड़िआ।
इन पर ये कहावत एकदम सटीक बैठती है।	निआ चेतानरे नेआ जागार बेस दुबो:गा
सोनिया ने कहा कि भाजपा को दो बार मौका मिला।	सोनिया मेनकेदाए चि भाजपा बारसा मौका नामकेदाए।
जड़ का अस्तित्व मानव से पहिले का है।	जड़रा: अस्तित्व होड़ोते सिदाते मेना:।
मामले की फिर से ब्यौरेवार जांच की जा रही है	मामलारा: ओड़ो: मोसाते माजालेकाते जाँच जादाको।
उसकी महक नाक में घुस रही थी।	एनारा: सोआन मूरे बोलो:ताना।
इनमें साधारण और महंगी दोनों तरह के स्थान सम्मिलित हैं।	नेआरे साधारण ओड़ो; गोनोङोकान बारानलेका स्थान आदेराकाना।
वे अपना पेशाब सबके ऊपर छिड़कते हैं।	इनि आएआ डोडो सोबेनको:आ चेतानरे ओमेआ।
इसके प्रचार की भी कोई ज़रुरत नहीं है।	नेआरा: प्रचार नातिन जाना जारुड़ु बानो:।
मैंने आदमी के भीतर की मैल	आञ होड़ोआ भीतररा: मैल।
आज घोषित हो सकती हैं चुनाव की तारीखें।	तिसिङ उदुबेआको चुनावरा: तारीख।
अंतरजातीय विवाह योजना जिला कल्याण अधिकारियों के हवाले	अंतरजातीय आड़ान्दि योजना जिला कल्याण आधिकारीको:आ हवाले।
हाँ पुरखे अभी भी हमारे ही हैं।	हे आबुआ पुरखाताको ना:ओ आबुआगे मेना:कोआ।
इसके अलावा उनके पास कोई चारा नहीं था।	नेआ बागेकेआते इनकुता जेतान होरागे का ताइकेना।
आखिरकार शुरू हुआ इंसेफेलाइटिस वार्ड का निर्माण	मेनदो एटे:जाना एसेफेलाइटिस वार्डरा: निर्माण।
सारे संसार में भारत की छवि भी खराब होगी।	गोटा दिसुमरे भारतरा: छवि बागड़ाओआ।
जैसे कि पूछा किस करेगी? नहीं करेगी।	चिलका कुलिकेदाए किस रिकाएआम? काए रिकाएआ।
अब सिर्फ बलबुध्दि निधान पवनसुत का ही आसरा है।	ना:दो बलबुद्धि निधिगे पवनसुतरा: आसरा मेना:।
हम लड़की की पहचान और नाम नहीं बता रहे हैं।	आले कुड़िरा: पहचान ओड़ो: लुतुम काले उदुबजादा।
साक्षरता दिवस और पंडित जवाहर नेहरु	साक्षरता दिवस ओड़ो:पंडित जवाहर नेहरु।
सर्वप्रथम उन्हें शक और ब्रह्मा ने अपने हाथों में लिया।	सिदा इनकु शाका ओड़ो: तायोमते ब्रह्मा आएआ ती रे आउकेदाए।
कई जगह सरकारी इमारतें और वाहन भी जलाए गए।	बेसे ठांवरे सारकारी इमारत ओड़ो: वाहन जुलकेदाको।
उपवास के दौरान फलों का जूस पीते रहना चाहिये।	उपवास समयरे जोरा: दा: नू लागातिङा।
सबके साथ तुम्हें प्रेम का व्यवहार करना चाहिए।	सोबेनलो: आम प्रेमरा: जापागर जोगाएमे।
अब मैं लगभग अपंगावस्था में पहुंच गया हूं।	ना: आञ लगभग अपंगावस्थारे तेबाकेदाञ।
के क्लिफ पर सागर सिनेमा द्वारा	सागर सिनेमा सा:ते क्लिफ।
इन से घटिया तो वह शर्तिया ही नहीं होगा।	मेनदो नेआतेओ खराब ताइनरेओ स्थिति नेका का ताइना।
यह बहुदा झाडियों में होता है।	नेआ झाड़िकोरेगे होबाओआ।
ऑटो लेकर मैं सर्किट हाऊस की तरफ चल पड़ा।	ऑटो आउकेआते आञ सर्किट हाउससा: सेनोजानाञ।
जन्म लेना संघर्ष में पड़ना है।	जोनोम आउ संघर्ष आउगे मेना:।
किन्तु ब्रह्माण्ड अन्त की ओर अग्रसर तो है।	मेनदो ब्रह्माण्ड टुनडुसा:गे सेनो:ताना।
अर्ह लोगों को ही महत्वपूर्ण पदों पर तैनाती दी जाएगी।	ओकोए बेस मेना:कोआ इनकुगे जारुड़ु पदकोरे सेनो:गा।
शाखा कार्यालय की अवस्थिति के अनुसार	शाखा कार्यालयरा: जगह अनुसार।
कांग्रेस क्रेडिट कार्ड इंटरचेंज फीस पर ले जाता है	कांग्रेस क्रेडिट कार्ड इंटरचेंज फीसरे इदिआए।
भारत सरकार देती है इसके लिए भारी भरकम सिब्सडी।	भारत सरकार ओमेआए नेआ नातिन माराङ माराङ सब्सिडि।
छिपाता और अत्यन्त रहस्य की बातें आपको गाकर सुनाता	उकुआए ओड़ो: बेसे रहस्यरा: जागारको आपे दुराङकेआते आयुमरिकाएआ।
क्षेत्र में घुमंतु एवं सुरक्षा तथा संरक्षण की	क्षेत्ररे होनोराकानको ओड़ो: इनकु बानचाओरा:।
फिर उसके बच् चे को मारा गया।	एन ताायोम आया होनके गोए:किआको।
सच कह रहा हूँ ना।	सारते जागार तानाञ दाङ।
क्या अंग्रेजों की मानसिकता आज बदल गयी है?	अंग्रेजको:आ उड़ु: तिसिङ बादलीजाना चि?
स्थिति को कभी प्रकट नहीं करते।	स्थिति जांए समय काको लेल रिकाएआ।
इस तरह की पोस्ट लिख ही नहीं सकते।	ने लेकान पोस्ट ओलगे काको दाड़िआ।
इसके बाद ही बोर्ड ने यह कदम उठाया है।	ने तायोमतेगे बोर्ड नेकाना कदम उठाओकेदा।
वैष्णवों का सहजिया सम्प्रदाय भी सहजयान से ही जन्मा है।	वैष्णवोंको:आ सहजिया संप्रदायरा: जोनोम सहजयानतेगे होबाकाना।
अपने ही देश में पराया है।	आपान दिसुमरेगे पारायाको मेना:।
पर कुछ नहीं हुआ सिवाय तारीख़ों के।	मेनदो जेताना का होबाजाना तारीखको बागेकेआते।
गैर शासकीय संस्थाओ को भूमि आवंटन	गैर शासकीय संस्थाको:आ ओते आवंटन
देखते ही देखते दस साल बीत गए	लेल लेलतेगे गेलसा सिरमा पारोमाजाना।
कभी भूलकर भी उसका इस्तेमाल बोलचाल	नेआ जापागारकोरे इस्तेमाल रिका अलोम रिड़िङेआ।
नमस्कार भारत झुग्गी बस्तियों में कितनी सुरक्षित हैं महिलाएं?	नामस्कार भारत झुग्गी झोपड़ीकोरे कुड़िको चिमुङ सुरक्षितको मेना:।
संसद मे लाये जाने वाले प्रस्ताव	संसदरे हिजुतान प्रस्ताव।
फिर लड़कियों के सवाल उसको तंग करने लगे थे।	ओड़ो: कुड़िको:आ सवाल इनिआ बो जोमजादको ताइकेना।
गूगल। जीते। स्वादिष्ट।	गूगल। दाड़िकेदा। माजा सिबिल।
जिसका माकूल जवाब शीघ्र देने का प्रयास करेंगे।	आले सेकड़ागे नेआरा बेस उत्तर ओमरा प्रयासेआबु।
गर्दी वाले जगह पर पटाखे न जलाए।	लोलोतान ठांवरे पटाखाको आलोपे जुलेआ।
पूरा रस लेने के लिए मुंह खोलना भी जरुरी था।	गोटा रासे आउ नातिन मोचाओ ओचो : जारुड़ु ताइकेना
हरी सब्जियों एवं फलो का त्याग	गादेद ठेओ ओड़ो: जो:रा त्याग।
तू बतला जाने पहचाने क्या मैं तेरे नाम लिखूँ	आम उदुबमें बेगार इतुतानरे आमा: लुतुम ओलेआञ चि?
दिखती फिर तुम सूर को कैसे?	तोबे आम सुरके चिलकाते लेलआम?
मंच संचालन प्रवीण शुक्ल ने किया।	मंचरा: संचालन प्रवीण शुक्ल रिकाकेदाए।
अपर एयर साइक्लोनिक सकरुलेशन से बारिश हो रही है।	अपर एयर साइक्लोनिक सर्कुलेशनते जारगिजादाए।
शिंदे अपने बयान पर अडिग रहते हुए इस्तीफ़ा दे	शिंदे आएआ बयानरे केटे: ताइनकेआते इस्तीफा ओमेका।
रास्ता समंदर के साथ साथ चलता है।	होरा गाड़ालो: से गे सेसेना।
और क्या? तुम्हें तो मेरे पाले पड़ना था।	ओड़ो: चाना:? आमदो आञा: पालारेगेम हिजुजानाम।
बहुत से लोग इकट्ठे हो गये।	बेसे होड़ोको जामानजाना।
स्टेज पर डीजे डांस करा रहा था।	स्टेजरे दीजे सुसुन रिकाजादको ताइकेना।
यह अर्थव्यवस्था को सुदृढ़ करने का अचूक नुस्खा है।	नेआ अर्थव्यवस्था के माजा बाइ नातिन अचूक नुस्खा ताना।
हम ठीक छह बजे बस के पास पहुंच गए।	आले जादका छह बजे बस सानामाङरे तेबाएआ।
वर्ष के अंत में खर्च में वृद्धि होगी।	सिरमा टुनडुरे खर्च सांगिओआ।
जो अब खेतों में बो रहे हैं।	ओकोआ ना: पिड़िरेको रोआएआ।
खत लिखने और पाने वाले के बीच।	खत ओलतानि ओड़ो: नामतानिको:आ तालारे।
वहां रिश्वत के बिना कुछ नहीं हो सकता।	एनतारे रिश्वत बेगार जेताना का होबाओआ।
घायलों मे कुछ हालत गंभीर है।	घायलकोरे हुड़िङ होड़ोको:आ हालत गंभीर मेना:।
वह राजा सेना सहित लौट गया।	एन राजा सेनाकोलो: रुड़ान जानाे।
आगे का रास्ता बाबाजी बता देंगे।	आयाररा: होरा बाबाजी उदुबेआए।
दरअसल ऐसा करना उनकी मजबूरी भी थी।	मेनदो नेका कामि रिका आएआ मजबूरीओ ताइकेना।
जरूरत है सही जगह जोर देने की।	जारुड़ु मेना: बेस जगह जोर ओमरा:।
सोने के गहने के लिए राजा की फिरौती पेइंग	सोनाआ सामपोड़ोरा: गोनोङ चुकाओताना राजाआ फिरौतीते।
यहां पानी का प्रमुख स्रोत कावेरी नदी है।	नेता दा:रा प्रमुख स्रोत कावेरी गाड़ा मेना:।
जीवनसाथी के स्वास्थ्य की चिंता होगी।	जीवनजुड़िआ बेस होड़ोमोरा: उड़ु: ताइना।
जब भी कुछ पोस्ट करता हूँ तो	चिमतुङ जाना पोस्टेआञ दो।
अतः लोग उसे लक्ष्मीस्वरूपा कहा करते थे।	एना मेनते इनिके लक्ष्मीस्वरूपा को काजिआ।
और फिर बूबा मेरा सिर अपने सीने में दुबका लेती।	ओड़ो बूबा आञा: बोओ आएआ कुड़ामरे जोगाएआ।
संसद में माइक और मेज तोडना क्या है?	संसदरे माइक ओड़ो: मेज पोआ चाना: मेना:।
ने ग़ैरक़ानूनी तरीक़े से हिरासत में रखा हुआ था।	गैरकानूनी तरीकाते हिरासतरेको जोगाओलिआ।
कटिंग मशीन पर कटी हुई टूना का चित्र	हादतेअ मशीनरे हादाकान टूनारा: चित्र।
इसलिए वे भी अनर्गल बयानबाजी पर उतर आए हैं।	एना मेेनते इनकुओ अनर्गल बयानबाजीरेको हाड़गुनजाना।
एक और व्यक्ति से मुलाकात होती है वह रास्ताफेरियन है।	ओड़ो: मिआद होड़ो नापामलेना इनि मेनाइ रास्तफेरियन।
इन लोगो का सामाजिक बहिष्कार जरुरी हो गया है।	ने होड़ोको:आ सामाजिक बहिष्कार जारुड़ु होबाजाना।
कुछ लोग अपने घर पर नहीं पीते हैं।	हुड़िङ लेकान होड़ोको ओड़ा:रे काको नूएआ।
यह सबसे पुराने जीवाश्म से ही जाना जाता था।	नेआ सोबेनते पुरना जीवाशमतेको ठोरेआ।
मुझसे पिण्ड छुडा कर भागते हैं।	आञते छुटकारा नामकेआतेको निरेआ।
साथ ही उस पर रेवन्यू बढ़ाने का प्रेशर भी है।	इनिआ चेतानरे टाका हारारा प्रेशरो मेना:।
वहां सबसे पहले अपने मामाजी मुलाकात करेंगे।	एनता सोबेनते सिदा आपान मामाजीलो:को भेंटेआ।
मुख अन्न के कुछ दानों को चुराकर दबा लेगा।	मोचा जोमतेआ जाङको कुम्बुड़ुकेआते दाबेआए।
सॉफ्टवेयर डिवेलपमेंट करने वालों को इससे फायदा होता है।	सॉफ्टवेयर डिवेलपमेंट रिकातान होड़ोको नेआते चान फायदाको नामेआ।
जो हाल ही में रोमानिया की यात्रा पर गये।	ओकोए ना:गे रोमानियारा यात्रारे सेनाकाना।
यह फिल्म कई अंतर्राष्ट्रीय फिल्म समारोहों में भी दिखाई जाएगी।	नेआ फिल्म्म बिनगा बिनगा अंतराष्ट्रीय समारोहरेको लेल रिकाएआ।
उड़ रहे हैं अब हवा में पर बहुत सारे	ओटाङताना ना: होयोरे बेसे।
उनके पास सिंधिया राज्य के कई दस्तावेज सुरक्षित थे।	इनकुता: सिधिया राज्यरा: बेसे दस्तावेजको सुरक्षित मेना:।
व्यवस्था के ढीलेपन और भ्रष्टाचार के	सिस्टमरा: ढीलाई ओड़ो: भर्ष्टाचाररा:।
बौखलाई सरकार यह सब कर रही है।	खैराओकान सरकार नेआ चाना चिकातानाए।
उसके चेहरे से आंखें हटाकर मैंने ऊपर देखा।	इनिआ मोचाते मेद फारकाकेआते आञ चेतान लेलकेदा।
तकिए पर थिगलियों में लिपटा एक भालू	तकिया चेतानरे थोलाकान भालू।
अंग्रेजी में टाइप करने के लिए चयन करें	अंग्रे्रेजीरे टाइप नातिन सालाएमे।
पुलिस सूत्रों के अनुसार आरोपी वाहन गिरफत से बाहर है।	पुलिस सूत्रको:आ अनुसार आरोपी वाहन साबते बाहर मेनाइ।
आराम से ज्ञ लिख रहा हूँ।	माजाते ज्ञ ओलजादाञ।
आपको उन नौजवानों का नाम बताना होगा।	आपाे एन कोड़ाको:आ लुतुम उदुब होबाओआ।
आंखों की रोशनी कम हो जाती है।	मेदरा: मासकाल कोमोआ।
इस अमानवीय खेल से मिलने वाले पैसे के एक	नेआ अमानवीय इनुङते नामाकान टाकाको।
उसने देखा देबुली गहरी नींद में सोई हुई है।	इनि लेलकेदाए देबुली जोरते दुड़ुमतान ताइकेना।
सुबुक्वे भी दक्षिण अफ्रीका के प्रसिध्द स्वतंत्रता सेनानी थे।	सुबुक्केओ दक्षिण अफ्रीकारा: प्रसिद्ध स्वतंत्रता सेनानी ताइकेना।
मेरे विचार से भाषा और वतनपरस्ती में घनिष्ट संबंध है।	आञ उड़ु:ते जागार ओड़ो: वतनपरस्तीरे बेसे घनिष्ट संबंध मेना:।
भ्रष्टाचार के खिलाफ पथभ्रष्टों का अभियान	भ्रष्टाचाररा: खिलाफ भटकाओ नातिन अभियान।
पश्चिम नील नदी वायरस की रोकथाम	पश्चिम नील गाड़ा वायरसरा: रोकथाम।
सेठ जी को परास्त करने का यह अपूर्व अवसर हाथ	सेठजीके हाराओ मेनते नेआ माजा मौका।
मध्यप्रदेश में दो महीने बाद विधानसभा चुनाव होने वाले हैं।	मध्यप्रदेशरे बार मास तायोमते विधानसभा चुनाव होबारा मेना:।
मैं अपने बचपन में वापस लौटना नहीं चाहता।	आञ आञा: बचपनरे रुड़ा काञ मोनेताना।
प्रसारी सिद्धान्त के अनुसार ब्रह्माण्ड का विकास कैसे होता है।	प्रसारी सिद्धान्तआ अनुसारते ब्रह्माण्डरा: विकास चिलकाते होबाओआ।
क्या भगवान सिंह वाकई इसी परंपरा वाले शिष्य हैं?	भगवानसिंह सारते नेआ परंपरारा: शिष्य ताइकेना चि?
बिल्कुल सामने। मैं उसे ही लिख रहा हूँ।	सोज सानामाङ। आञ इनिगेञ ओलजादा।
वे पृथ्वी पर अधिकार करना चाहते को थे।	इनकु पृथ्वीरे अधिकार आउको मोनेला:।
लेकिन आज कैबिनेट ने इसे हरी झंडी दे दी है।	मेनदो तिसिङ कैबिनेट आएके गादेद झंडाको ओमकेदा।
इश्क अदा है इश्क सदा है	प्रेम किरिङेआको प्रेम सोबेन समय ताइना।
बेंजामिन ले बारोन की हत्या कर दी गई।	बेंजामिन ले बारोन गोए:किआको।
घायलों को साईं अस्पताल लाया गया।	घायलकोोके साइ अस्पताल आउकिआ।
बातचीत से पहले पाकिस्तान ने भारत को भड़काया	जापागार सिदारे भारत के पाकिस्तान भड़काओकिआ।
बाक़ी आठों साथी फ़िलहाल भूमिगत हैं।	सारेकान आठ साथी नीराकानाको।
इन दोनो में सच कौन बोल रहा है?	बारानकिनरे ओकोए सारते मेनजादा।
आज की अर्थव्यवस्था में अँगरेज़ी का बोलबाला तो निर्विवाद है।	तिसिङरा: अर्थव्यवस्थारे अंग्रेजी चेतान जांए बानो:।
तो मंत्रियों का कुछ नहीं जाएगा।	तोबेे मंत्रिको:आ जेताना का होबाओआ।
तो कभी मूर्ख गधा भी बन जाते हैं।	तोबे मोस मोसा डोनडोओ गधाको बाइना।
कई स्तर पर मॉनीटरिंग की गई।	सांगि स्तररे मॉनिटरिंग रिकाकेदाको।
कंपनी ने कोल लिंकेज के लिए भी आवेदन किया है।	कंपनी कोल लिंकेज नातिनो: आवेदन तादाए।
बनाया गया था जिसके दो भाग किये गये थे।	बाइला:को ओकोआ बारिआ भागको रिकाकेदा।
नागरिक पुरस्कारों का राजनीतिकरण हो गया है।	नागरिक पुरस्कारको:आ राजनीतिकरण होबाजाना।
उत्तर कोरिया विकसित कर रहा परमाणु मिसाइल	उत्तर कोरिया विकसित जादा परमाणु मिसाइल।
इस शो को पहले से ही रिकार्ड कर लिया जाएगा।	नेआ शो एटे:तेगे रिकार्ड होबाकान ताइना।
इससे हड्डियाँ कमजोर पड़ने का खतरा नहीं रहता।	नेआते जाङको कमजोर होबारा खतरा ताइना।
डेरा डालेंगे तो मन की दशा क्या होगी?	ठांव बाइरेओ मनरा: दशा चाना: ताइना?
विद्यार्थियों के लिए समय अच्छा रहेगा।	विद्यार्थिको:आ नातिन समय बेस ताइना।
इससे पक्का जुगाड़ शायद ही कोई और हो।	नेआते माजा जुगाड़ होबा दाड़िओआ जांतारे मेना: कारेदो का।
इस प्रविष्टि में पोस्ट किया गया व्यापार उपकरण और टैग	नेआ प्ररविष्टिरे पोस्टाकान व्यापार उपकरण ओड़ो: टैग।
इनसे किसी को आपत्ति नहीं है।	इनि नातिन सोबेनको हे जादा।
सुबह सहस्त्रधारा से भगवान शिव का अभिषेक हुआ।	सेता:रे सहस्त्रधाराते बोङा शिवआ अभिषेक होबाजाना।
जोड़े के लिए युग्म शब्द प्रचलित है।	कुलगिआ नातिन युग्म शब्द पासराओकाना।
गया से मदन कुमार तिवारी की रिपोर्ट	गयाते मदन कुमार तिवारीआ रिपोर्ट।
कान की बाली से उलझ गई।	लुतुरा: लोलाते फांसेजाना।
नाम आप में से ज्यादातर लोगों ने नहीं सुना होगा।	लुतुुम आपे तालारे सांगि होड़ोको काको आयुमाकादा।
इसलिए कहते हैं मृत्यु जीवन का अंत नहीं शुरुआत है।	एना मेनतेको काजिआ गोजो जीवनरा: टुनडुरा: कागे एटे: मेना:।
महिलाओं के मामले में ऐसा अक्सर देखने को मिलता है।	कुड़को:आ मामलारे नेका सोबेन समय लेलो:गा।
तेरस पर ट्रेजरी ने बरसाया धन	तेरस चेतानरे ट्रेजरी टाका गामा:केदाए।
उन्होंने अपने अकेलेपन की बीमारी का इलाज ढूँढ लिया है।	इनि आएआ एसकार ताइनरा: रुआरा: इलाज नामकेदाए।
इससे त्वचा का सांवलापन व रुखापन दूर होगा।	नेआते त्वचारा: हेनदे ओड़ो: मोरमोरो सेनो:गा।
समरस समाज की रचना इन्हीं संस्कारों से होती है।	नेआ संस्कारतेगे समरस समाजरा: बाइओगा।
पर वे प्राकृतिक सुषमा की प्रशंसा किया करते थे।	मेनदो इनि प्राकृतिक सुंदरतारा: प्रशंसा रिकाएआ।
लोकसभा के सदस्य निर्वाचित होने के नाते	लोकसभारा: सदस्य साला तायोमते।
मैने तुरंत अपनी सहमति दे दी।	आञ सेगे हे केदाञ।
नेटवर्क से हासिल की अंतर मॉडेम	नेटवर्कते नामाकान मॉडेम
कटारिया शुक्रवार सवेरे ही उदयपुर चले गए।	कटारिया शुक्रवार सेता:रेगे उदयपुर सेनो:जाना।
देश में नवंबर में आम चुनाव होने हैं।	दिसुमरे नवंबररे चुनावको होबाओआ।
सभी की आँखो मे चाहत थी कुछ पाने की।	सोबेनको:आ मेदरे जाना नामरा: रेंगे ताइकेना।
तुम्हारी ममतामई आंखों के पीछे का दर्द	आमा: एंगालेका मेद तायोमरा: हासु।
और भारतीय कृषिवर्ग की सफलता में भी वृद्धि होती है।	ओड़ो: भारतीय कृषिवर्गरा: सफलता हाराओआ।
जनता को दिलाया प्रदेश के विकास में सहयोग का संकल्प	होड़ोकोके ओमकेदा दिसुमरा: विकासरे देङारा: संकल्प।
इतने मैंने ही पोनी को संभाले रखा।	निमुङगे आञ पोनीके साबकेआते जोगाओतादाञ।
हाल ही में इस गर्मी मैं	ना:गे नेआ जेटे:रे।
पृष्ठ का शीर्षमौजूदा उपयोगकर्ता प्रपत्रों को अद्यतन करने के विकल्प	पृष्ठरा: मेनाकान उपयोगकर्ता प्रपत्रकोरा अद्यतन नातिन माजा विकल्प।
इसके बाद गुलाम अली ने पीछे मुड़कर नहीं देखा।	ने तायोमते गुलाम अली तायोम बिउरकेाते काए लेलकेदाए।
ये वक्तव्य भावनात्मक विस्फोट नहीं हैं।	नेआ जागार भावनात्मक विस्फोट बानो:।
गोरों को गेहुंआ रंग पसंद नहीं आता।	एसेलको हेनदे रांगा काको सुकुएआ।
संघ के कुछ नेता भी इस सत्य को मानते हैं।	संघरेन हुड़िङ नेताताकोओ नेआ सारतेगे मानतिङेआ।
लेकिन ठीकरा फूटता है सभी उत्तर भारतीयों पर।	मेनदो आरोप आउएआको सोबेन उत्तर भारतीयको:आ चेतानरे।
तब इनकी देश भक्ति कहाँ जाती है।	एन समय निकुआ देशभक्ति कोते सेनो:गा।
लेकिन विसंगति देखिये हम उन्हें पिछडा कहते हैं।	मेनदो अंतर लेललेम चि आले इनकु पिछड़ा काजिआ।
मित भोजन मीत होता अमित मित्र।	हेड़ेम मांडि जोमतानाए अमित सोंगे।
इस दौरान रोगी के नब्ज चेक करें।	एन तालारे मरीजआ नब्ज लेलेमे।
या संस्कार नगण्य ही होते हैं।	मेनदो संस्कार कागे ताइना।
आप एक अच्छे प्रसंग का आनन्द लेकर जाइए।	आम मिआद माजा प्रसंगरा: रासिका आउकेआते सेनो:मे।
जैसे स्थल यात्रियों को ओसाका में आकर्षित करते हैं।	चिलका स्थल यात्रीताको ओसाकारे आकर्षितोआको।
मतदान के लिए इलैक्ट्रानिक वोटिंग मशीनों का इस्तेमाल किया जाएगा।	मतदान नातिन इलैक्ट्रिक वोटिंग मशीनरा: इस्तेमाल होबाओआ।
स्वयं के स्वास्थ्य का ध्यान रखें।	आपान स्वस्थ्यरा: ध्यान आउमे।
उन्हें सिर में गंभीर चोटें आई हैं।	आएआ बो:रे मोआकानाए बेसे गंभीर।
या तुम्हारा अस्तित्व ही नहीं रहेगा।	कारेदो आमा: अस्तित्वगे का ताइना।
तभी कॉलबेल की चीत्कार ने नींद मे खलल डाल दिया।	एन समयगे कॉलबेलरा: साड़िते दुड़ुम बागड़ाओजाना।
शिक्षा का क्षेत्र निजी निवेश के लिए खुला है।	शिक्षारा: क्षेत्र निजी निवेश नातिन खोलाओकाना।
जहां तक चुनाव की बात है।	ओको जाकेद चुनावरा: जागार मेना:।
छत्तीसगढ़ की यह लगातार छठी जीत है।	छत्तीसगढ़रा: नेआ लागातार छठा दाड़ि मेना:।
मेरे एहसास की मूरत कोई तिलिस्म न हो	आञ अहसासरा: मूरत जाना तिलिस्म का ताइनोका।
वो लोगों के बीच जगह बनाने लगी।	आए होड़ोको:आ तालारे जगह बाइ एटे:केदा।
महावीर बिनवउँ हनुमाना ब्लॉग में नए भजन	महावीर बाइ तानाए हनुमान ब्लॉगरे नावा भजन।
शिव दत्त पांडे को सब जानते हैं कुलदीप सिंह नेगी	शिव दत्त पांडेके सोबेनको ठोरजादा कुलदीप सिंह नेगी।
चीन के बारे में स्पष्ट नीति बनाई जाए।	चीन बारेरे सपष्ट नीति बाइ लागातिङा।
ना वो आपका आध्यात्मिक विकास होता है।	एना: आमा: आध्यात्मिक विकासो: का ताइना।
इस पत्र में सरकार विरोधी सामग्री होती थी।	नेआ पत्ररे सरकार विरोधी समग्रीको ताइना।
जब लंड आधा घुस गया तो मेरी नींद खुल गई।	चिमतुङ नुनु आदेरजाना तोबे आञ बिरिदजाना।
पर मुझे उनका भी सम्पर्क पता नहीं है।	मेनदो आञो: इनकुआ समपर्क काञ इतुआना।]
बहुत ज्यादा साफ करने की जरूरत नहीं है।	बेसे साफारा: जारुड़ु बानो:।
इस पर मरीज कहता है दिल्ली डेयरडेविल्स।	नेआरे मरीज मेनकेदाए दिल्ली डेयरडेविल्स।
नकद के लिए घर बेच चाहते हैं? »	टाका नातिन ओड़ा: आकरिङ मोनेजादाम?
कम्प्यूटेशनल बायोलॉजी और जैव सूचना विज्ञान	कम्पयुटेशनल बायोलॉजी ओड़ो: जैव सूचना विज्ञान।
आए दिन ऐसे मामले सामने आ रहे हैं।	निमिर नेका मामलाको हिजुताना।
डिप्रेशन कभी अपनेआप खत्म नहीं होता।	डिप्रेशन जां समय आपानते का चाबाओआ।
चीनी की मिठास में घुलता बचपन	चीनीआ मिठासरे मेसाकान बचपन।
वे ऑक्सफोर्ड यूनिवर्सिटी और स्टेनफोर्ड यूनिवर्सिटी में विजिटिंग स्कॉलर हैं।	इनि ऑक्सफोर्ड यूनिवर्सिटी ओड़ो: स्टेनफोर्ड यूनिवर्सिटीरे विजिटिंग स्कॉलर मेनाइ।
इन्द्रियों के साथ शब्द तैयार होता है।	इन्द्रिकोलो: शब्दको बाइओआ।
परिवार के तीन लोग घायल हैं।	परिवाररेन आपि होड़ोको गोए:जाना।
प्रकृति इतना अन्याय कभी नहीं कर सकती।	प्रकृति निमुङ अन्याय जां समय काए रिकाएआ।
ऐसा करने पर वर्षपर्यंत समृद्धि प्राप्त होगी।	नेका रिकालेरे वर्षपर्यंत समृद्धि प्रप्त होबाओआ।
विद्वानों के सान्निध्य में कुछ बोलने का अवसर मिला।	विद्वानको:आ तालारे जाना काजिरा: अवसर नामकेदाञ।
और केवल मीडिया से कुछ नहीं होने का।	ओड़ो: मीडिया बाइरेते जेताना का होबाओआ
इसके बारे में शर्मिंदा होने की जरूरत नहीं है।	नेआ बारेरे गिउ ठोररा जारुड़ु बानो:।
उन्होंने कहा कि उनकी पार्टी कांग्रेस विस्थापितों की लड़ाई लड़ेगी।	इनकु मेनकेदाको चि इनकुआ पार्टी कांग्रेस विस्थापितको:आ लड़ाईरेको देंगाएआ।
बोलना ही नही मौन उससे भी शक्तिशाली है।	काजि बाइरि का हापेनकान ताइन एना: ते सांगि शक्तिशाली मेना:।
बृहस्पति दूसरी पक्ष की तरफ थे।	बृहस्पति एटा: पक्षसा:रे ताइकेना।
नाबालिग को अगवा करने का आरोपी काबू	होनके अगुआ रिकातानि आरोपी।
हमने खाली ही छोड़ी थी वह खाली जगह	इपाएरेगे बागेला:।
युवक के गिरतें ही विवाह समारोह में हड़कम्प मच गया।	कोड़ा उयुजानरेगे आड़ान्दिरे हड़कम्प होबाजाना।
गंगमूल ने बढ़ाई दूध की दरें	गंगमूल हाराकेदा तोआरा: गोनोङ।
और इसे मानने में मुझे कोई एतराज नहीं है।	ओड़ो: नेआ पातिरे जेतान दिक्कत बानो:।
↑ मुकुटबंधन चैत्य में मल्लराजाओं का राज्याभिषेक होता था।	मल्लराजआ राज्याभिषेक मुकुटबंधन चैत्यरे होबालेना।
समय से परिचय करवाने के लिये उस मित्र का आभार।	समयते उपरुङ रिकाकेदाए एना:रा एन सोंगेके आभार।
जून के महीने में मैं शृंगेरी गया था।	जून चांडुरे आञ श्रृंगेरी सेनकेना।
आप एक किताब नहीं खरीद सकते	आम मिआद किताब काम किरिङ दाड़िआ।
खाने में व्यंजन कम और प्यार ज्यादा नजर आया।	जोम समय सोमेआको हुड़िङ ओड़ो: प्यार सांगि लेलो:जाना।
जब वह लौटकर आया तो लड़का खेलता हुआ मिला।	चिमतुङ इनि हिजु रुड़ाजानाए तोबे एन कोड़ा इनुङतान नामजाना।
आज अधिकतम लोग सामायिक की पूर्ण वेशभूषा में बैठते है।	तिसिङ सोबेनको गोटा सामयिक वेषभूषारेको दुबा:।
वह जीवन के एक हिस्से तक सीमित थी।	इन जीवनरा: मिआद हिस्साजाकेद गे ताइकेना।
इससे पहले भी मैच फिक्सिंग के खुलासे हो चुके हैं।	नेआते सिदाओ मैच फिक्सिङरा: खुलासाको होबाकाना।
पगड़ी अभी तक सिर पर ही थी।	पगड़ी ना: जाकेद बो:रेगे ताइकेना।
धरती फट जाती तो समा जाता।	ओते केचाजानरे एनारे बोलोजाना होनाङ।
काश सत्यम ने यह किया होता।	सत्यम नेआ रिकाकेदा होनाङ।
छुटपन से ही लिखने की ओर उनका रूझान था।	हुड़िङ समयतेगे ओलसा: इनिआ रुझान ताइकेना।
ये दल रात गांवों में ही बिताएंगे।	नेआ दल निदारे हातुरेगे ताइना।
ब्ळॉग लेखन के कई प्रश्नों को समेटती हुई बढि़या चर्चा।	ब्लॉग लेखनरा: बेसे प्रश्न समढ़ाओकेाते आयारो:तान चर्चा।
तुम कहते रहो की दूर रहो आग हू जल जाओगे	आम काजिकान ताइनमे चि अलोम जापाना सेंगेल मेनाञा जुलोगाम।
क्या वह महज कीर्तन बन कर नहीं रह जाएगा।	मेनदो आए कीर्तन बाइरी बाइकोआ:ते काए दाङ ताइना।
मति को अपनी वासना नहीं है।	मतिआ आपान वासना बानो:।
उससे इतर सोचने का मतलब देशद्रोही होना है।	एनाते बिनगा उड़ुरा: मतलब देशद्रोही बाइन मेना:।
मासान्त अग्नि परीक्षा कारक प्रतीत होता है।	चांडुरा: अग्नि परीक्षारा: कारक प्रतीत होबाओआ।
उससे यही याचना करनी चाहिए कि हमें	एनाते नेआ याचना रिका लागातिङा चि आले।
के राजीवसरदेसाई को दिये ईन्टरव्यू मे कही।	के राजीवसरदेसाई के ओमाकान ईन्टरव्यू रे काजितादा।
स्वाति की वो अजीब से ना रुकने वाली हंसी	स्वातिआ बालूलेकान बेगार होकारा: लांदा।
की दृष्टि से निम्नलिखित राज्यों में सांस्कृतिक प्रस्तुतियां दी	निम्नलिखित राज्यकोरे सांस्कृतिक प्रस्तुतिको लेलकेआते।
आप किसी और को दे दें।	आम एटा: होड़ोके ओमेमे।
नारायणा कॉलेज ऑफ़ इंजीनियरिंग एंड टेक्नोलोजी	नारायणा कॉलेज ऑफ़ इंजीनियरिंग एंड टेक्नोलोजी
मैं भी अमृतसर का ही रहने वाला हूँ।	आञो: अमृतसर रेनि मेनाइआ।
क्षणभर भी समय नहीं लगता है।	मोचोकोएओ समय का लागाओआ।
अजनबी होके हर एक राहे गुजर	अजनबी बाइनकेआते पारोमतान होराको।
उन्होंने फिल्मों में भी काम किया है।	आए फिल्मकोरे कामितादाए।
उनके चेहरे पर ईर्ष्या से भरी हुई मुस्कराहट छाई	आएआ मोचारे ईर्ष्यते पेरेआकान लांदा ताइकेना।
उन्होंने कहा कि यह पाकिस्तान का आतरिक मामला है।	मेनकेदाए चि नेआ पाकिस्तानरा: आंतरिक मामला मेना:।
माधवी दबे पाँव बालाजी के कमरे के द्वार तक गयी।	माधवी हापेकेआते बालाजीआ कमरा: दुआर जाकेद सेनो:जानाए।
पत्र लिखने का यह उसका निजी स्टाइल था शायद।	पत्र ओलरा: नेआ आएआ निजी स्टाइल ताइकेना जा।
तेरे सपने की कौन अप्सरा है?&	आमा: कुमु:रा अप्सरा ओकोए मेनाइ।
दो दिन बाद अपन घर आ गए।	बारसिङ तायोमते ओड़ालाङ रुड़ाजाना।
इसलिए उन्हें क्रेडिट कार्ड के संचालन के बारे में बताएं।	एना मेनते इनकु क्रेडिट कार्डरा:संचालन बारेरे उदुबाकोम।
बड़े से और बड़े होते शहर	माराङ ते माराङ होबाओतान शहरको।
राजिंद्र भी अदालत में आया हुआ था।	राजिंद्रो: अदालतरे हिजुआकान ताइकेना।
जरूरत सही निर्णय करने की है।	जारुड़ु बेस निर्णय आउरा: मेना:।
खेल के आधार पर पुरुषों का सबसे लंबा फाइनल	इनुङरा: आधाररे कोड़ाको:आ सोबेनते जिलिङ फाइनल।
तिवास के दिन सारी बिरादरी को जेवनहार हुई।	तिवास हुलाङ गोटा समुदाय आशीर्वाद नामकेदाए।
मैं भी उनके इस काम में हाथ बंटाता।	आञो: आएआ कामिरे देंगाजाद ताइकेनाञ।
जख्म को थोड़ा कुरेदो फिर हरा हो जायेगा	मोआकानता: हुड़िङलेका बापदालेम एना: ओड़ो: हाराओआ।
उसके कई कारण हो सकते हैं।	एनारा: बेसे कारणको होबादाड़िओआ।
जो वित्त सचिव रह चुके है।	ओकोएको वित्त सचिवको ताइकेना।
बहुत कुछ कहते हैं यह चुनाव परिणाम नई दिल्ली।	बेसे को काजिआ नेआ चुनाव परिणाम नई दिल्ली।
सर्वसम्मति बनाने के आधार की ताकत बढ़ी।	सर्वसम्मतिते बाइतान आधाररा: ताकत हाराजाना।
कोठियों पर कब्जे की कई वारदातें हुई।	कोठिको:आ कब्जारा: बेसे वारदातको होबाकाना।
साथ ही वह जगह ज्यादा स्पेशियस नजर आती है।	एनालो:ते एना ठांव सांगि स्पेशियस लेलो:गा।
दूसरे नहीं करते तो दोष उनका।	एटा: होड़ोको काको आउएआ दोष इनकुआ।
भारतीय दर्शनों का ऐतिहासिक क्रम निश्चित करना कठिन है।	भारतीय दर्शनको:आ ऐतिहासिक क्रम निश्चितरिका बालाएगेआ।
कुश्ती ओलंपिक खेलों शामिल हो कर रहेगी।	कुश्ती ओलंपिक इनुङकोरे शामिल होबाओगेआ।
कई साल से मैं दो कार्यक्रम जरूर देखता हूं।	बेसे सिरमाते आञ बारिआ कार्यक्रम जरूरते लेलेआञ।
तो कैसे आपका पूरा दिन हरा भरा रहे।	तोबे चिलका आमा: गोटा सिंगि माजा ताइना।
लोग सच कहते हैं कि देवताओं की परछाईं नहीं होती।	होड़ोको सारतेको काजिआ चि देवताको:आ उम्बुल का ताइना।
मरने पर अंतिम संस्कार और श्राद्ध	गोजो तायोमते हासा ओम ओड़ो: दिरिचापि।
इसके उलट दूसरा बिंब बदहाली का उभरता है।	नेआते बिनगा एटा: बिंब बदहालीरा: लेलो:गा।
कांग्रेस ने प्रतिबद्ध राज्यपाल की परंपरा चलाई।	कांग्रेस प्रतिबद्ध राज्यरा: परंपरा सेसेन रिकाकेदाए।
लड़की ने शारीरिक शोषण का आरोप भी लगाया।	कुड़ि शारीरिक शोषणरा: आरोप लागाओकेदाए।
जिस कारण पढाई नही पाती।	नेआरा:ते काञ पाड़ाओ दाड़िताना।
अब मैं मुस्लिम के रूप में ही जीना चाहती हूं	नाआः आञ मुस्लिमको लेकागे तानाञ।
खरीदी के जोन में शेयर है।	शेयर आकरिङरा: जोनरे मेना:।
उन्हें उम्मीद है कि बाजार एक सीमित दायरे में रहेगा।	इनुकु उम्मीदजादाको चि पीटि मिआद सीमित दायरारेगे ताइना।
के कार्य करने की रीति में परिवर्तन कर सकता है।	कामिरा: तरीकारे बादली होबादाड़िओआ।
विचलित मन यहां आकर स्थिरता प्राप्त करता है।	विचलित जी नेता हिजु:केआते स्थिरता नामेआ।
इसके बाद पेनाल्टी की कार्रवाई होगी।	नेआ तयोमते पेनाल्टीरा: कार्रवाई होबाओआ।
किन्तु पाठकों को पुस्तक के रचयिता	मेनदो पाड़ाओतानको:आ किताबरा: ओलतानि।
पुरानी बटुली की पेंदी में जरठा बैठता रहा।	जरथा बूढ़ी बटुलीआ ओतेलाताररे दुबाकान ताइकेना।
पानी की समस्या हल हो गई है।	दा:रा समस्या माजाजाना।
मगर धोनी ने क्या किया?	मेनदो धोनी चाना: चिकाकेदाए?
शवों के पहुंचते ही गांव में चीत्कार मच गई।	शव तेबाकेदाए इमनाङरेगे हातुरे काकला एटे;जाना।
यों पाटिल से ज्यादा नर्वस तो मनमोहन सिंह होंगे।	मेनदो पाटिलते सांगि नर्वसदो मनमोहनसिंह ताइना।
सारांश यह कि सबके सामने वाह्य जगत् के	सारांश नेआ मेना:चि सोबेनको:आ सानामाङरे वाह्य जगरा:।
खिलौने के साथ अपने बच्चों को सुरक्षित रखने	खिलोनालो: अएआ होनके सुरक्षित जोगाओ।
ये तो मैं नहीं कह सकता।	नेआ दो आञ काञ काजि दाड़िआ।
अपने अब तक के सफ़र से हम बेहद ख़ुश है।	आपान ना: जाकेदरा: सफर लेलकेआते आञ बेसे रासिका मेनाञा।
दस्त और क़ै भी हो जाती थी।	दसत ओड़ो: हासुओ होबातान ताइकेना।
उन्होंने मैच के दौरान धैर्य और संयम दिखाया है।	इनकु मैच तालारे धैर्य ओड़ो: संयम लेलरिकाकेदाको।
मैंने सिनेमा तो देखे थे किन्तु ऐसा नाटक नहीं।	आञ सिनेमाकोदो लेलतादाञ मेनदो नेका नाटक कागे।
इनमें बड़े ब्रांड शामिल नहीं हैं।	नेआरे माराङ ब्रांडको शामिल बानो:।
आमिर की यह बात यश चोपड़ा को मंजूर नहीं थी।	आमिरआ नेआ जागार यश चोपड़ा काए सुकुकेदा।
प्याज की कीमत का पता रखते हैं।	प्याजरा: गोनोङ इतुयाले।
जीवविज्ञान विषय से ग्रेजुएशन कर चुका हूं।	जीवविज्ञान विषयते ग्रेजुएशन रिकातादाञ।
इसलिए इसे आंगिक अथवा जैविक बिम्ब भी	एना मेेनते नेआ आंगिक कारेदो जैविक बिंबको काजिआ।
सुबह निकली धूप दोपहर में बादल	सेता उड़ुङजाना जेटे तिकिनरे लारि।
पल्स पोलियो अभियान संबंधी बैठक आज	पल्स पोलियो अभियान संबंधी दुबजारु तिसिङ।
तब मैं अक्सर अपने दादा के कार्यालय का चक्कर लगाया	एन समय आञा दादाआ कार्यालय हिजु सेनो:तान ताइकेनाञ।
मनु की सन्तान होने के कारण वे मानव कहलाये।	मनुआ होन होबाजाना एनाते होड़ोको मेताको:आ।
है एक भूत लेखक द्वारा लिखित एक	मिआद बोङा ओलतानि सा:ते ओलाकाना।
खैर किसी तरह ग्रहण खत्म हुआ।	मेनदो जांलेका ग्रहण चाबाजाना।
महिलाओं को विधायिका में नहीं नौकरियों में आरक्षण मिले	कुड़िको विधायिकारे का मेनदो नौकरीकोरे आरक्षण नाम लागातिङा।
चुनाव की अनिवार्यता भी खत्म कर दी है।	चुनावरा: अनिवार्यताओ चाबाकेदाको।
स्टूडियो विज्ञापन दिखाई देता है आपको	स्टूडियोरा: विज्ञापन लेल दाड़ितानाम?
बस उसका मतलब गलत न उठाया जाए।	मेनदो एनारा: मतलब गलत कागे आउ लागातिङा।
कहाँ कुछ हुआ? हाथ बढ़ाया और डाल हाथ में।	कोते जाना होबालेना? ती आयारकेदा ओड़ो: तीरे आदेरकेदा।
इसके अंतर्गत सभी आधुनिक पक्षी आते हैं।	नेआ लातार सोबेन नावा चेंड़ेको हिजुगा।
तब मैं ने अपनी शान्ति पूरी तरह खो दी थी।	तोबे आञा शान्ति पुरागे आदकेदाञ।
सारे बच्चे रटंत तोता हो जाएंगे।	सोबेन होन रटंत मिरुको बाइना।
उसके चलते कई युवा लोगों ने आत्महत्या कर ली।	एना चलते सोबेन कोड़ा होड़को आपानकेको गोए:केदा।
मैं बारह सौ छब्बीस बटा सात हूँ।	आञ बारह सौ छब्बीस बटा सात मेनाञा।
॥ जर्जर रोड की मरम्मत जल्द करवाएंगे।	बागड़ाओकान होरा सेकड़गेको बाइआ।
हमें भाषाई ब्राह्मणवाद से बचना चाहिए।	आले भाषाई ब्राह्मणवाद ते बांचाओ लागातिङा।
बसपा और भाजपा भी उसके निशाने पर हैं।	बसपा ओड़ो: भाजपाओ एना: निशानारे मेना:।
पिछले दिनों कुछ अज्ञात युवकों से झगड़ा हुआ था।	सिदा हुलाङ हुड़िङ का लेल उरुमतान होड़ोकोलो: एपराङ होबाजाना।
स्टील का दाम घटाने पर जोर	बेसे दिन सिदारे जांए कोड़ाकोलो: एपराङ होबाजाना।
वेटर ने शोर मचाया तो आरोपी भाग निकला।	वेटर काकलाकेदाऐ दो आरोपी निर जानाए
इस बीच पुराणों के द्वारा लोकधर्म	नेआ तालारे पुराण सा:ते लोकधर्म।
घुँघरू आदि के बजने से होने वाला शब्द।	घुँघरु ओड़ो: एटा:जानाते साड़ितान शब्द।
लखनऊ में मदन मोहन आकाशवाणी के लिये काम करने लगे।	लखनउरे मदनमोहन अकाशवाणी नातिन कामि एटे:केदाए।
बैंक में प्रार्थना वो भी कामकाज की शुरूआत से पहले।	बैंकरे प्रार्थना एनाओ कामि एटे: सिदारे।
नैदानिक नमूनों के लिए व्यावसायिक रूप से उपलब्ध	नैदानिक नमूनाको:आ नातिन व्यवसायिक रूपते उपलब्ध।
गागर में डालते समय आधा छलकाते और	चाटुरे दुल सिदारे हुड़िङलेका उयुजाना ओड़ो:।
उसने लम्बा चोगा पहना है।	इनि जिलिङ चोगा उयुन तादाए।
यह जातक अपनी पत्नी के बल पर धनी होता है।	नेआ जातक आएआ कोनेआआ बलरे धनी ताइना।
यह क्रम पिछले तीन वर्षों से चल रहा है।	नेआ क्रम आपिआ सिरमा सिदाते सेसेनताना।
उन्होंने सारे भारत के हितों को देखकर ही अपने	आए गोटा भारत लेलकेआतेगे आपान।
यह जोड़ी है विशाल और सना की।	नेआ जोड़ौ मेना: विशाल ओडो: सनाआ।
कितने ही रास्ते में गोली से उड़ा दिये गये।	चिमुङको होरारेगे गोलीते गोए:लिआ:को।
आप इससे पहले भी हिन्दी में ही लिखते रहे हैं।	आम सिदातेओ हिन्दितेम ओलजाद ताइकेना।
हमसे ज्यादा ताकत आप न्यूज वालों के हाथ में है।	आलेते सांगि पेडे़: आपे न्यूजको:आ तीरे मेना:।
दो समान संख्याओं का गुणन भी वर्ग कहलाता है।	बारिआ लेनेका गुनकेरे वर्ग होबाओ।
घटना की जानकारी कायमगंज कोतवाली पुलिस को दी गई।	घटनारा: जानकारी कायमगंज कोतवाली पुलिसके ओमकिआ:को।
अब तक हमारी सुध किसी ने नहीं ली है।	ना जाकेद जांए काको कुलितालेआको।
कैसे एनिमेटेड आतिशबाज़ी डाउनलोड करने के लिए	चिलका एनिमेटेड आतिशबाजी डाउनलोडकेआते।
इस आग को पानी नहीं हवा देने की जरूरत है	नेआ सेंगेल दा: कागे होयो ओमरा: जारुड़ु मेना:।
पर धन की व्यवस्था कैसे हो।	मेनदो टाकारा: व्यवस्था चिलकाते होबाओआ।
इनके सपनों पे डालते हैं ये ऐसे डाका।	निकुआ कुमुरे नेकाको कुम्बुड़ेआ।
गाकर अपने प्रशंसकों को आह्लादित कर रहे थे।	दुराकेआते आपान प्रशंसकोके रासिका ठोर रिकाजाद ताइकेना।
नीचे की ओर झांका तो वही सीधी दीवार यहां भी।	लातार लेलकेदाले तोबे एनतारेओ सोज दिवार ताइकेना।
कोरी किताबों पर होता है वह विस्फोट।	कोरा किताबकोरे होबाओआ एना: विसफोट।
उसे अपने बल पर विश् वास है।	इनि आएआ: दाड़िरे विश्वास मेना:।
बहुत जरूरी है ऐश्वर्या राय के व्यक्तित्व को समझना।	बेसे जारुड़ु मेना: एश्वर्या रायआ व्यक्तित्व बुजाओ।
दिल मेरा ले ले प्यारे यीश	दिल आञा: आगुएमे प्यारे यीशु।
इन पर पूरे दिन लगा रहता है पक्षियों का जमघट।	नेआरे गोटा सिंगि लागाओकान ताइना चेंड़ेको:आ जमड़ा।
यूलिप खरीदने से भी आपको बचना चाहिए।	युलिप किरिङतेओ बानचाओ लागातिङा।
कोई उम्मीद भी नहीं करता कि आप पढ़ें।	जाए उम्मीदो काको उम्मीदेआ चि आम पाड़ाओएआम।
चील कौवों की तरह नोंचते फ़िर रहे	चिड़िद काउलेका जोमबेड़ाजादाको।
नहीं देखते कि इसने पाप किया या पुण्य।	काको लेलेआचि नि पापतादाए चि पुण्य।
सब इस परिवार का सामंती किला तोड़ना चाहते हैं।	सोबेन ने परिवाररा: सामंती किला पोआरिका मोनेजादाको।
घर में सेंधमारी कर कीमती सामान ले उड़े	ओड़ा:रे सेंधमारी रिकाकेआते कीमती सामान इदिकेदा।
रतिभाव का संचारी होती है उसी प्रकार यह	रतिभावरा: संचारी होबाओआ एनलेका ने।
के उपचार में आगे अग्रिम के लिए देखें	नेआरा उपचार मेनते आयाररा: अग्रिम लेलेपे।
खाड़ी में रुसी प्रभाव कोई अच्छी बात नहीं है।	खाड़ीरे रूसी प्रभाव जाना: माजा जागार बानो:।
वह गुलाबी रंग का घाघरा और नीली चोली पहनती है।	आए गुलाबी रांगारा: घाघरा ओड़ो: नीला चोलीको उयुनेआ।
जो एक सार्वजनिक जारी कर दिया था	ओकोए मिआद सार्वजनिक जारी रिकाकेदाए।
यह बात एक हालिया वैज्ञानिक शोध से पता चली है।	नेआ जोागार मिआद हालिया वैज्ञानिक शोधते इतु दाड़िओआ।
इससे क्या पता चलता है?	नेआते चाना: ठोरोआ?
ऊंटगाड़े से टकराने से मोटरसाइकिल सवार की मौत	ऊंटगाड़ेत टकराओते मोटरसाइकिल सवार गोए:जाना।
हमले में शाह बालबाल बच गए।	हमलारे शाह मोचकोएलेकाते बांचाओजानाए।
कई बार दर्द का भी एहसास होता है।	खाने खाने हासु ठोरोआ।
ह्रदय की कसक पलकों में समेट	मानदेय का नामजानरे कारमचारिको:आ तालारे खैराओ।
भाजपा ने इसका विरोध किया है।	भाजपा नेआरा विरोध रिकाकेदा।
रूद्राक्षों में साधारणतः एक से सताइस धारियां होती हैं।	रुद्राक्षरे मेनदो मिआदते हिसि एआ धारी ताइना।
छात्रों ने पुलिस पर कई गंभीर आरोप भी लगाए हैं।	छात्रको पुलिस चेतानरे गंभीर आरोपको लागाओतादा।
इस प्रकार जो निष्कर्मता उत्पन्न होती है।	नेआ प्रकार ओकोआ निष्कर्मता उत्पन्न होबाओआ।
इसका तना मोटी छाल से ढका रहता है।	नेआरा: तना मोटा छालते हारुबाकान ताइना।
तंत्र की उन गोपनीय रहस्यों को प्राप्त	तंत्ररा: एना: उकुकाना राहस्यको नाम।
कोई पार्टी उस तरह अब ठीक नहीं है।	जांए पार्टी एनलेका ना: ठीक बानो:।
यदि दस लोग कहते हैं कि तुम साधारणतया अनोखे व्यक्ति	मेनदो गेलेआ होड़ोको मेनजादा चि आम साधारणतया आनोखा होड़ो।
बाबुल हम तोरे रन बन की चिरर्इ	बाबुल आञ आमा: रन बनरा: चेंड़े।
जाने वाला कभी नहीं लौटता।	सेनोतान जांए काए हिजु रुड़ा:।
इस पुस्तक की सार्थकता और उपादेयता स्वयंसिद्ध है।	नेआ किताबरा: सार्थकता ओड़ो: उपादेयता स्वयंसिद्ध मेना:।
उसने कपड़े उतारे और खिड़की के अंदर फेंक दिया।	इनि लिजा ओचो:केदा ओड़ो: खिड़की बितार थेरकेदा।
फिर मैं उसके ऑफिस से उसे लिया।	तायोमते आया ऑफिस सेनकेआते इनि आउकेदाञ।
को स्थापित किया तो वह खुशी से पागल हो उठा।	स्थापितकेदा तोबे इनि रासिकाते बालुजाना।
कहा तो यह भी जाता है की	मेनदो नेआओ काजिआको चि।
क्या इसीलिये कि शायद धुप्पल में काम बन जाये	नेआ मेनतेगे मेनदो धुप्पलरे कामि बाइओआ जा चि।
फसलों के लिए बारिश उपयोगी है।	फसलको:आ नातिन जारगि जारुड़ु मेना:।
और इस प्रकार गुजरातियों के मन मस्तिष्क पर छा गया।	ओड़ो; नेलेकागे गुजरातीको:आ जी सेंड़ारे सेसेनतान।
राष्ट्रपति भवन में आयोजित एक कार्यक्रम में पाटिल ने	राष्ट्रपति भवनरे आयोजित मिआद कार्यक्रमरे पाटिल।
दूर दराज के शहरों के हमलोग	सांगिरेन होड़ोको आले।
इसी को देखते हुए प्रशासन ने यह कदम उठाया।	नेआ लेकलकेआतेगे प्रशासन नेका रिकातादाए।
मार्क टली को पद्म भूषण सम्मान	मार्क टलीके पदमभूषण सम्मान।
मैं उनका केवल प्रतीकात्मक संदर्भ दे रहा हूं।	आञ इनिआ प्रतीकात्मक संदर्भ बाइरि ओमजादा।
कन्नड़ में दशहरे को नांदहप्पा अर्थात	कन्नड़रे दशहराके नांदहप्पा मेनदो।
हम इतिहास में खोजें तो इस के प्रमाण मिल जाऐंगे।	आले इतिहासरे दाड़ारेले नेआरा: प्रमाण नामो:गा।
कीचड से कमल पैदा होता है।	लोसोदते कमल ओमोनोआ।
गिराकी कम होने की बात की याद	गिराकी हुड़िङ होबारा: जागाररा: ठोर।
क्षेत्रीय कार्यालय बैंगलूरू हेतु इंटिरियर्स का टेंडर दस्तावेज	क्षेत्रीय कार्यालय बैंगलुरु हेतु इंटिरयर्सरा; टेंडर दस्तावेज।
बाजार में पर्याप्त तेल उपलब्ध है।	पीटिरे होबओलेका सुनुम मेना:।
साधन न होने पर भी काम आरंभ कर देना।	साधन का ताइनरेओ कामि एटे:मे।
वे केवल अपने बूथ पर ही रहेंगे।	इनिकु मेनदो आकोआ बूथरेगेको ताइना।
तुम बिन कुछ भाये ना स्वामी।	आम बागेकेआते जेताना का सुकुआ।
ऐसे ही नेताओं पर फोकस करती रिपोर्ट।	नेका नेताको:आ चेतानरे फोकसतान रिपोर्ट।
कुल मिला कर सब कुछ खामोशी से होता।	सोबेन मेसाकेआते सोबेन हापेतेगे होबााना।
मेरे तीन उपन्यास तीन रंग के हैं।	आञ आपिआ उपन्यास आपिआ रांगारा: मेना:।
मारे मारे फिर रहे गुमनाम से॥	बोरो बोरोतेको होनोरताना बेगार इतुनतानलेका।
बाद में मैंने कई दवाइयों में बासिल का उपयोग देखा।।	तायोमते आञ बेसे रानुकोरे बासिलरा: उपयोग लेलकेदाञ।
यह प्यारा देश छोडक़र वहाँ नहीं जा सकता।	ने माजा दिसुम बागेकेआते एनता काञ सेन दाड़िआ।
अपने ही शरीर के बोझ को संभालने में असमर्थ है।	आएआ: होड़ोमोरा: हाम्बाल सामड़ाओ काए दाड़िताना।
वहाँ से वह दिल्ली की ओर बढ़ा।	एनताते दिल्ली सा सेनो:जानाए।
पाठशाला के शानदार भवन में प्रवेश करो।	पाठशालारा: शानदार भवनरे बोलो:मे।
आभार अतीत के गह्वर में गोता लगवाने के लिए।	अतीतरा: गाड़ारे गोता आउ नातिन धन्यवाद।
यह अन्ना हजारे के आंदोलन में प्रकट हुई।	नेआ अन्न हजारेआ: आंदोलनरे उड़ुङलेना।
मनीप्लांट घर के अंदर लगाना चाहिये क्योंकि ये भाग्यवर्धक हैं।	मनीप्लांट ओड़ा: बिताररे लागाओ लागातिङा चिआचि नेआ बाग्यवर्धक मेना:।
इस पडाव तक ले आए थे।	ने पाड़ाओ जाकेद आउला:को।
विंडों के निचले भाग में स्थिति पट्टी देखें	विंडोरा: लातारसारे स्थिति पट्टी लेलेमे।
अंग्रेजी में इसका एक अर्थ है	अंग्रेजीरे नेआ अर्थ चाना: मेना:।
के लिए जाओ और प्लगइन को सक्रिय	प्लगिनरे सेनो:मे ओड़ो: सक्रिय रिकाएमे।
बाकी मुट्ठी भर प्रस्ताव दो श्रेणियों में आते हैं।	सारेकान मुट्ठी पेरेकान प्रस्ताव बारिआ श्रेणीरे हिुजुगा।
यह गोली व पावडर दोनों रूप में मिलती है।	नेआ गोली आर पाउडर बाराना रूपरे नामो:गा।
नौकरी मिली भी तो जेद्दाह में।	नौकरी नामजाना मानदो जेद्दाहरे।
विश्व का सबसे बड़ा कम्प्यूटर नेटवर्क का नाम बताएं?	विश्वरा: सोबेनते माराङ कम्पयूटर नेटवर्करा: लुतुम उदुबाञमे।
कहने में कोई हानि न होगी।	काजिलेरे जेताना हानि का होबओआ।
उसके अनुसार शिक्षा का व्यावहारिक होना अत्यंत आवश्यक है।	इनिआ अनुसार शिक्षारा: व्यवहारिक होबा बेसे जारुड़ु मेना:।
बच्चे औसत से कम वजन के हैं।	होनको औसतते हुड़िङ वजनरा:को मेना:।
उस समय उनका नाम पद्मावती था।	एन समय इनिआ नुतुम पद्मावत ताइकेना।
एक छोटे से पॉलिश के साथ चमक	मिआद हुड़िङ पॉलिशलो चमक।
ज़्यादातर फ़ॉण्टों की गुणवत्ता मध्यम या निचले दर्जे की है।	सांगि फॉण्टोंंको:आ गुणवत्ता मध्यम आर लातार दर्जारा: मेना:।
जगा चुके व एकमेव प्राण बनकर	बिरिदकिआ:को आर मिआद प्राण सारेकेआते।
इस पुस्तिका के अन्त मे लिखे वेबसाइट या	नेआ पुस्तिकाआ अन्तरे ओलेमे वेबसाइट कारेदो।
जांच के बाद कुछ लोगों पर मुकद्दमा संभव है।	जांंच तायोमते हुड़िङ होड़ोको:आ चेतानरे मुकदमा होबा दाड़िओआ।
मन विणाकी तारे टूटी अब क्या गीत सुनाऊ	जीआ विणारा: इपिल उयुजाना ना: चाना: दुराङ आयुमरिकाको:आञ।
कार्तिक कृष्ण अमावस्या को दीपावली पड़ती है।	कार्तिक कृष्ण अमावस्यारे दीपावली मेना:।
जीवन में उसी प्रकार प्रयोग करना।	जीवनरे एनलेकागे प्रयासमे।
कैसे पहुंच गये ये यहां तक।	चिलका तेबाकेदाको इनकु नेता जाकेद।
बाद में गुजरात तट से भी उनका कारोबार चलने लगा।	तायोमते गुजरात गाड़ा आतोमते इनकुआ कामि सेसेन एटे:जाना।
यह कहानी मेरी नहीं है।	नेआ कानि आञा: काताना।
परस्पर निर्भरता का यह मामला एक तरफा नहीं है।	परस्पर निर्भरतारा: नेआ मामला मोदसा:रा बानो:।
भ्रष्टाचार से त्रस्त यही मध्यम वर्ग है।	भ्रष्टाचारते आसादिगिड़िकान नेआगे मध्यम वर्ग मेना:।
आप हिन्दी में लिखें तो मज़ा आए।	आम हिन्दिरे ओलेमे तोबे रासिका ठोरोआ।
कुछ देर बाद जाकर फिर स्कैन करवा कर लाये।	हुड़िङखोन तायोमते सेनकेआते ओड़ो: मोसा स्कैन रिकाकेआते आउमे।
ओलंपिक की ओपनिंग सेरेमनी में ऐसे आया भारतीय दल	ओलंपिकरा: ओपनिङ सेरेमनीरे नेका हिजुजाना भारतीय दल।
आतंकवाद नियंत्रण में आ चुका था।	आतंकवाद नियत्रंणरे हिजुलेना।
मगर अन्ततोगत्वा वह इन्हें पत्थर समझ कर माफ़ कर देता।	मेनदो टुनडुरे आए नेआ दिरि ठोरकेआते माफी ओमेआ।
मुझे बच्चों की भाँति प्यार से रखा जा रहा था।	आञके होनकोलेका माजातेको जोगाओजादको ताइकेना।
ऐसा समझना कभी सत्य समझना नहीं हो सकता।	नेका बुजाओ मेनदो सारते मेना: एनका बुजाओ का होबा दाड़िओआ।
इसके अलावा उन् हें कई छात्रवृत्तियां भी मिली हैं।	नेआ बागेकेआते इनकु बेसे छात्रवृत्तिको नामतादा।
वे पूरी दुनिया के जन की बात करते हैं।	इनकु गोटा दिसुमरा: होड़ोको:आको जागारेआ।
श्रम और रोजगार मंत्रालय के बारे में जानकारी प्राप्त करें।	श्रम ओड़ो: रोजगार मंत्रालय बारेरे जनकारी नामेपे।
हमें चुनाव व्यवस्था को बदलना होगा।	आले चुनाव व्यवस्थाके बदली लागातिङा।
जिनने पाकिस्तान में पहली बार जम्हूरियत का परचम लहराया।	ओकोए पाकिस्तानरे सिदा जम्हूरियततरा: परचम ओटाङ रिककेदाए।
पिकासो चार भी कर देता तो भी पता नहीं चलता।	पिकासो उपुनिआ रिकालेरेओ का ठोरजाना होनाङ।
कल निकोलाई गोगोल कि प्रसिद्ध कृति	गापा निकोलाई गोगोलरा: प्रसिद्ध कृति।
कृष्यै त्वा क्षेमाय त्वा रय्यै त्वा पोषाय त्वा।	कृष्यै त्वा क्षेमाय त्वा रय्यै त्वा पोषाय त्वा।
अशक्ति और अहंकार शून्य चित्त सदा ही सम रहे	अशक्ति ओड़ो: अहंकार शून्य सोबेन समय हुड़िङगे ताइन लागातिङा।
वे पगड़ी भी बहुत कम पहनते हैं।	आए पगड़िओ बेसे हुड़िङ तुसिङेआए।
जोड़ें और फ्री वेबसाइट निर्देशिका में स्थल प्रस्तावित करें	जुड़िमे ओड़ो: फ्री वेबसाइट निर्देशिकारे स्थल प्रस्तावित रिकाएमे।
अगर वह हिस्सा लेंगे तो बैठक की अध्यक्षता करेंगे।	एनदो इनि हिस्सा आउएआ तोबे बैठकरे अध्यक्षत रिकाएआ।
तुम्हें सुखी देखकर मुझे सच्चा आनंद होगा।	आमेम सुखी लेलकेआते आञ सारते माजा ठोरेआञ।
सभी गाड़ियां पहले स्टेशनों से ही भरी आती है।	सोबेन गाड़ीको सिदा स्टेशनतेगे पेरेआकान ताइना।
स्टील के बर्तनों की डिमांड बढ़ी	स्टीलरा: थाड़ीरा: डिमांड हाराजाना।
इस मोड़ के आगे का रास्ता प्रमोद जोशी	नेआ मोड़रा: आयाररा: होरा प्रमोद जोशी।
अब फिर वही हाल शुरू हो गया है।	ना: ओड़ो: नेआ हालगे एटे:जाना।
मैं कैसे मिट्टी रोज गार्डन में सैंडी तैयार नहीं?	आञ चिलकाते रोज गार्डेनरे सैंडी तैयार मेना:चि का?
यही वर्ष संत कबीर की छठी जन्मशती का भी था।	नेआ सिरमा संत कबीरआ छठा जन्मशतीर:ओ ताइकेना।
इसका हुलिया देखो ये कहां से मुजाहिद लगता है?	निआ मोचा लेलेमे नि कोता:ते मुजाहिद लेलो:गा।
राधाकुण्ड क्षेत्र में भी इसका नजारा देखा जा सकता है।	राधाकुण्ड क्षेत्ररे नेआरा नजारा लेल दाड़िओआ।
इसके सामाजिक और आर्थिक की पड़ताल जरूरी है।	नेआरा: सामाजिक ओड़ो: आर्थिकरा: पड़ताल जारुड़ु मेना:।
ये देश हैं मेरा धरा मेरी गगन मेरा	नेआ दिसुम मेना: आञा: ओते रिम्बिल आञा।
मुकुंदगढ़ में आरोपी ने कायाकल्प एजेंसी देने का झांसा दिया।	मुकुंदगढ़रे आरोपी कायाकल्प एजेंसी ओमरा: झांसा ओमला:ए।
की विधानसभा सीटों पर कांग्रेस पार्टी विजय दर्ज करेगी	विधानसभा सीटकोरे कांग्रेस पार्टी दाड़िआ।
शनि तो न्याय का अधिकारी देव ग्रह है।	शनि दो न्यायरा: अधिकारी देव ग्रह मेना:।
राम दयालु भक्त हितकारी॥ जनहित प्रगटे हरि व्रतधारी।	रामदायालु भक्त हितकारी।। जनहित प्रगटे हरि व्रतधारी।
उनका भी निर्विरोध निर्वाचन तय है।	इनकुआओ निर्विरोध निर्वाचन य मेना:।
दुमका भारतीय राज्य झारखंड का एक जिला है।	दुमका भारतीय राज्य झारखंडरा: मिआद जिला मेना:।
वे अपने चाकू बाहर निकाल लेते हैं	आए आएआ: कातु उड़ुङकेदाए।
वरना यहाँ रहकर इसका क्या बनना था?	मेनदो नेता ताइनकेआते नेआरा: चाना: बाइरा: ताइकेना।
अधिकारियों से झिड़की खाकर मैं कमरे में आ गया।	आधिकारीको:ते एराङ जोमकेआते आञ कमरारे हिजुजाना।
उन्हें भी वैश्वीकरण का लाभ मिलना चाहिऐ।	इनकुओ वैश्वीकरणरा: लाभ नाम लागातिङा।
ईश्वर ही बचाये यू पी को।	बोंङागे बांचाओएआ यूपीके।
यद्दीदयच्छवसे ऋतु प्रजात तदस्मासु द्रविणं देहि चितम्।	यद्दीदयच्छवसे ऋतु प्रजात तदस्मासु द्रविणं देहि चितम्।
हर कार्य को करने का सही वक्त होता है।	सोबेन कामि रिकरा: मिआद समय तइना।
घर में जा कर पंकजा से चाय बनाने को कहा।	ओड़ा: सेनकेआते पंकजाके चाय बाइ मेनते काजिकेदाञ।
सक्रिय रस शरीर से लाभप्रद एक मिश्रण है कि	सक्रिय रासे होड़ोमोते लाभप्रद मिआद मिश्रण मेना: चि।
बेचारा करे भी तो क्या करे।	बेचारा चाना: रिका दाड़िआ।
लुट चुकी है इस तरह दुनिया मेरी	रे:जाना ने लेका दुनिया आञा:।
दुनिया में और कोई आकर्षण नहीं उसके लिए	दुनियारे ओड़ो: जेताना आकर्षण बानो: एना: नातिन।
मेरा लिखित बयान राखी पर आकर ले जाना।	आञा: ओलाकान बयान राखीरे हिजुकेआते इदिमे।
फिर हाउसिंग सेक्टर का बूम ज़मीन पर आ गिरा।	एन तायोमते हाउसिंग सेक्टररा: बूम ओतेरे उयुजाना।
अभी मेहनत करेंगे और आगे भी मेहनत करते रहेंगे।	ना:ओ मेहनतेआले ओड़ो: अयारतेओ मेहनत रिकाएआले।
इस दौरान ज्ञान पंचमी का पर्व उत्साह से मनाया गया।	ने समय ज्ञान पंचमीरा: पर्व बेसे रासिकातेको मानातिङकेदा।
वापस आने पर बोला मेरा अपहरण हो गया था।	हिजु रुड़ाकेअते मेनजादाए आञा: अपहरण होबालेना।
देश के सब बडेबडे नेता जेल में बन्द थे।	दिसुमरा: माराङ माराङ नेताको जेलरे बन्द मेना:।
जाऊँ तो दूसरी गाड़ी से चला जाऊँ।	सेनो:रेदो एटा गाड़ीतेञ सेनो:गा।
उन्हें हमेशा तन्हा रहना ही अच्छा लगा है।	इनि सोबेन समय एसकार ताइनगे बेस ठोरेआ।
इंदौर तीन को लेकर एहतियात के निर्देश	इंदौर आपिआ आउकेआते एहतियातरा: निर्देश।
संप्रग ने उनसे पूछताछ नहीं की।	संप्रग इनिता:ते काए कुलिकेदा।
इससे गरीबों और अमीरों के बीच खाई बढ़ रही है।	नेआते गरीब ओड़ो: अमीरको:आ तालारे खाई माराङ होबाताना।
अच्छा जै राम जी की।	मार तोबे जोआर।
बचपन से नारायण पानी की तरह धन ख़र्च करता गया।	होन समयतेगे नारायण दा:लेका टाका खर्चा रिकाजाद ताइकेना।
माध्य बनने से मुक्त रखते हैं।	मतलबी बाइनते मुक्तको जोगाओएआ।
इसमें साम्यवादी दर्शन की झलक परिलक्षित होती है।	नेआ साम्यवादी दर्शनरा: मिआद झलक लेलरिकाएआ।
उन्होंने बहुत जरूरी और दिलचस्प सवाल उठाया है।	इनि बेसे जारुड़ु ओड़ो: दिलचस्प सवाल आउकेदाए।
फिर चाहे वह भारत हो या बांग्लादेश या वॉल स्ट्रीट।	मेनदो एना भारत मेना: कारेदो बांग्लादेश कारेदो वॉल स्ट्रीट।
यानी कि दो कब्रों के लिए सात सौ पाउंड।	मेनदो बारिआ होड़ो तोपा गाड़ा नातिन सात सौ पाउंड।
संगीत के दीवानों के लिए जरूरी डाउनलोड	दुराङ रासिकातान होड़ोको:आ नातिन जारुड़ु डाउनलोड।
ऐश अब अभिषेक के घर भी आने जाने लगीं।	एश ना अभिषेकआ ओड़ा:ओ सेन एटे:केदाए।
गुरुद्वारा बाबा अटल नौ मंजिला इमारत है।	गुरुद्वारा बाबा अटल नौ मंजिला इमारत मेना:।।
काम की कमी नहीं है यहां।	कामिरा: कमी बानो: नेता।
माता को फ़िर एक बार वन्दन किया।	एंगाके ओड़ो: मोसा जोआर केदाए।
मैं आप लोगों के मेल के इन्तज़ार में हूँ।	आञ अपेआ मेलरा: तांगिरे मेनाञा।
देवी का विवाह तो भगवान शिव से ही होना था।	देवीआ आड़ानदि बोङा शिवतेगे होबारा: ताइकेना।
अमला के हमले से बचे टीम इंडिया	अमलारा: हमलाते बांचाओजाना टीम इंडिया।
नियम टेक्सास उन्हें पकड़ो पोकर ऑनलाइन पोकर	नियम टेक्सास इनकु साबकोम पोकर ऑनलाइन पोकर
किसी तरह बिना टिकट ही मुंबई पहुंच गए।	जांलेका बेगर टिकटरा:गे मुंबई तेबा:केदाञ।
रैली में बादली हलके से हाजिरी जोरदार रहेगी।	रैलीरे बादली मोचकोएते हाजिरी जोरदार ताइना।
उन् होंने इस बारे में कोई संकेत भी नहीं दिए।	इनि नेआ बारेरे जाना संकेत काए: ओमकेदा।
ये अफ़गान रोहेले कहलाए और उनका शासित क्षेत्र रुहेलखंड कहलाया।	निकु अफ़गान रोहेले मेनकेदाको ओड़ो: इनकुआ शासित क्षेत्र रुहेलखंड मेनकेदाको।
शाश्वत कमाते हो उतना मैं अकेले कमा रही हूँ।	शाश्वत कमाओतानाको इमनुङ आञ एसकार कमाओजादाञ।
कुछ ने मंदिर में जाके जलाए दिए	हुड़ि़ङलेका होड़ोको मंदिर सेनकेआते टाटि जुलकेदा।
श्लेष द्रव जोड़ कार्टिलेज के लिए सबसे अधिक प्राकृतिक	श्लेष द्रव जोड़ कार्टिलेज नातिन सोबेनते सांगि। प्राकृतिक
अब सोचिये कि पत्रकार संबंध बनायेगा।	ना: उड़ुमेचि पत्रकार संबंध बाइआ।
फुल वर्षा ऋतु में फूलते हैं।	बा: जरागि समयरे बा:ओआ
वे पहले भी ऎसा कर चुके हैं।	इनकु सिदाओ नेका रिकाकेदाको।
मैं धीरे धीरे माइकल की तरफ़ आकर्षित होने लगी।	आञ माड़ि माड़िते माइकलसा: आकर्षित होबातानको ताइकेना।
अगले हफ्ते पुनः यही प्रक्रिया दोहराई जा सकती है।	अगला हफ्ता ओड़ो: प्रक्रिया खाने खानेको रिकाकेदा।
अधिगम और सूचना का विस्तार अधिक महत्वपूर्ण है।	अधिगम ओड़ो: सूचनारा: विस्तार सांगि मह्त्वपूर्ण मेना:।
मेरे सीने में धड़कती रही मिट्टी मेरी	आञा: कुड़ाम बितार रे धुकुताना हासा आञा।
मैंने उनसे ऐसी प्रतिक्रिया की आशा नहीं की थी।	आञ इनिता:ते नेका प्रक्रियारा: काञ आशाला:।
इस संवाद का नाम ईश्वर है।	ने जापागाररा: लुतुम ईश्वर मेना:।
इससे रूसी नौजवानों में एक मनोबल का संचार हुआ।	नेआतेे रूसी नौजवानको:आ मिअद मनोबलरा: संचार होबाजाना।
विधेयक में अधिकारियों की जवाबदेही तय की गई है।	विधेयकरे अधिकारीको:आ जवाबदेही बाइ केदाको।
इस प्रकार एक शक्तिशाली संगठन दो हिस्सों में बंट गया।	नेलेका मिआद शक्तिशाली संगठन बारिआ हिस्सारे हाटिङजाना।
उप्र में मोदी की कुल नौ रैलियां होने वाली हैं।	उप्ररे मोदीआ कुल नौ गोटो रैली होबाओआ।
यथासमय भरतमुनि ने उसे शास्त्रीय रूप दिया।	सेकड़ागे भरतमुनि इनि शास्त्रीय रुप ओमकेदा।
उन्होंने कहा कि किताबों के प्रकाशन में ठेका देने में	आए मेनकेदाए चि किताबको:आ प्रकाशणरे ठेका ओमरे।
हेकेटी द्वितीय और चरम सीमा का अनुपात	हेकेटी द्वितीय ओड़ो: चरम सीमारा: अनुपात।
गाइड को इण्टरनेट मूवी डेटाबेस पर देखें	गाइडके इण्टरनेट मूवी डाटाबेसरे लेलेमे।
यह हाल है ऐनवां खास के पूर्व माध्यमिक विद्यालय का।	नेआ हाल मेना: ऐनवां खासरा: सिदारा: माध्यमिक विद्यालयरा'।
हम खुश हैं कि हम आगे बढ़ रहे हैं।	आले खुश मेना:लेआ चिआचि आले आयारते सेनो:ताना।
गाजियाबाद उत्तर प्रदेश का औद्योगिक जिला है।	गाजियाबाद उत्तर प्रदेशरा:औद्योगिक जिला मेना:।
जनादेश किसी भी किस्म की गुंडागर्दी का लाइसेंस नहीं है।	जनादेश जांलेकाना गुंडागर्दी रा: लाइसेंस बानो:।
इससे उसे अपनी कमियां पता लगेंगी।	इनिकुे आएआ कामिको ठोरोआ।
सेवा करने के लिए आपका स्वागत है	सेवा रिका नातिन आपेआ स्वागत मेना:।
तुम किस सुख में हो रही डोल?	आम चाना: सुखरे होबाओतानाम डोल?
मैं उनके रुकने का इंताजार करने लगी।	आञ इनिआ: होकाओआ एनारा: तांगितान ताइकेनाञ।
अपने रास्ते से भटक आज गया हूँ	आपान होरा रिड़िङकेदाञ तिसिङ।
ऐसे नेता जिन्होंने दूसरे धर्म की महिलाओं से किया विवाह	एनलेका नेताको ओकोए एटा: धर्मको:आ कुड़िकोलो: आड़ानदिकाना
सासन के लिए आर पावर ने बदला करार	आर पावर सासनको:आ नातिन बादलीकेदा समझौता।
हित साधने के लिए दखलंदाजी कर	हित साधाओ नातिन बोलोनमे।
ताइवान के बारे में भारत में बहत कम जानकारी है।	ताइवान बारेरे भारतरे बेसे हुड़िङ जानकारी मेना:।
तुरन्त निर्भीकतापूर्वक वह वन में उस कुण्डली को मिटाने गया।	आचकागे बेगार बोरोते इनि बिररे एना: कुण्डली साफा मेनते सेनो:जाना।
को चांदी या तांबे के पंचमुखी नाग	मिआद चाँदी ओड़ो: तांबारा: मोड़े बोओ वाला बिङ।
कविता ईराक और अफ़गानिस्तान की बात भी करती है।	कविता ईराक ओड़ो: अफ़गानिस्तानरा:ओ जागाराए।
उद्योगों के लिए तकनीकी व प्रबन्ध की व्यवस्था करना।	उद्योगको:आ नातिन तकनीकी आर प्रबन्धरा: व्यवस्था रिका।
चलते हुए और भी कुछ लोगों ने	सेसेनान एटा: होड़ोको।
है झाड़ी जब तक कोई उँगलियाँ	जाना उँगली जाकेद झाड़ीको मेना:।
खुद को बहुत ज्यादा थका देने में मेरा यकीन नहीं।	आपान के सांगि लागा रिकारे आञा: भरोसा बानो:।
जैकेट्स का नया कलेक्शन यंगस्टर्स का ध्यान खींच रहा है।	जैकेट्सरा: नावा क्लेक्शन यंग्सटर्सरा: ध्यानराचा:ताना।
लगघाटी कुल्लू से पंद्रह किलोमीटर की दूरी पर स्थित है।	लगघाटी कुल्लूते पंद्रह किलोमीटर सांगिनरे मेना:।
विधवा माँ ने सिर पर हाथ फेरा हो।	विधवा एंगा बोओरे ती चापुकेदा।
इसका कुल भूगोल दिल्ली से भी कम होगा।	नेआ सोबेन मेसाकेआतेभुगोल दिल्लीतेओ: हुडिङ मेना:।
इस कारण वितरण निगम भारी घाटे में है।	इस कारण वितरण निगम बेसे घाटारे मेना:।
कयामत के अलावा और कुछ नहीं दिख रहा था।	कयामत बागेकेआते ओड़ो: जेताना का लेलो:तान ताइकेना।
कहीं डूबने की विकट लालसा है।	जांता डुंबुइरा: विकट लालसा मेना:।
मगर ईश्वर का शुक्र था कि कुछ हुआ नहीं।	मेनदो ईश्वरा: सानाङ ताइकेना चि जेताना का होबाजाना।
इनके पिता भी वाहन चालन के लाईन से जुड़े थे।	निआ आपुतेओ गाड़ी चालाओकोरे ताइकेना।
रिम ने स्मार्टफोन के फीचर को भी अपडेट किया है।	रिम स्मार्टफोनरा: फीचरको:ओ अपडेट केदा।
सिंचाई उद्देश्य के लिए जल का रासायनिक अन्वेषण	सिंचाई उद्देश्य नातिन दा:रा रासायनिक अन्वेषण
सबसे अच्छी लगी अगरसा बनाने की विधि।	सोबेनते सुकुजाना अगरसा बाइरा: विधि।
सूफ़ी जी ने सर्वोच्च शिक्षा प्राप्त की थी।	सूफी जी माराङ शिक्षा नामला:ए।
बस्तर की जनजातियों में गोंडों की संख्या सर्वाधिक है।	बस्तररा: जनजातोको:रे गोंडको:आ सोबेनते सांगि मेना:।
जिसमें पांच लोग घायल हो गए।	ओकोआरे मोड़ेआ होड़ोको गो:एजाना।
डेढ़ महीने पहले फिल्म को सर्टिफिकेशन दे दिया गया था।	डेढ़ चांडु सिदारे फिल्मके सर्टिफिकेशन ओमकेदाको।
सलोनी के चेहरे पर छायी वीरानी उसे उदास करने लगी।	सलोनीआ: मेद मुड़ा गोसो गोसोगे लेलो:तान ताइकेना।
चुनिंदा मतदान केंद्रों पर लाइव वेब कास्टिंग भी होगी।	सालाकान मतदान केंद्रकोरे लाइव वेब कास्टिंगओ होबाओआ।
सुरक्षा परिषद की स्थाई सदस्यता का झुनझुना	सुरक्षा परिषदरा: स्थाई सदस्यतारा: झुनझुना
वर्तमान में भी यह प्रकाशित हो रहा है।	नाओ नेआ प्रकाशित होबाओतना।
उसने नरम चमड़े के मूढ़ों पर बैठकर देखा।	आए लेबे: उररा: मूढ़ाकोरे दुबकेआते लेलकेदा।
विवेक के साथ इसका विकास हुआ है।	विवेकलो: निआ विकास होबाजाना।
हालात को बदलना है तो खुद को भी बदलना होगा।	हालात बादली मोनेतानरेदो सिदा आपानके बादली लागातिङा।
विमान में लालू यादव और जगन्नाथ मिश्र साथ थे।	विमानरे लालू यादव ओड़ो: जगन्नाथ मिश्र मोसातेको ताइकेना।
लेखन के अलावा आपके कौन कौन से शौक हैं?	ओल बागेकेआते आमा: चाना: चाना: शौक मेना:।
फिर डर कैसा और आत्मग्लानि कैसी।	मेनदो बोरो चानारा: ओड़ो: आत्मग्लानि चिलक।
किंतु पहले भारत में ही थे।	मेनदो सिदा भारतरेगे ताइकेना।
और काला कर लिया गया था।	ओड़ो: रिकाला:को।
साइबर अपराधियों से निपटने के लिए पुलिस ने कमर कसी	साइबर अपराधीकोते निपटाओ नातिन पुलिस मायङ कसाओकेदा।
इससे मधुमेह की बीमारी में आराम मिलेगा।	नेआते मधुमेहरा: रोगरे बेस ठोरोआ।
इससे ठंड में कमी आई है।	नेआते राबाङ हुड़िङ होबाकाना।
इससे समाज पर भी बुरा असर पड़ता है।	नेआते समाजरेओ बुरा असर होबाओआ।
भोजन में भी चावल का उपयोग किया जाता है।	मांडिरेओ चाउलिरा: इस्तेमाल होबाओआ।
कुंजबिहारी दास ने लोकगीतों की परिभाषा बताते हुए कहा	कुंजबिहारी दास आनायुम दुराङरा: परिभाषा उदुबतनलो:।
बर्फ से ढके महानगर की सड़कों और कारों पर	राताङते हारुबाकान महनगररा: होरा ओड़ो: कारको:रे।
आदि के रुप में प्रवृत्तिपरक कहा जा सकता है।	आदिके प्रवृत्ति प्रधानकाजि दाड़िओआ।
कंपनी के तौर पर एक स्वतंत्र	मिआद स्वतंत्र कंपनी लेका।
वस्त्रों और आभूषणों आदि का भण्डार।	लिजा ओड़ो: साम्पोड़ो: आदिरा: भण्डार।
लेकिन परीक्षा देने के बाद वह अपने घर नहीं पहुंचा।	मेनदो परीक्षा ओम तायोमते इनि अएआ ओड़ा: काए तेबा:केदा।
इसलिये वह वियाना से वापस अमेरिका चली गयी।	एना मेनते इनि वियानाते अमेरिका रुड़ाजानाए।
यदि किसी प्रिय मित्र के आने का	मेनदो जांए प्रिय सोंगे हिजुजानरे।
सामने से लात मारना भी कोई बात है।	सानामाङते फादारेओ: जान जान जगार मेना:।
इसलिए मेरी लेखनी में त्रुटी हो टू मुझे माफ़ करेंगे।	एना मेनते ओलाकानरे जाना त्रुटि होबाजानरे माफमे।
हुसैन द्वारा पत्रिका के लिए बनाई गई पेंटिंग प्रकाशित है।	हुसैनसा:ते पत्रिका नातिन बाइआकान पेंटिंग प्रकाशित मेना:।
तोड़ना यानि खुद को मौजूद रखना।	ओद् कारेदो इनि एनता रे ताइन।
मैं अस्थिरता की आराधना में डूब जाता हूं।	अइड का अस्थिर रेआ उडुः कोरा बोंगा रे इुनुः इ कन तइकेना।
राजनीतिक महत्वाकांक्षा सनक में बदल गई लगती है।	राजनीति रेआ उडुः विचार की खदख रे बदलि जना।
हमे आदत पड़ चुकी है हमेशा गुलाम रहने की।	अइड ऐटाः निआः चेतन रे तइन रेआ आदत बइजना
उसी दिन अमित का जन्म दिन था।	सन हुलड गे अमित आः जोनोम दिन तइकेन।
अपने साथी कल ही तो इन्दौर से उज्जैन आये थे।	अवुआः सोगे को होला गे इन्दौर ते उज्जैन को हिज्जु कना।
फर्म के गठन के लिए सक्षम बनाना।	फर्म बइ नगेन पेड़े बइ लगातिडन।
इससे होता यह है कि आपका दिमाग दूषित नहीं होता।	नेआ ते दिमाग रे जान जेतन एद्का जगर को का हिजुगा।
साथ ही मानवाधिकार के लिए खड़ा होगा।	मानवधिकार नगेन तिगुन होनाः अ।
झड़ने के बाद हम दोनों सुस्त होकर लेट गए।	एपे रड़ ते लगाजन अलिड गितिः जना।
मुझको नींद नहीं आती है।	अइड दुडुम कम दडिआ।
वह कुछ ही टेलीविजन भूमिकाओं था और विपरीत स्टीफन तलना	इनि तरा मरा टेलिविजन रेआः कमि कोरे तइकेना स्टीफन
शाम को काम से लौटने पर दोनों नहाते।	अयुन साः कमिआते बरन किड लड डेबेला।
मेरा भी तो कुछ हक बनता है।	अइडनः ओ दुड हुडिउ लेका हिस्सा देा बइतना।
पाक से बड़ी संख्या में पलायन कर रहे हिन्दू	पाकिस्तान आने रुस पुराः हिन्दु होड़ो को सेनो: तना।
ऐसे में आप बिजनेस को कैसे आगे लेकर जाएंगी?	नेका रे अम वावपर अपरते चिलकम हरा इदिया।
इस दिन यहां खीर जरूर बनती है।	ने हुलड नेता रे ग तोवा मडि जरुडु नइः ओ तन गेआ।
सो हमारी यूनियन ने उसकी यह बेजा माँग नहीं मानी।	अहुआः संगठन इनकुआ बेगर माने रआ जगर कको मनातिड़ केदा
छठे दिन मेरे आज्ञाचक्र में कम्पन होने लगा था।	छठा दिन हलांग आज्ञा चक्र एकला तन तइकेना
हमें भी अपनों में ही एक समझिए।	अबु-अबु दो मोयोद गे बु
कल मिलते हैं एक नए आलेख के साथ।	गपा वु नपामा एटाः ओनोल को लोः।
हमारी भी बधाई व शुभकामनायें स्वीकार करें।	अलेआ बुगिन गीआरो तेला केम
कैसे? फोटोस्टेट पेज के दूसरी तरफ ये विज्ञापन देते हैं।	चिलका ते फोटोस्टेट सकमाते एटा: सा: रे कजि को ओम जदा
दिन ब दिन कुनबा बिखरता ही गया।	जनव जनव ते हातु अद् इदि जना
छत्तीसगढ़ में पीतांबर उसका बड़ा एजेंट था।	छत्तीसगढ़ रे पितांबर एनारेन मरंग एजेंट तइकेना
बच्चों की डरावनी पार्टियां होती हैं।	होन कोआ: बोरोए लेकन पार्टी
अमूमन तो मैं लैपटॉप से भिड़ा रहता हूं।	अइंग लैपटॉप तेगे कमितानाइंग
हमारी बनिस्बत जानवर किन्हीं मामलों में ज़्यादा आज़ाद है।	अबुआ: ते पुरा: दो जानवर को पुरा गे आजादी मेना:
नई जिंदगी के लिए जूझते अफगान	नवा जि नम नगेन उड़ु टो:आ कना अफगान
इष्ट की दृष्टि ही अपने काम की होती है।	भगवान लेपेल उंबु गे कमि रे हिज: तना
नगर स्थापना दिवस की प्रचार सामग्री का लोकार्पण	नगर रोनोआ हुलंग रेआ प्रचार जिनिस कोरा: एनेटे:
क् या मुझे उबुंटू आजमाना चाहिए।	चिलका आइंग उबुंटू अगम लगातिंगा
असम के अखिल गोगटे को जेल भेज दिया गया।	जेल को कुल किया: असम रेन अखिल गोग
सुबह नाश्ते में एक लड्डू खाकर दूध पीएं।	सेता: लोआड़ि रे लड़ु जोम केआते तोवाइंग नु केदा
उसने अपने आप को अमेरिकी इंजीनियर और मानवीय एल रॉन	इनि: अए: गे अमेरिका रेन इंजीनियर मनातिंडकन एल राॅन
चक्रवात में मात्र कोठानदारा स्वामी जी का मंदिर बचा है।	होयो दुदगर रे कुठानदारा स्वामी मंदिर बइरि सरे: जना
उस घर में पहली बार उन्होंने सुनयना को आमंत्रित किया।	एना ओड़ा: रे इनकिन सिदा उतर सुनैना बइरि न्योता किआ
सवाल ज़िन्दगी के टालना नहीं अच्छा	जिनिद् रेआ: सवाल को मना का लगातिंगा
एक बार उसे वहां से भगा दिया गया था।	मोसा एनता: ते इनि: को हर गिड़ि लिआ:
को अपना उद्यम लगवाने मे और उनके	अपना: अद् इनकुआ: उद्यम लगाव रे
इसके दो बहुत साफ कारण थे।	नेआ रेआ बरिआ उरूमो: लेकन कारण को ताइकेना
स्थानीय स्तर पर पंचायतें भी हल निकाल सकती हैं।	हातु टोला कोरेआ पंचायत रेओ गे सनाला उड़ुंग दड़िओअ
लेकिन प्रभात अखबार अपने उद्देश्य में कामयाब नहीं हो पाया।	मेनदो प्रभात अखबार अयगा: कजि कमि कोरे काए: नम दडिजना
चाँद की चाह में ललक से उछलती	चंड़ु सब नगेन खुड़िल मोने जा: इआ।
उगाही करने वाले पुलिसकर्मियों के खिलाफ कड़ी कार्रवाई की जाएगी।	टका जोम पुलिस को नगेन कार्यवाही होबा दड़ि: ओआ
यह खासतौर पर साधना में ज्यादा होता है।	नेआको पुरा: गे रेदो बोंगा बुरू रे होबा गरंङ तना
अक्षत संग वह लाल रोरी।	अक्षत लो: ते इनि: अरा: रोरी
रांझा हीर के घर चला आया।	रांझा हीरा: ओड़ा: हिजु: जना
निर्देशक इशराक शाह का राजस्थान प्रेम	निर्देशक इशराक शाह रा: राजस्थान दुलाडंआ
नई पत्तियों को खाने पर सममित छेद दिखाई देते है।	नावा सकम जोय लेरे बु:उ: लेलोगा
कम से कम कोई डाँटने वाला तो था।	कोम ते कोम ओकोए एरङ नि: दो तइकेना
भारत हम सब को बचाने वाला स्पाँज है	भारत अबु बंचव मेनते स्पॉज मेना:इ।
लेकिन यह नई बात नहीं है।	मेनदो नेआ नवा जगर का तनाः।
उन्होंने कहा कि यह किसी षडयंत्र का हिस्सा है।	इनकु कजि केदा चि नैआ मोयोद संयत्र काः कजि तना।
फ़िर सदगुरु की प्राप्ति हो जाय।	एनाते सदगुरू नमोः काए।
इलाज पर उन्होंने दखल जमा लिया था।	रनु रिका रे इनकु दखल को बइकेदा।
यह फिल्म हिंदी और अंग्रेजी में बनाई जा रही है।	नेआ फिल्म हिन्दी ओड़ो अंग्रेजी रे बइओः तना।
उनके स्थानांतरण के बाद से पद खाली पड़ा हुआ है।	इनि बदली जनाते एनता रे पद खाली गेआ।
यह धन नेशनल चैरिटी के लिए उसने उगाहा था।	नेआ टका नेशनल चैरिटी मेनते जमा लाःए।
यहाँ विशेष रूस से पशु पालन का कारबार होता है।	नेताः रे खास लेकाते उरिः मेरोम को असुल कमि को होनाःओ तना।
तेलंगाना समर्थकों का हैदराबाद में प्रदर्शन	तेलगांना देंगा कोआः हैदराबाद रे प्रदर्शन।
इससे अधिक कोलीफार्म होने पर पानी दूषित कहा जाता है।	दाः रे कोलीफार्म नेआते पुरा जन रे दा नुए लेका का तइना।
इसके बावजूद खुश वे भी नहीं थीं।	नेका रेओ इनिः का सुकु किआ।
बिना इस ध्यान दिए भीड़ का सम्प्रत्ययन अधूरा होगा।	नेआ बेगर धयान केआते संप्रत्ययन फालतु गेआ
उसके बिना किसी की भी रचना नहीं हुई।	एना बेगर जाना का बइआकना।
मिठाई की हकदार तो प्रकृति है।	मेठाइ को रे आः हिस्सा दो ओते एङा।
ग्रह शान्ति के लिये नित्य भगवान शिव की उपासना करें।	गारा को बुगि मेनते भगवान शिवअः बोंगा बुरू लगातिंगा।
ऐसा क्यों हुआ और क्यों हो रहा है?	नेका चिलका ते होबा अर चना रआ होबाःओ तना।
भाई संगत सिंह के जन्मदिवस पर समागम	बोकोतेे संगत सिह अः जोनोम दिन रे दुनुब।
आपने लिखा है कि झ देवनागरी का एक वर्ण है।	अमेम ओला कदा चि झ मोयोद देवनागरी लिपि रेआ वानि तना।
जैसे की जयराम और थरुर पहले ही कर चुके हैं।	चिलका ते/एनाका दो चि जयराम ओड़ो थरूर सिदा रेगे किन कमि तद् तइकेना।
मुफ्त पोर्टफोलियो वेबसाइट टेम्पलेट डाउनलोड करें	बेगर टका ते पोर्टफोलियो बेबसाइट टेम्पलेट डाउनलोड होबाः ओव।
दोस्तों के साथ रहने से फायदा हो सकता है।	सोंगे को लोः तइन रे फायदा बु नम दड़िअ।
वे राजनीतिज्ञ भी हैं और धर्मगुरु भी।	इनि राजनीति रेओ मेनाःइ अर धोरोम गुरू कजिओ तना।
काबे की परिक्रमा हर समय जारी रहती है।	काबे रे अतोम अतोम ते बियुर बेड़ाकन तइना।
जिसको एसडीएम ने गंभीरता से लेते हुए कार्रवाई किया।	नेआको एसडीएम उडुः गरङ केआते कार्यबाई केदा।
रावण की उद्दण्डता में कमी नहीं आई।	रावण तकिनाः कपाजि रे का कोम जना।
अपन वहाँ पहुँच गए और किसी रिपोर्टर ने	अइङ एना तेनाः केदा अर मोयोद रिपोर्टर उदुब केदाए।
के हीथ्रो हवाई अड्डे से टैक्सी	हीथ्रो हवाई अड्डा ते टैक्सी
बेडरूम में बेकार सामान नहीं होना चाहिए।	गितिः ओड़ा रे फालतु जिनिस को का तइन लगातिईन।
बल्कि एक्शन फिल्मों पर ज्यादा खर्चा करना चाहता है।	मेनदो एक्शन फिल्म कोरे पुराः खर्चा लगातिईन।
इस फिल्म में उनके नृत्य कला की सबने तारीफ की।	नेआ फिल्म रे इनि इनिःअ सुसुन रआ इसु पुराः सुकु होबा जना।
शायद उन्हे लड़कियों की क्षमता पर पूरा भरोसा नहीं था।	होना दड़िओः इनिः कुड़ि होन कोआः पेईः रे विश्वास का तइकेना।
मुकुट चढाने की पुरानी परमपरा थी।	सिदा रे मुकुट तुसिङ रेआः मुनु चोलोन तइकेना।
कानपुर में अगवा कर छात्रा से किया रेप	कानपुर रे पढ़ाव कुड़ि होन अरकिद केआते रेप किआः।
इतने पर भी न सुधरें तब फिर आगे देखना।	निमनुङ रे काएः बुजन रेदो अयर ते लेलोः का।
सांझी पूर्ण होने पर उसकी आरती करती है।	सांझी पुरा जनरे एना रेआ को आरतीअ।
सभी दर्शन अनुमान को ज्ञानप्राप्ति का एक साधन मानते हैं।	सोबेन को लेल रेआ ओनमान ज्ञान प्राप्ती रेआ साधन को मनातिङ।
स्कूल में टिफिन भी नही छुआ।	स्कूल रे टिफिन का होबा जना।
यही तो अहिंसा का हृदय है।	नेआ गे अहिंसा रेआ मुनु टयद् तनः।
ये भ्रष्टाचार कभी ठीक नहीं हो सकता।	नेआ भ्रष्ष्टाचार जा हुलङ का बइ दड़िओःअ।
एलयू में शिक्षकों को छुट्टियों की सौगात	एलयू रे मास्टर को छुट्टि को नमेया।
अपने अनुयायियों को उनका संदेश था।	अपआः चेला को इनिःअ कजि को नम केदा।
इन सब बातों को ध्यान में रखना जरुरी है।	ने लेकन जगर को जी रेआः जरूढु मेनाः।
हिन्दुस्तान इसके लिए तैयार नहीं हुआ तो	हिन्दुस्तान नेआराः नगेन काःए तेआरेन जन रे दो।
ये तो रहे हमारे नये साल के किस्से।	नेआ दो होबा जना नवा सिरमा रेआ किस्सा।
अस्पताल ले जाते समय इन तीनों की मौत हो गई।	अस्पताल इदि जा को लेा गे अपि होड़ो सोबेन को गोःए जना।
क्या आप मेरी आवाज़ सुन पा रहे हैं दीपक जी?	चिलका अइङाः जगरएम अयुम दड़ितना दीपक जी।
आतंकियों के आत्मघाती हमले अमेरिका की आंखें खोल दीं।	आतंकि कोआः अब नोः गोपोःए अमेरिका उरूम केदाःए।
पर पाबला जी का इस परिसर का अनुभव शानदार निकला।	पाबला जोअः अनुभव ने ओड़ा रेआ इसु पुराः सुगड़ा उनुरूम जना।
ऐसी कथा सदा से प्रचलित थी।	ने लेकन कानि को सिदा तेगे अयुमाकन तइकेना।
चलाते हें रिक्शा बोलते हैं विलायती	रिक्शा चलवा तना मेनदो बिलायती को जगर तना।
सच बताऊं तो आजकल देश में कांडा ही कांडा है।	सरते उदुबे रेदो ने सोमोए दिसुम रे कांड़ा बइरी गेआ।
याकोब्सन ने भाषा के अनेक प्रकार्यों की चर्चा की।	ष्याकोब्सन इसु पुराः भाष्षा को रआ चर्चा केदा।ष्
फतवा देने वाले मौलवी को गिरफ्तार कर लिया गया है।	फतवा ओम मौलवी जेल को कुल किआ।
या कोई चोट लग गयी है।	चिलका जानाः ते टोओः जनाए चि।
वे काली के परम भक्त थे।	इनिः काली पुराः गे बोंगा तन तइकेना।
मनमोहन ने पंद्रह अक्टूबर को बुश से क्या कहा।	मनमोहन 15 अक्टूबर हुलङ बुश लोः चनाःए जगर केना।
यह तस्वीर सिर्फ आंखें खोलने के लिए है।	नेआ फोटो उनुदुब बइरि नगेन।
चिडि़या उनको एक घने वन में ले गई।	चेड़े इनकु मरङ बिर ते इदि केः कोआ।
उसकी इच्छा पूर्ण हो गई और वह	इनिः उनुदुः पुरा जना।
हमें तो आज तक मालूम नहीं हुआ।	अले दो नाः जकेद कले इतुआना।
उसमें हम दखलंदाजी पसंद नहीं करते।	नेआ रे अइङ हिस्सा बट्टा कइङ सुकुतना।
राम आसरा मुझे शिवजी की तरह लगने लगता।	राम आसरा अइंग शिवाजी लेका अटकरिआ।
इस नेक काम के लिये साधुवाद।	नेआ बुगिन कमि नगेन पुरा: गे जोआर
इसलिए पुरुषार्थ किए बिना भाग्य का निर्माण नहीं हो सकता।	एना मेनते बेगर पुरुषार्थ ते अयर रेआ बइन का होबा: ओआ
ढूँढ़ने पर भी नहीं मिलती दुनिया में दोस्ती	दड़ा कोरेओ का नमोगा दुनिया रे सोंगे
अब सूरज पंचोली ने अपनी चुप्पी तोड़ी है।	निमतंङ सूरज पंचोली सिदा रेआ: हपे होका केदा
मेरी दृष्टि में ये स्वदेशी व्यंग्य है।	अइंगा: लेनेल रे नेआको अबुआ: दिसुम रा: जोम नु तना:
में स्वयं को फनीथिंग मानने से भी इंकार किया।	इनि: अए: तेगे होसोड़ो जगर रेआ मनातिंग को काए: पतिआए जना।
कृपया मेरा वाला साबुन दें दे।	अरजि तनाइंग चि अंइगा साबुन ओमांइग मे
बिजली उत्पादन में रिकार्ड बढ़ोत्तरी हुई है।	बिजली पैदा रे सिदा ते संगि जना
साइना ने लय कायम रखते हुए पहला गेम जीत लिया।	साइना सिदा रेआ: लय ते एटे: रआ: इनुंग दड़िजना।
शनिवार को प्रधानमंत्री मनमोहन सिंह जयपुर और अजमेर आएंगे।	शनिवार हुलंग प्रधानमंत्री मनमोहन सिंह जयपुर अर अजमेर सेनोगा:ए।
का मतलब है कि इस प्रयोग में अभिव्यक्ति	नेआ रा: माने चि नेआ रा: प्रयोग रेगे कजि कमि को मेना:
पर सहीपन की परम्परा नहीं बन पायी।	सरते कजि को रेआ: चोलोन का बइ जना।
इस बीच तीन अनशनकारियों की तबियत बिगड़ने लगी है।	नेआ तला रेगे अपिआ अनशनकारि कोआ: रुआ जनाको
और वह धारणा अत्यंत सही है।	एना कजि पुरा: गे सरते कजि।
बच्चों की परीक्षा का परिणाम आया है।	होन कोआ: परीक्षा रा: परिणाम को नम केदा।
पढ़ें लोग घर में व्यापार आधारित रुचि रखते हैं	पड़ावकन होड़ोको ओड़ा: रे व्यापार रेआ जुलुंग क़ जोगावया
लैंगिक असंतुलन में अभी बात ज्यादा बिगड़ी नहीं है।	लिंग कोरेअ: का बरबरी ना: सनते दो पुरा दो का बगड़वाकना
अच्छे लोगों की आंखों में चमक है	बुगिन होड़ो कोआ: मेद् रे जुल मेना:
ऐसा हमारे साथ अक्सर होता है।	अइग लो:ते‌नेका कने कने होबा:ओ तना।
उसकी व्यथा और व्याकुलता स्पष्ट है।	इनि: दुकु ओड़ोः उडु लेल उरूमो तन गेआ।
वह उसके खिलाफ जोर दार प्रचार कर रही थी।	इनिः अयाः विरोध में पुरानगे और प्रचार बेड़ा तना ।
इन पर सामाजिक ढांचे को बनाए रखने की जिम्मेदारी है।	नेआ रे समाज रेआ बुटा बइ रेआ जरुडु मेना। ।
जाम्भोजी महाराज का भ्रमण व्यापक था।	जाम्भोजी महाराज्या : होने बेड़ा जिलिङ् चकर तड़्केना।
घर वालों को एक दिन पता चल ही गया।	ओड़ा: रेन को मुसिङ दो को स्टु केद गेआ।
दोनों तरफ आग लग चुकी थी।	बरन सा सेंगेल ते लो उतर जना।
तुम अपनी पहचान लिंग से परे आत्मा से करो।	अम अमा : उरू लिंग तेदो का आत्मा ते उरूमेम।
वे विविध भूमिकाओं को जीवंत करने की ख्वाहिश रखती हैं।	इसकिन अकिनाः बरन बरन भूमिका रेआ बुगिन जीद कुमु जोगवतना।
अभी कानून इस बात को कम	निमतङ कानुन नेआ जगर रेआ हुड्ङि।
बहुत सुन्दर व भक्तिमय रचना है।	इसु सुगड़ा ओड़ो बोंगा बुरूअन रचना को।
आप अपने क्रेडिट स्कोर कैसे सुधार सकता हूँ?	अइड अइंग : क्रेडिट स्कोर चिलका बइ रूड़ाएङ।
इसके तहत समलैंगिकता को आपराधिक दर्जा दिया गया है।	"ने
आ रेआ ते समलैंगिकता आपराधिक दर्जा को ओमा किया।"
वह बुधवार को प्रेसवार्ता को संबोधित कर रहे थे।	इनि : बुधवार हुलड प्रेसवार्ता रे जगर तन तइकेना।
वीडियो बादल पांचवीं बार लेंगे सीएम पद की शपथ	वीडियो बादल मोड़ मुख्यमंत्री बइ:ओ रेखा शपथ अगु केदा।
सबसे अच्छा दवाओं को खरीदने के लिए	सोबेनाते बुगिन रानुको किरिङ नगेन
ई अवशेष दरभंगा आ दिल्ली म्यूजियम में रखे गॆल अछि।	नेआ अवशेष दरभंगा ओड़ो: दिल्ली यूजियम रे जोगाय कना /
इससे अलग 3 प्रदर्शक केंद्र हैं	नेआते एटआ : अपिया प्रदर्शक बुटा मेना:
मेरा यह कंचन का पेड़ तो यहीं छूट जाएगा।	अइंगा: नेआ कंचन नेता: रेगे बगेओआ:
तो मैंनेउसको दरवाजा बन्द करनेको कहा।	दो अइंग इनि दुअर हंड़ेद कजि किया।
मंगलवार को वित्त विधेयक लोकसभा में बिना बहस पारित हुआ।	मंगलवार हुलगे वित्त विधेयक बेगर विरोध तेगे सला जना।
भाई स्कूल जाने काबिल हुए तो उन्हें भी स्कूल छोड़ा।	बोको कोड़ा पढ़च लेका होना जन चि इनिःओं को इदि तुका किआ
दस पांच की मिठाई उनके लिए बहुत होगी।	दस पाँच टका रेआ मेटाइ इनिअ नमेन पुरा : होओं होबाओआ गेआ
फिर वेणु हमें छोड़ने सड़क तक आया।	ओड़ो : वेण्णु अले होरा जफेद अउ तुका ; लेआ
अक्सर वो समलिंगी भी हो जाती हैं।	कने कने रजि : समलिंगी बङ्गाअ।
मेड़ों पर उगी काँस की गठीली	अड़ेि रे तसद को ओमोना बना।
या बेनजीर का पति आसिफ जरदारी।	निबेनजीर तकिनार किसन आसिफ जरदारी
अधिकारी स्थानीय प्रशासन के प्रबंधों से संतुष्ट है।	सयोन को एज टयद रेआ तइन बइन ते रसिक मेना : कोआ।
सचिन ने शारदाश्रम विद्यामंदिर में अपनी शिक्षा ग्रहण की।	सचिन तकिन शारदाश्रम विद्यामंदिर रेकिन पदव केना।
कई शहरों में आगजनी और लूटपाट की खबरें भी है।	चिमनङ नै शहर कोरे जुलतन लेका रेपे रेमा खसर मेना।
बाघ शेर की भाँति निडर पशु	कुला सिंग बुला लेका का बोरी जानवर तनि :
कहानियाँ एक बार में लिखी गई हैं।	। कहानिको मिसा रेगे ओला कना
सऊदी महिलाएँ हमेशा परदे में ही बाहर निकलती हैं	सऊदी रेन कुडिको जनाव हुलंग गुगला कनाते गे एटा : सा: को उड़गो: तना।
इस तरह इस राग में यह संगति ही महत्वपूर्ण हैं।	ने लेका राग रेगे जोटो : मेना :
एक चक्र है जो अनवरत चलता रहता है।	मोयो चक्र मेना : एना जमाव हुलङ बियुराकन इना।
के लोग भी आगे पीछे लगे थे।	एनरेन होड़ो को असर तयोम को तड्केमा
आशा का नामो निशान नहीं।	असर : रेआ: बनो :
कोई दूसरा रास्ता नजर भी नहीं आता था।	ओहो : एटा : होरा गे का लेलो: तन तइकेना
लोगों का क्या रवैया था?	होड़ो को आ : कना : उडु : तड़केना?
तीन बोटों पर नौ आतंकी कराची से चले थे।	अघिय डोंगा कोर अरया होड़ो आंतकी को कराचि तेको सेन एटे: ला:
उन्होंने कहा कि मेरा बेटा सरोगेट बेबी है।	इमकिन मेन केदा चि अलिङ्ग होन कोड़ा मोद  सेरोगेट होन तनि:
एक वर्ष में दो विवाह किए।	मोद सिम रेगे बरसा अहंदि जना।
जिसमें सभी धर्मों के अमन पसंद पेशवा शिरक्त करेंगे।	ओकोन रें सोबेन धरम रे सुनु रसिका ओड़ो: सुकुआन पेशवा होड़ोको गे ताइना।
वे कांग्रेस अध्यक्ष सोनिया गांधी के अत्यंत करीब रही	इनि कांग्रेस अध्यक्ष सोनिया गांधी अ इस पुराः रिनि: तइकेना।
अंतराष्टीय हिन्दू वैयकि्तक विधि परिषद भारत	अंतराष्ट्रीय हिन्दु वैयक्तिक विधि परिषद भारत
अब वे शहर में दाखिल होने लगे थे।	शहर रे को बोलोतन तइकेना।
दहेज मा होड़ औ बिंदु कहां	दहेज मोयोद ओम लपा: लेकन जिनिस तना:।
इससे आगे चले तो एक मन्दिर मिला।	नेआ रे अयर ते सेन जना दो मंदिर नम जना।
लेनिन ने देशव्यापी नवदलित आंदलन शुरू किया है।	लेनिन गोटा दिसुम रे नवादलित आंदोलन एटे: लाए:
यहां हैं आरोही स्कूल जिले में आरोही स्कूल पांच हैं।	जिला रे मोड़आ आरोही स्कूलको मेना :।
मीना और विजय के बीच झगड़े शुरु हो गये।	मीना ओड़ो विजय तकिन तला रे एपङ सिरजब जना।
इससे साफ जाहिर होता है कि दोनों की मिलीभगत है।	नेआ ते सरते जे ठोरो : तना चि निकिन जमाकमा .
।।।मिक्स सोंग काटने को दौड़ रहे थे।	जमाकन दूरङ् को का सुकुअन लेका तड़के ना।
पुलिस ने प्राथमिकी दर्ज कर जांच शुरू कर दी है।	पुलिस को प्राथमिकी दर्ज केआ एटे : केदा को
आय के नये स्रोत प्राप्त होंगे।	उदम रेआ: नवा होरा नम होबा : ओअ।
एक आवारा बिल्ली जिसे मैंने पाला था।	मियद् टुआर पुसि अइंग असुल ता: इ तइकेन
उसकी बुद्धि पर तरस आता है।	इनि:अ सेंड़ा रे उड़ु: गे ठोरो:आ
भारी बारिश से नदियों का जलस्तर बढा है।	अइंग एक्सट्रैक्ट ओड़ो: नॉन रियलिस्टिक मूर्ति को बइआकोआइंग।
मैं एक्सटै्रक्ट और नॉन रियलिस्टिक कलाकृतियां बनाता हूं।	पुरा: दा: गमाते गड़ा रे दा: पेरे: जना।
पर अब सब नाराज हैं।	निमतंग अपे सोबेन को हुड़िग जि जना।
बाद की छत्रियां पूरी संगमरमर की बनी हैं।	तयोम रेआ: चतोम को संगमरमर रेआ: बइआकना।
स्वं स्वं चरित्रां शिक्षेरन् पृथिव्यां सर्व मानवा	सोबेन चरित्र रा: शिक्षा को ओते एंगा सोबेन मानवाकोआ:
लईक बाहर निकल गया और सहुआइन के घर चला गया।	लाइक बाहर ते सेनो: जानाए ओड़ो: सहुआइन अ: ओड़ा सेनो: जनाए
यह फिल्म हिंदी के अलावा अंग्रेजी में भी रिलीज होगी।	नेआ फिल्म हिंदी यते इंग्लिश रेओगे रिलीज होबा:ओव।
इस समय उसका इलाज ब्रिटेन में चल रहा है।	ने सोमय इनि:अ रानु ब्रिटेन रे सेसेन तना।
उनके दर्शन मात्र से ही आनंद की अनुभूति होती थी।	इनि लेल कि रेगे जि रे रसिका बोलो तन ताइकेना।
दोनों का त्याग देश और समाज के लिए बेजोड़ है।	बरना: रेआ: बागे दिसुम ओड़ो: समाज नगेन इसु पुरा बुगिना।
जनार्दन के दाईं तरफ कुँअर साहब बैठे थे।	जनार्दन तकिना: जोमसा: रे कुअंर सायोब दुबाकन तइकेना।
गुब्बारे वाला उसका मूल्य बीस रुपये आंक रहा था।	गुब्बारा अकरिंग तनि: गुब्बारा रेआ गोनोङ उदुब जद् तइकेना।
इस प्रकार वह टूट चुके पिता को बचा लेती है।	ने लेका इनि दुकु ते बलय चबाकन अपु बनचव कि:अ: होनगं।
हम किसी के साथ अन्याय नहीं करेंगे।	अइंङ जेताए लो: एदकन कमि काइङ रिकाया।
सर्फिंग में शुद्ध पाया है मैं	सर्फिंग रे आइंङ नम केदाइंग।
एक बार हम बच्चों ने उन्हें	मुसिगं अले होनको लो: ते इनकु।
यह मार्ग खतरनाक स्थानों से गुजरता है।	नेआ होरा बेसे खतरनाक टयद् कोते बियुरो:व।
राज्य स्तरीय कर परामर्शदात्री समिति की बैठक आज	राज्य रेआ: स्तरीय परामर्श दात्री रेया: दुनुब।
सौर ब्रह्माण्ड किरणो से अधिक होती है।	सौर ब्रह्मांड किरण जेटेआते सांगि गे तइना।
कुछ देर तक इंतजार के बाद हम घर चले आये।	हुड़िंग लेका हेड़ा तांगि केन चि अले ओड़ा: ले हिजु: जना।
ग्रीष्मकाल में इस क्रीडा द्वारा कितना अधिक मनोरंजन किया	जेटे सिंगि नेआ इनुगं ते चिमुन ले रसिका जना।
सोचा आपको भी झेला दी जाये।	उड़ु तनाइङ चि अमो होनांग टो:ओ: कोरे।
वह तो व्यंग्य बाण ऐसे भी फैंकेंगे।	इनि दो‌ हेंदो जगर को एनकागे जगरेअ।
वात्स्यायन जी का तमतमाया हुआ चेहरा देखने क़ाबिल था।	वात्स्यानन तकिना: मेद् मुड़ा रेआ: कदरव लेल उरुमो: लेका गे तइकेना।
उस समय बट्ट एक रन के स्कोर पर थे।	इमतंग बट्ट मोयोद रन रेआ स्कोर रे ताइकेना।
इसलिए आपको अंग्रेजी के बारे में थोड़ी जानकारी होनी चाहिए।	नेआ नगेन ते अम हुड़ि: लेका अंग्रेजी इतुन जरूड़ु गे लगातिंआ।
श्री सदगुरूदेव जी ही परबृह्म हैं।	श्री सदगुरु देव गे परम ब्रह्म तनि:
हा निर्लज्ज प्राण तुम अब भी क्यों नहीं निकलते।	निमतंगो का गिउ:अन जि काए उड़ुंगो: तना।
लड़का अपनी खीज भी उसपर निकालने लगता है।	कोड़ा होन अएआ: खींस एटा: नि रे उड़ुंग जदाए।
गोदरेज ने पेश की नई रेफ्रिजरेटर	गोदरेज नवा रेफ्रिजरेटर उड़ुग केदा:ए।
ऐसे में उसे क्या हक़ था जीने का।	नेका रे चना: हिस्सा तइकेना जिदेन रआ:
बाँस की बाँसुरी और पण्डित हरिप्रसाद चौरसिया	मंद् रेआ: रूतु ओड़ो: हरिप्रसाद चौरसिया।
नौनिहाल सिंह एसएसपी के एसएसपी ही हैं।	नौनिहाल सिंह एसएसपी रेआ एसएसपी मेना:इ।
पूरा खुलासा रिपोर्ट में ही किया जाएगा।	सोबेन खुलासा रिपोर्ट रेगे रिका:ओव।
इसे सिद्धांतो की राजनीति कतई नहीं कहा जा सकता।	नेआ सिद्धान्त रेआ: राजनीति चिउलाव का कजिओ तना।
हम अगर आम हैं तो वह ख़ास।	जदि अइंग अंव होड़ो रेदो इनि खास
इन हसीनों के भंवर में ना पड़ बन्दे	होड़ोको ने सुगड़ा कुड़ि जला रे अलोका तइओ:का।
विद्याधनका दान देने से विद्या बढती है।	सेड़ा रेआ दान ओम लेरे सेंड़ा संगिओव।
मैं खुद एक समस्या में हूँ।	अइंअ अइंग रेगे बलय रे मेना:इंगा।
भोपाल पहुंचते ही कार्रवाई की सिफारिश	भोपाल तेबा: लो:गे कार्यवाही रेआ: पैरवी केदा।
अमेरिका ने दाउद के खास खातमदारों पर प्रतिबंध लगाया	अमेरिका दाऊद तकिना: खातमदार को नगेन होरा किन केसेद् केदा।
यूँ ही हाथों को फैला के रह जाएँगे	एनका गे ति अतंगाकन गे ताइना।
पुत्र से भी लाभ मिलने के योग बनते है।	कोड़ा होना तेओ फायदा नमो: रेआ होरा बइ:ओ तना।
भाई ज् यादह म्ठिाई खाई तो मेरे जैसे हो जाओगे।	हगा पुरा: मेटाइ जोम के रे अइंगं लेका होबा:ओअम।
और इस पर मक्खियाँ भिनभिना रही थीं।	ओड़ो: नेआ रे रोको को बियुर बेड़ातन ताइकेना।
इस सप्ताह प्रकृति अच्छे अवसर प्रदान कर रही है।	ने हफता ओते एंगा बुगि लेकन असराए ओम जदाए।
इससे संबंधित एक उत्तरकांड भी प्राप्त है	नेआ ते संबंध मियद उततरकांड नमाकना।
इस बीच नवानी बाहर चला गया था।	ने तला रे नवानी एटा: सा: सेनाकन ताइकेना‌।
इसमें बाइस कैरेट सोना होता है।	नेआ रे हिसि बरिय सोना ताइना।
वे जनमानस के साथ जुड नहीं सके।	इनि संगि होड़ोको लो: का:ए जमा दड़ि जना।
भाजपा के पास मुद्दों का पिटारा है।	भाजपा ता: इसु पुरा: मुद्दा को मेना:।
बताई है वो कहा पर मिलेगी	उदुब केदाए चि इनि कोता: रे नमोगाए।
तकनीकी बोल रहा है यह एक	नेआ मोयोद तकनीकी जगर तना:।
ऐसे में उ्हें जमानत नहीं मिलनी चाहिए।	नेका रे इनि जमानत का नमो: लगातिंगा।
हम क्या इतालवी व्यक्तियों के रूप में करते हैं?	इटली रेन होड़ोको लेका अबु चना: बु रिका तना।
बिखरे वहीँ ख्वाब भी डूबी है कश्ती कहीं तों	कुमु को हिरि: बिति: जश रे डोंगा जां ता: गे ड़ुंबुइअ।
इसकी भलाई की बात सोचते हैं।	इनि:अ भलाई रेआ: जगर कोइंग उड़ु: तना।
कोली सांसदों का अभिनंदन सामारोह व गोष्ठी	कोली सांसद को नगेन अभिनंदन समारोह ओड़ो: दुनुब।
विशेषज्ञ की मदद के साथ मेरिको	मेरिको विशेषज्ञ कोआ: देंगा लो:ते।
इस साल यह ट्रेंड काफी जोरों पर रहा।	ने साल नेआ ट्रेंड इसु पुरा: तइकेना‌‌।
इसीलिए देश भर में सेहत का हाल बदहाल है।	एना नगेन दिसुम रेआ: सेहत पुरा: गे बगड़वाकना।
बेनाम रहना तो इन लडकियों के तक़दीर में है।	बेगर नुतुम ताइन रेआ: दो‌ने कुड़ि होनकोआ: ओनोल गे मेना:।
इसी रामसेतु को बचाने के लिए आंदोलन चल रहा है।	नेआ रामसेतु बनचव नगेन गे विरोध सेसेन तना।
मंत्रिा सभा के सभासद का पद	गोमके कोआ: कजि कमि टयद्।
फिर रात पैर फैलाकर सो जाता है वृक्ष के तले।	ओड़ो: निदा दरू बुटारे कटा सोजकेआते गिति:।
अनुसंधानकर्ताओं और विश्लेषकों केलिए यह अत्यंत उपयोगी हैं।	अनुसंधानकर्ता ओड़ो: विश्लेषकों नगेन नेआ पुरा: गे कमि रेआ।
लेकिन अचानक मन भटकने लगता है।	मेनदो अचका गे जि बगड़व तना।
इस बात को सब काम छोड़कर	नेआ जगर को सोबेन‌ कमि बगे केआते।
अनुमान नहीं कर सकते हैं जब	का टोर दाड़ि:ओआ तोबे।
अक्षमता को बढावा देना भी भ्रष्टाचार ही है।	अक्षमता रेआ बढ़ावा ओम रेओ भ्रष्टाचार गे।
केंद्र सरकार ने मनमानी का परिचय दिया है।	केंद्र सरकार मनमानी रेआ परिचय उदुब केदा।
मैं चुपचाप उसके घर से बाहर निकल गया।	अगंङ हपे हपे ते इनि:अ ओड़ा: ते उड़ुङ जनाइंग।
उनके पास रमल का ज्ञाता ज्योतिषी जगन्नाथ भी है।	इनि ता: रमल इतु नि: ज्योतिषी जगन्नाथ तकिन मेना:इ।
दोनों सगे भाई पांकी विधायक विदेश सिंह केकरीबी थे।	बरन बोको बया पांकी विधेयक विदेश सिंह जपा: रेन किन तइकेना।
हमारा इन धारावाहिकों की गुणवत्ता पर नियंत्रण होता है।	अबुआ नेआ धारावाहिक कोरेआ: गुणकोरे नियंत्रण होबा तना।
साथ में उन्हीं द्वारा भेजा परिचय	इनकु लो: तेगे परिचय कुल केदा।
है और अलवारो और यूजीन के रूप में हमारे युवा	अल्वारो ओड़ो: यूजिंन लेकागे अबुआ: कोड़ा को मेना: कोआ।
दरअसल साहित्य हमेशा से दलितों का ही होता है।	मेनदो साहित्य पुरा: ते दलित कोआ गे होबा तना।
फिर हाँ हाँ सबकी करेंगे लेकिन गली अपनी नहीं भूलेंगे।	हे दो सोबेन बु हेआ मेनदो अबुआ गलि बु कबु रिड़िंआ।
बिहार में अब भी लाखों लोग बाढ़ में फँसे	बिहार रे निमतंग लाख लेका होड़ोको बाढ़ रेको फसेआ कना।
कारौर के सुमित को प्रथम चौधरी रणबीर भारत केसरी खिताब	करौर रेन सुमित पहिला नम केदा चौधरी रणबीर भारत की श्री किताब
यकीन मानिए लुक आउटस्टैंडिंग हो जाएगा।	पतिए मे लेलरूम आउटस्टैंडिंग होबा:ओव।
कहानी बहुत प्रतीकात्मपक है और गहरी है।	कहानी बेसे प्रतीकात्मक ओड़ो इकिरन गेआ।
कोई सुरक्षा कोई इंक्रीमेंट कोई छुट्टी नहीं।	कमि कारेदो पैसाओ का ओड़ो: छुट्टीएओ का।
गुरुजी उन्हें तंबू में ले गए।	गुरुजी इनि तंबू रे इदि किआ
ऐसे में उन्हें व्यर्थ परेशान होना पड़ता है।	नेका रे इनि फव गे बलय चबा तनाए।
जब इन्हीं शब्दो को घ्वनि मिल जाती है तो मानों।	चिमतंग टुंग कोरेआ सड़ि आयुम जनरे पतिए मे।
वो जीतकर संसद पहुंचेंगे हो सकता है?	होबा दड़िओअ इनि: दड़ि जनाते संसद रे तेबा:या।
वह हार्ट की बीमारी से पीड़ित थी।	इनि कुड़म रेआ रोग ते बलाए तन तइकेना।
लेकिन उसने कभी किसी से बदसलूकी नहीं की।	मेनदो इनि जेताए लो काए: गलति बेड़ा ला:ए।
भुगतान करने में चेक की बजाय बैंक ड्राफ्ट का प्रयोग	टका ओमेआते चेक कारेदो बैंक ड्राफ्ट लगातिंगा।
ब्रिटेन ने मिस्र पर शासन शुरू कर दिया था।	ब्रिटेन मिश्र रे शासन रिका एटे केदा।
प्रतियोगिता इसलिए नवाचार के माध्यम से	प्रतियोगिता एनामेनते नवा लेका ते।
ऐसे संबोधन को बालक कितने प्यार से लेता है?	नेकन संबोधन को होन को चिमनगं सुगाड़ा ते को रिका जदा।
प्रतिकार का एक धधकता लावा है।	बदला आगु मोयोद जुलतन सेंगेल लेकाना:।
हमारे सहयोगी संगीत शिक्षक वासुदेवन ने खुद ये गीत गाए।	अइंअ देंगानि: संगीत मास्टर नेआ दुरंड़ अए: गे दुरंड़ तदा।
मन की सतह क्षैतिज तो हो जाती है।	जि बितर रेआ उड़ुगरंङ को सोज उतरो:व।
सूफी की दुनिया सिद्धांतों की धरती से बड़ी होती है।	सुफी कोआ: दुनिया सिद्धांत ओतेआ तेओ मरंग गेआ।
मर जाने पर प्रत्येक का महान हो जाना स्वाभाविक	गोए: जनाते तयोम ते अको रेगे मरंग को हिसाबेन तना।
वहाँ डॉ मूबीना से दोस्ती हुई।	एनता रे डॉक्टर मूवीना लो: सोंगे होबा जना।
घटना से मूड़ा बुजुर्ग गांव में तनावनिघासन।	दुकु तयोम ते हड़म हातु उड़ु: रे ताइन जना।
जिसके बारे में बच्चों ने अपनी डायरी में प्रतिक्रिया दी।	एना कजि को रेआ: सुकु सनंङ डायरी रेको ओल केदा।
सीधे जनता के बीच जाना इनका शगल नहीं रहा।	इनि जनता को सनामनंग रे सेनो रेआ सोमोय का तइकेना।
बरसेगी बन के घटा ये अपनी जो प्यास है	नेआ तेतंग दा: लेका गमा:ओअ।
राइक गीर्ड हेमर से बहुत प्रभावित थे।	राइक गीडर्र हेमर ते बेसे प्रभावित तइकेना।
इस लिये वो एक जुट है	एना मेनते इनकु मिसा तेके मेना:कोआ।
एक ऐसा रिश्ता जिसमें सिर्फ अपनापन और प्यार होता है।	मोयोद् ने लेका कुपुल ओकोना: रे इसु पुरा: दुलाड़ा मेना:।
यह प्रक्रिया आज भी जारी है।	नेआ चोलोन नाओ: सेसेन तन गेआ।
बहुत उपयोगी जानकारी दी है आपने भैया।	बेसे बुगिन लेकन जगर उदुब केदा हगा।
जिसने भी इसे सुना हैरान रह गया।	ओकोए गे नेआ आयुम केदा इनि: उड़ु: रे टो:ओ जना।
बच्चे नौकरी करें कि इनकी जिद पर यहीं बैठे रहें।	होनको नौकरीया चि अकोआ: कजि रेगे नेता: को तइना‌
इसका उद्देश्य है कम शब्दों में तुरंत प्रभाव।	नेआ रेआ उद्देश्य मेना: चि कोम टुंग कोते गे प्रभाव।
पुराने रोग के उभरने का डर रहेगा।	पुरना रोग हिजु रूड़ावा।
इसीलिए गांधी के संघर्ष में उनका विश्वास नहीं था।	नेआ मेनते गांधी संघर्ष रे कको भोरसा ला को।
मैं भीतर जाकर स्नान कर रही हूँ।	अइंग बितर रे नाइंग
साध्वी मंजुलता ने भगवान की कृपा का महत्व समझाया	साध्वी मंजू लता भगवान आ: महत्त्व ओड़़ओ: कृपा बुजव जनाए।
अब शाम होने वाली थी।	ना दो नुबा; जना।
हालांकि माओवादियों पर उनका कोई असर नहीं है।	माओवादी कोरे इनकु कको भोरसा।
जग जाल से नाथ बचाए रहो	जाग जाल लोते नाथ बनचावे मे
इसमें चुलबुल की टक्कर बच्चा भइया से होगी।	नेआ रे चुलबुल तकिना: टक्कर बच्चा भैया होबा: वा
आपके श्रम को शत शत नमन है।	अमा श्रम लेल ले केआते जोआर।
बस यहीं आकर कांग्रेस बाजी मार ले जाती है।	नेता रेगे कांग्रेस बाजी माउर या।
मुख्यमंत्री द्वारा किए गए ढेरों वादे भी अधूरे हैं।	मुख्यमंत्री वादा फव गे बेदा।
इसके बाद उन्हें अतिरिक्त सुरक्षा मुहैया कराई गई।	इनि तयोम ते इसु सुरक्षा को ओम किआ।
उस पांच करोड़ में आप कितना देना चाहेंगे?	एन पांच करोड़ रे अम चिमनुंग ओमाइंग अम?
कुछ लोग मिशन के कार्य से बुलाने आते।	तरा मरा मिशन कमि ते को रा: बेड़ा।
इस तकबीर से ही नमाज़ शुरू होती है।	ने लेका तेगे नमाज एटे:गोआ।
दिल्ली की योजना बहिन बनाकर चोदना	दिल्ली रेन योजना मिसि बइ केआते इनि लो गिति:।
उनके साथ सदियों से अमानवीय व्यवहार किया।	इनि सिदा तेगे सदाव किआ:
समय के साथ आवश्यकताएं भी बदलते जा रहा है।	होमोय लो जरूड़ु को बदलि तना।
मैं मर कर भी जिन्दा रहूँगा	अइंग गोए: कन रेओ जीदा कनाइंग।
धूल और एक जाना हुआ शब्द।	दुदगर मियद आयुमाकन टुंग।
सुबह शाम गाय का दूध ले सकते हैं।	सेता ओड़ो: निदा गा:इ तोवा नमेआम।
जिन्हे रुपया कमाना हो वे मेहबानी करके दूसरा पेशा अपनाएं।	ओकोए टका नमतनाए इनि एटाआ कमि कमि काए।
जलती आग को वो निहाल होकर तापता।	इनि: सेंगेल जिरूब इसु रसिकात जिरूबा:ए
भारत और नेपाल के सामाजिक आर्थिक सरोकार	भारत ओड़ो: नेपाल सामाजिक आर्थिक सरोकार।
दिल्ली के लेखकों ने उसका बायकॉट कर दिया।	दिल्ली रेन लेखक को इनि: बॉयकॉट कि: आ।
तपता आँगन जानके भी जो गिरती बारिश	"जुल तन लेका राचा रे दा: गा
मा"
नए पुराने ब्लॉगर्स अपने अनुभव साझा कर रहे हैं।	नवा पुरना ब्लॉगर को अकोआ: अनुभव साझा तना को।
इस पूरे पैकेज को लेकर हम बेहद उत्साहित हैं।	नेआ सोबेन पैकेज लेल केआते रसिका ताना ले।
यह अनादर के कारण नहीं असावधानी से हुई मानिए।	नेआ अनादर मेनते दो का गे मेनदो आसावधानी लेकाते होबाकना।
बुनियादी दर्शन दृष्टि है कि एक व्यापार या एक	बुनियादी दर्शन दृष्टि मेना: व्यापार मेनते।
बारिश बंद हुवे अभी एक घंटा ही हुवा था।	दा गमा ना: गे होबा लेना एक धंटा सिदा
ठीक वही सिस्टम वहाँ का है।	ठीक नेआ सिस्टम गे ताइकेना एनता रा:।
जबलपुर को भारत की संस्कारधानी का नाम दिया गया है।	जबलपुर के भारत रेआ: संस्कारधानी नुतुमाकदा।
मान्यवर बधाई और इन्क्लूसिव तो हम ग्रहण कर लिये।	माइनन बेसे बधाई इंक्लूसिव दो नम केदा ले।
वो चोदने लगा और मैं चुदती चली गई।	इनि आइंग लो गिति: जनाज : बेगर मोने ते
किन्तु सामाजिकता का भी सही समझना कठिन है।	मेनदो सामाजिकता ठीक लो बुजव लगातिंगा।
लाखों लोगों को मिलेगा यह गेहूं	लाख होड़ोको नमेआ नेआ गोम।
` पतंग उड़ाने वाला इसे लेने अवश्य आयेगा।	पतंग अपिर नि नेआ आसे मेनते हिजु: गाए।
बेहद गिने चुने संत हुये।	बेसे कोम संत को मेना कोआ।
जल्द दफ्तर में फर्नीचर रखवाया जाएगा।	सेकड़ा गे दफ्तर फर्नीचर को जोगाव या।
इस धारावाहिक में दक्षाबेन का किरदार।	नेआ धारावाहिक रेगे दक्षावेन कमि कदा।
उन्होंने चेतावनी दी कि यदि गिरफ्तार	इनकु चेतावनी को ओमाकदा गिरफ्तार मेनते।
इसी के साथ आपका यह किसान दोस्त विदा चाहता है।	नेआ कजि केआतेगे अमा किसान सोंगे बिदा आसि तनाए।
मैं उनका कायल हो गया हूं।	अइंग इनि बेसे सुकुआंग।।
मगर उसमें संशोधन की काफी गुंजाइश थी।	मेनदो एना रे संशोधन रेआ: गुंजाइश तइकेना।
मैं उनके साथ दगा नहीं कर सकता।	अइंग इनि कांइग बेदा बेड़ा।
बिजली से चलने वाली पॉंच कार	बिजली लो: ते सेसेन तन मोड़ेआ कार
अच्छे या बुरे से उसे कोई मतलब नहीं है।	जांना: तेओ इनि मतलब बनो:।
रास्ते भर मैं पुजारी की बात सोचता रहा।	गोटा होरा अइंग बोंगा तनि : आ जगर उड़ु: तन तइकेना।
अनेक पर्वों और उत्सवों का गंगा से सीधा संबंध है।	सोबोन परब को रा: सोज संबंध गंगा लो: मेना:।
योग और प्राणायाम पर यहाँ विचार विमर्श करें	योग ओड़ो प्राणायाम रा: नेता उड़ु विचार केपे।
अमित शाह के गुजरात जाने पर	अमित शाह गुजरात सेनो: रे।
कभी बैरकपुर जाइयेगा तो हो आइयेगा।	जदि बैरकपुर सेनो: रे अले ता: हिजु: मे।
कांग्रेस और भाजपा दोनों का पसीना छूटवा दिया है।	कांग्रेस ओढ़ो भाजपा बरन किन बलबल जना किन।
विबुधवृन्द और सहृदय सज्जनों से सविनय	विशुद्धनंद सहृदय सज्जनों को सोबेन को जोआर।
भूकंप से तबाह हुए इलाकों का पुनर्निर्माण उनकी प्राथमिकता बना।	भूकंप ते बगड़वाकन को बइ रूड़ा गे सिदा उतर।
स्वामी दयाराम दास तीर्थाटन करते रत्नपुर आये।	स्वामी दयाराम दास तीर्थाटन केआते रतनपुर हिजु: लेना।
मिलाना शुरुआत बदलना डिगाना डगमगाना छोटा सिक्का	मिलाना बदली डुगुमुगु हुड़िग पोएसा।सिक्का
छाता आपके घर में ही है।	चतोम दो अमा: ओड़ा रेगे मेना:
कम या ज्यादा पर विवाद हो सकता है।	कोम कारे सागि रे कपाजि होबा: ओआ।
रोहित शेट्टी निर्देशित सिंघम अजय देवगन के लिए खुशियां लाई।	रोहित शेट्टी निर्देशक सिंघम अजय देवगन नगेन रसिका जगर आगु लाए।
अब मीडिया वाले चुप क्यों हैं?	मीडिया होड़ो को चिना: मेनते को हपेकना।
ननिहाल और ददिहाल दोनों ओर धर्म की बड़ी चर्चा थी।	ननिहाल नदीहाल बराना रे धर्म रेआ: जगर को जगर तन तइकेना।
नई वर्ण व्यवस्था का नया डिजाइनर वर्ग।	नवा वर्ण व्यवस्था नगेन नवा डिजाइनर वर्ग
उन्हें किसी भी बहाने पथभ्रष्ट नहीं होना चाहिये।	इनि जां हिसब तेओ जगर बदलि का लागातिंआ।
लेकिन युसूफ रजा गिलानी के कारण उन्हें पार्टी छोड़नी पड़ी।	मेनदो यूसुफ रजा गिलानी जला ते पार्टी बगे जना।
उन्होंने विवाह के बाद फिल्मों को अलविदा कह दिया था।	आड़ंदि तयोम ते फिल्म रे कमि बगे केदाए।
दूसरा आरोपप अभय के खिलाफ दायर किया गया।	एटा आरोप अभय खिलाफ ते कजि केदा।
बरसात के मौसम के बाद समय ही कहां बचेगा।	जरगि तयोम सोमय का नमो: आ।
ब्राह्मण कहता हैं कि हम पुरोहिती को	ब्राह्मण को कजि आ पुरोहित तको।
हालांकि भारत ने कई मौके गंवाए भी।	मेनदो भारत बेसे मौका पुचु: केदाए।
आज अश्कों का तार टूट गया	तिसिंग बेसे रा: केदाए।
स्टिंग करने की जरूरत ही नहीं बनती।	स्टिंग कजि रा: दो का जरूड़ु मेना:।
नवजात शिशु एवं बाल्यकाल के रोगों की समेकित देखभाल	नवा जोनोमाकन होन लेलबेड़ा।
उन्होंने अनाज पीसने का कार्य शुरू कर दिया।	इनकु जंग सिपुद एटे: केदा को।
डर गया और फटाफट सामान समेटकर भाग चला।	बोरो केदाए ओड़ो सोबेना इदि केआते निर जनाए।
तो तुम उसे नहीं देख पाओगे।	दो अम इनि कम लेल दड़िआ।
अक्सर ऐसे एगाम कम परसेंट वाले भी दे सकते हैं।	नेलेकन एग्जाम को कोम परसेंट रेन को ओम दड़िआ।
मैच के दौरान बारिश ने दो बार व्यवधान डाला।	दा: बरसा मैच एरे के: बुआ।
ह्रदय स्वयं प्रार्थनास्थल होता तो अच्छा होता	जि गे बोंगा ओड़ा: बइओ रे होनगं।
परन्तु उसे मुद्दे और वादों से ही आस है।	मेनदो इनि जगरकोते असराए।
वस्त्र चुराए कान्हा और वो लज्जायें	कान्हा लिजा: को कुमड़ु केदा आद इनकु गियु जा: कोआ।
वहमों कि बात थी ये गनीमत कि पा लिया।	नेआ फाव जगर मेना: मेनदो इनि: नम केदा।
एक यूनेस्को विश्व विरासत स्थल में	इनि: यूनेस्को विश्व विरासत स्थल रे
यह प्रक्रिया हमने शुरू की है।	नेआ कमि आले एटे ला:।
दरअसल इसकी वजह एक हार्मोन है।	मेनदो नेआ मियद हार्मोन ते होबा: ओ तना।
तेहि पिआइअ बारुनी कहहु काह उपचार ॥	एना बारूनि उपचार गे तना।
जांच में अपमानक पाये जाने के	जांच रे अपमानक नम के रे।
इन भीतों पर सुंदर चित्रकारी की जाती थी।	ने कोरे सुगाड़ा चित्रकारी को रिका तना।
इन्हें जनता का पूरा सहयोग मिल रहा है।	इनि जनता सा:ते पुरा: देंगा नम जदा।
और इसकी सहायक कंपनियों के व्यापार चिन्ह हैं।	ओड़ो: निकुअ: सहायक कंपनि गे व्यापार चिना।
लेकिन वे अपनी ज़िंदगी की पहली बड़ी	मेनदो इनि जिंदगी रेन पहिला मरंग कजि।
परिकम्मा को या विधि दीजै।	परिकम्मा नेआ विधि नमे काए।
काम तो सफर कर रहा है ना?	कमि दो फसे तन गेआ।
नमस्कार करते हुए उन्होंने विदा ली।	नमस्कार केआते इनि बिदा आसि केदाए।
वो लालमैन की हट्टी पर जाकर पकौड़े खाना।	लालमैन हट्टी ता: पकौड़ी जोम।
रोज़ जिनके हृदय में उतरते रहे	जनाव इनि: आ जि रेगे हड़ागु।
इस संग्रह ने पहली बार उन्हें महत्वाकांक्षी बना दिया था।	ने संग्रह पहलि बार इनि: के महत्वकांक्षी बइ किआ:
बुंदेलखंड में नाग लोग मातृतंत्र को मानने वाले थे।	बुंदेलखंड रे नाग होड़ोको मात्री तंत्र को मानातिंगा।
नायिकाओं का चयन किया जाना बाकी है।	नायिका कोआ: साला अउरि गेआ।
रचना यज्ञ में आहुति देने आप सभी पधारें।	रजना यज्ञ रे आहुति नगेन अपे सोबेन को हिजु: पे।
सोमवार की दोपहर पुलिस को शव मिला।	सोमबार हुलंग पुलिस गोए होड़ो नम किआ।
थक कर वह एक पेड़ के नीचे लेट गये।	लगा जन चि इनि दरू बुटा रे गिति: जनाए।
तुलसी देवतत्त्व में वृंदा देवतत्त्व की अंतर्भुक्ति उदाहरण है।	तुसी देव तत्व वृंदा देव तत्व अंतू भक्ति गे कजि मेना:।
जीशान अशरफ टीम के कप्तान होंगे।	जीशन अशरफ टीम रेन कप्तान तनि:।
ना लाज है श्रंगार में ना दया है अत्मसम्मान पर।	गिय: कागे श्रृंगार रे दया बनो आत्मसम्मान रेओ
तुगलकाबाद गांव को बचाने के लिए दिल्ली के दो कांग्रेसी	तुगलकाबाद हातु बनचाव मेनते दिल्ली रेन बरिया कॉन्ग्रेस रेनि:
इस दौरान चकरपुर को नौ कार्नर किक मिले।	एन समय चकरपुर नौ कॉर्नर किक नम केदा।।
इसका वर्णन महाभारत में भी है।	नेआ कजि को महाभारत रेओ मेना:
ऎसा ही चीनी यात्रियों ने वर्णन किया है।	ने लेका गे चीन रेन को कजिआकदा
यहाँ भी ऐसा ही हो रहा है।	नेता: रे नेकाओ होबा तना।
अब तो वहीं मना कर देता हूं।	ना: दो एना: रेगे मनातिङ याइङ
इसके पीसीयू ईएचईएल ने बनाए हैं।	नेआ रा: पीसीयू ईएचसीएल तको बइ ला:।
पूंजीवाद हमारा मसीहा बन गया है।	पूंजीवाद गे अबुअ: मसीहा बइजनाए
नौकरी पाने के लिए ट्रेनिंग पाना	नौकरी नम नगेन ट्रेनिंग
उसे यात्रा में ले कर चलना कठिन था।	इनि होनोर इदि बलय गे तइकेना
तब से सागर अंकल मेरे प्रतिद्वन्द्धी बन गए थे।	एन सोमोय ते सागर हुड़िंग अबा अइंगा प्रतिद्वंदी बइ जनाए।
सिंह राशि वालों का हाथ अपेक्षाकृत छोटा होता है।	सिंह राशि रेन कोआ: ति एटा: कोआते हुपड़िङ गे ताइना।
खाने के बाद खाने के लिए।	जोम केआते जोम नागेन।
यात्रा से जुड़े सभी काम इन अधिकारियों के हवाले होंगे।	होनोर रेआ: सोबेन कजि कमि ने अधिकारी कोआ: ति रेगे होबा:ओव।
लेकिन पिछले पांच सालों में उन्होंने इसका स्वाद नहीं चखा।	मेनदो इनि मोड़े सिरमा जकेद रेओ एना रेआ: सिबिल का:ए मुड़ि केदा।
उसका यह शैतान रूप तभी सामने आता है।	इनिअ: नेलेन एद्कन रूप तोबे एनंग सनमगं रे हिजु: तना।
इस रेल प्रोजेक्ट के जरिए चीन दो निशाने साधेगा।	नेआ रेल प्रोजेक्ट होराते चीन बरिया कमि रिकाया:।
भारत की शिक्षा पद्धति को अब बदलने की आवश्यकता है।	भारत रे शिक्षा पद्धति बदलि रेआ: जरूड़ु मेना:.
स्त्री पक्ष का सहयोग मिलने से राहत पाएंगे।	कुड़ि कोआ: देंगा नमजन रे बुगिन लेका ह़ोबाअओव।
बाइक पेड़ से टकराने से युवक की मौत	मोटरसाइकिल दारू लो टपा जनचि होड़ो गो:ए जना।
वे भी जंगल में शिकार खेलने आए हुए थे।	इनकु बिर रे सेनदरा नगेन को हिजु: कन तइकेना।
पर ऐसा हो पाना काफी मुश्किल है।	मेनदो नेका होबा:ओ रेआ: इसु बलय गेआ।
वे गौड़ देश के नवाब के यहां काम करते थे।	इनकु गौड़ दिसुम रेन नवाबको नेता: रेको कमि तन तइकेना।
बदमाशों ने बोलेरो गाड़ी ओवरटेक करके रुकवा ली।	रेपे: तन होड़ोको बोलेरो गाड़ी अयर हरकेसेद् कैआते तिंगु रिका कि किआ:
इस लिस्ट में चेन्नई सुपरकिंग्स सबसे आगे है।	नेआ लिस्ट रे चेन्नई सुपर किंग सोबोन कोआते अयराकना।
मैंने कहा बॉस होगी क्यों नहीं बाकी ईश्वर की मर्जी।	अइंग मेन केदा चि बोस नेता: ताइनाए: चि का भोगोमान गे इतुआना।
फिर मैदान मे आये सहारा और जैट।	ओड़ो मिसा पिड़ि रेकिन हड़ागुन जना सहारा ओड़ो जेट।
यह जानकारी जिलाधिकारी फेराक अहमद ने दी।	नेआ रा: उनुदुब जिलाधिकारी फेराक अहमद ओम केदा।
देश पर जान देने वाले लोगों को हम भूल गए।	दिसुम रे जि ओम केन होड़ो को अबु रिड़िंग केद कोआ।
एक दुकान से तीन बार फ़ोन आ चुका था।	मोयोद दुकान ते अपिसा फोन हिजु: जना।
वे यहाँ बैरागढ़ में रहते थे।	इनि: नेता बैरागढ़ रे तइन तन ताइकेना।
और आपको अंदर की एक बात बताऊं?	ओड़ो: अइंग जि बितर रा: जगर अम उदुबामा?
जिसकी देश की जनता आशा रखती है	ओकाआ रेआ चि दिसुम रेन जनता को असराए तना।
ज़रा सा होश आता है मगर फिर भी पिलाते हैं।	हुड़िग लेका होश हिजु: तना इमनंग रेओ ले आनु जा:इआ।
किंतु समझ की छलनी से छन नहीं पा रहे हैं।	मेन दो चिमुग इतुन तन रेओ काइंग इतु जदा।
कुछ एक उपन्यास और कहानियां जरूर दिखलाई पड़ती है।	जां इमनुंग उपन्यास ओड़ो: कहानि को लेल नमो: तना।
तपती हुई चट्टान को बिस्तर कहा गया	लोलो तन सेरेंग गिति: पटि मेन जना।
एक दिन ऐसा हुआ कि राह में वो मिल गये	मुसिंग नेका होबा जना चि होरा रे लिंग नपम जना।
इसके चलते कई नक्सलियों की मौतें भी हुई हैं।	नेआ रा: ते चिमुन नक्सली को गोए: जना।
एकाएक उसकी नजर मुझ पर पड़ी।	सोनजोको ते मेद् तेइंग लेल किआ।
ये कानून बिना भेदभाव के सभी समुदायों पर लागू हो।	नेआ कानून बेगर भेदभाव सोबेन गोंट नगेन लागु लागातिंगा।
बीच में चांदी का वर्क उस पर लगाएं।	तला रे चांदी दा दुल होबा:व।
फिर कैसे ये कम समय में रँगा जाएगा।	चिलका हुड़िङ समय रे रंगा दड़ि:ओव।
न सुनाई दी स्मृतियों की चमकीली फुसफुसाहट	का अयुमो: व उड़ु: रेआ जुलतन लेका मड़ि मड़ि जगर को।
उन्होंने अपनी चूत को बिलकुल साफ़ कर रखा था।	इनि अया: मुतु होरा सफा जोगान जद ताइकेना।
उफ्फ एक ही टिकट में कितना कुछ।	ओह रे मोयोद टिकट रेगे निमुनंग।
आंतकवादियों ने घाटी को निशाने पर बना लिया है।	आतंकवादी को बुरु जोला चिना केदाको।
उद्यानिकी पर तीन दिवसीय राष्ट्रीय कृषक प्रशिक्षण की शुरूआत	किसन कोआ: अपिमा रेआ राष्ट्रीय कृषक परीक्षण एटे: जना।
द्वापर युग के अंतिम भाग में व्यासजी प्रकट हुए थे।	द्वापर युग रेआ तुनुड़ु रे व्यास हिजु: जना।
वही मेरी सबसे अच्छी मित्र और सलाहकार है।	इनि:गे अइंगा सोबेन कोआते बुगिन सहाल ओम नि तनि:।
उसने कहा कि मैं आबिद को बहुत पसंद करती हूं।	इनि मेनकेदा चि अइङ आबिद इसु पुरा: सुकुआइ तना।
इसलिए मीडिया की भाषा पर बहस किया जाना जरूरी नहीं।	एना मेनते मीडिया रेआ भाषा रे जगर रे जरूड़ु बनो:।
आप बीयर बर्बाद कर रहे हैं?	अम बियर फाव जदा।
बनाने में विद्वान् प्रवृत्त नहीं हुए थे।	नेआ बइ रे विद्वान को कको बलय लेना।
आप इस वेबसाइट से विवरिणका डाउनलोड कर सकते हैं।	अम नेआ वेबसाइट याते विवरणिका उड़ुङ दड़िया।
उन्होंने तम्बू में लगी ओट के पीछे जाकर कपडे बदले।	इनि: तम्बू तयोम सा: रे लिजा: उसरन जनाए।
मेरा प्रभु पकड़ के पंख या	अइंअ: भोगमान: अपारोब।
मैं ने गर्दन से न कर दी।	अइंग डोबो: तेगे काइंङ मेन केदा।
मूल चेतन शक्ति आत्मा और परमात्मा ही है।	मूनु उड़ु रेआ बुटा आत्मा ओड़ो: भोगमान गे तानि:।
सुनने का सौभाग्य तो मिला ही।	अयुम रेआ सोंजोको दो नम लेन गेआ।
मामा के घर ही उनसे मुलाकात हुई थी।	मामु ओड़ा: रेगे इनि: लो: नपम होबा लेना।
लेकिन यह प्रावधान स्पष्ट और कारगर नहीं है।	मेनदो नेआ प्रावधान केटे: अन बनो:
यूरोप के देश भी चला रहे बड़े निगरानी कार्यक्रम	यूरोप दिसुम रेन कोयोगे मपरंङ होरो जंगि कजि कमि को रिका जदा।
हमलोगों ने वहाँ जाने का निश्चय कर लिया।	अले एनता सेनो रेआ: कजि केटे: केदा।
अजित सिंह ने नहीं खोले पत्ते	अजीत सिंह सकम काए: ओटा: केदा।
परीक्षाफल के विरोध में छात्रों ने किया प्रदर्शन	परिक्षाफल रेआ विरोध रे पढ़ाव होनको प्रदर्शन को रिका केदा।
सेना का एक अंग बनाने वाले हवाई जहाज	सेना को कोतो बइरेआ: मियद हवाई जहाज।
मेट्रो में लेटलतीफी तो रोज एक लाख जुर्माना	मेट्रो रेल हेड़ाजन रे जनाव एक लाख टका डंडे।
चावला सरकार से सलाह ले रहे थे।	चावला सरकार सा: ते सलाह आगुतन तइकेना।
क्रिकेट जगत में इस समूह की खास अहमियत है।	क्रिकेट जगत रे नेआ गोट रेआ: इसु पुरा: माइन मेना।
और सरकार नियत्रंण को ही संसदीय व्यवस्था मान रही है।	ओड़ो सरकार नियंत्रण कोगे संसद रेआ व्यवस्था मनातिंग केदा।
तक की सीमाशुल्क गृह की रिक्तियाँ दर्शाने वाली विवरणी	सीमान रेआ: उसुल लेल रिका:ओ तना खाली टयद् रा:को
आज चारों अपराधियों को फांसी की सजा सुनाई गई है।	तिसिंग उपुनिआ अपराधि को हका गोए रेआ सजा को उदुब जना।
सुरेंद्र कोली के मामले में भी ऐसा ही कुछ था।	सुरेंद्र कोलीअ: सनमंग कोरेओगे ने लेका तइकेशा।
आपको रोज भले ही दो शब्द पर लिखना चाहिये।	अम जनाव रेओगे बरिआ टुंग ओल गे लागातिंगा।
क्या बेरोजगारी खत्म हो गयी हैं?	चिलका बेरोजगारी चबा जना चि।
वैज्ञानिकों के अनुसंधान का द्वार भाववादी बन्द नहीं करते हैं।	वैज्ञानिक कोआ: अनुसंधान रेआ: दुअर उड़ु विचार को का होका:व
मुझे बिल्कुल भी पसंद नही थी एक्टिंग।	अइंङ एक्टिगं रेआ सुकु गे का तइकेना।
उन्हें लोगों के साथ ऐसा शोषक व्यवहार नहीं करना चाहिए।	इनि होड़ोको बलय का लगातिंगा।
इस दौरान कुछ लोगों की युवकों पर नजर पड़ गई।	एन सोमोय रे हुड़िग लेका होड़ोकोआ: मेद् कोड़ा को सेनो: जना।
इसकी जानकारी मिलते ही पुलिस प्रशासन में हड़कंप मच गया।	नेआ जानकारी नम जन लो:गे पुलिस प्रशासन रे ककला होबाजना।
इस साल यह मेरी दूसरी फिल्म होगी।	ने सिरमा नेआ अइंगा: बरिया फिल्म होबा:ओव।
अब इस आज़ादी में नए प्राण फूंकने आ रहा है	निमतंग ने आजादी रेआ: नवा होयोको हिजु: तना।
ट्रान्सफ़र दूसरे शहर में कर दिया गया था।	इनि एटा शहर रेको बदलि किआ।
जालोर के पास में जवाई नदी बहती है।	जलोर जपा:रे जवाई गड़ा लिंगि तना।
बाप की कमाई पीने में ही उड़ जाती थी।	अपुआ: कमि तदा: नच रेगे चबा तन तइकेना।
उससे अच्छी चक दे इंडिया थी।	एनाते बुगिन चकदे इंडिया ताइकेना।
मगर वह किसी कोर्स की पढ़ाई नहीं कर रहा।	मेनदो इनि: जेतन पढ़व काए पढ़व तनाए।
जो भी लाया होगा उस को अभिये बाहर भगा देंगे।	ओकोए गे आगु ला: इनि: ना: गे फरका तें हर गिड़िअ।
फिर शंकर भगवान ने कहा कि भुरसी दक्षिणा भी मांगो।	भगवान शंकर मेन केदाचि भुरसी दक्षिणा असी मे।
कड़क लोकायुक्त एक्ट रोकने को अड़ी बहुगुणा सरकार	कड़क लोकायुक्त एक्ट होका मेनते कको मनातिंग जना बहुगुणा सरकार।
ग्राम्य जीवन एवं नगरीय वातावरण के तादात्म्य से समाज	हातु जीवन ओड़ो: शहर रेआ वातावरण कोते गे समाज लेलउरूमो:व।
और शायद वे लोग ज्यादा परेशान भी रहते हैं।	इनि पुरा: गे जा: बलाए जनाए।
एयर इंडिया दिल्ली हाईकोर्ट की शरण में	एयर इंडिया दिल्ली हाई कोर्ट रेआ लेल लेपेल रे।
शुक्ल पक्षे समग्रं तु तदा सूर्योदये सति॥	शुक्ल पक्ष रे सोबोना: कजि तदा सिंगि तुर।
मेरा मत खुले सेक्स की वकालत करना नहीं है।	अइंआ कजि दो खुला सेक्स रेआ वकालत का तना:।
त्रेता युग में रत्नाकर नाम का एक आदमी था।	त्रेता युग रे रत्नाकर नुतुमाकन होड़ो तइकेना।
क्या मोहनचंद्र कि हत्या आतंकियों ने नहीं की?	मोहन चंद्र दो आतंकिको गोए किआ चि का गे?
सरदार जी सारा सैट कर गए हण।	सरदार जी सोबेना: सेट तदय।
रंगीन पानी में देखते हैं अपना चेहरा।	रंगा दा: रे को लेला अपना: होड़ोमो।
उसके जहरीले विष से पानी तक नीला पङ गया था।	इनि:अ बिसि तेगे दा: नीला रंगा जना।
सौर उर्जा ही मौसम एवं जलवायु का परिवर्तन करती है।	सौर ऊर्जा तेगे मौसम ओड़ो: जलवायु परिवर्तन होबा:ओव
मेरा नन्हा बहादुर एक दिन हथियार उठाएगा।	अइंअ: बले: बहादुर‌ मुसिंग दो हथियार सबे गेआ:ए।
यह पर्वतीय प्रदेश गंगा की जन्म स्थली है।	नेआ गे पर्वतीय प्रदेश गंगा रेआ: जन्म टयद् तना:।
हम जानते हैं कि इसका विरोध होगा।	अले इतुआना चि नेआ रा: विरोध होबा:ओ व।
घसीटे जाने के निशान भी मिले हैं।	गेसा इदि रेआ होरा लेलरुमो: तना।
वो कब उगी खिली कब मुरझाई	इनि चिमतंङ मता जनाए अद् गोसो जानाए
वह एक औरत या एक पुरुष है?	इनि: कुड़ि‌ चि कोड़ा?
इसलिए उनका चिंतन वास्तववादी और वैज्ञानिक है।	एना मेनते इनिअ: उड़ु वास्तववादी ओड़ो: वैज्ञानिक मेना:
कांग्रेस ने कहा कि मोदी के हाथ लाल हैं।	कांग्रेस कजि केदाए चि मोदीअ: ति अरा: गेआ।
मेयप्पन को आज पुलिस के सामने पेश होने का समन	तिसिंग मेय्यपन पुलिस ता‌ सेनो: रेआ: समन।
नुसरत भरूचा ने ऐसे सीन्स में काफी आत्मविश्वास दिखाया है।	नुशरत भरुचा नेलेन सीन रे बेसे पेड़ेअन गे जगर ला:ए।
एक को रखने की परेशानी थी	मियद् जोगाव रे बलय तइकेना।
नरसिंह राव के एक और मंत्री पर भ्रष्टाचार साबित।	नरसिंह राव तकिना: ओड़ो: मोयोद् मंत्री रे भ्रष्टाचार साबित जना।
हालांकि यह महिलाओं के लिए अपेक्षाकृत कम फायदेमंद है।	मेनदो नेआ कुड़ी को नगेन कोम फायदा रेआ तना:।
बहुत ही मिठास है उनकी आवाज़ में।	इसु सुगाड़ा दुरंगेआ।
इससे आपके एक्टिव होने का अंदाजा लगाया जा सकेगा।	नेआ ते अम चिमनुंग एक्टिव मेना:मा‌ एना को ओनमानेआ।
विष पीना एक जघन्य अपराध है।	बिसि नु मियद् इसु एद्का अपराध तना।
संयुक्त राज्य अमेरिका में कनाडा के प्रवासी फिल्म निर्देशक	संयुक्त राज्य अमेरिका रे कनाडा रेनी: प्रवासी फिल्म निर्देशक।
इस फिल्म में उनके हीरो शाहिद कपूर होंगे।	नेआ फिल्म रे हीरो दो शाहिद कपूर ताइना।
उन्होने भाजपा नेताओं को नेस्केफे कॉफी पीने वाला करार दिया।	इनकु को कजि केदा चि भाजपा नेता को नेस्कैफे कॉफी को नुएया।
और दूजी तरफ भज भज मंडली है	एटा सा: रे भज भज मंडली मेना:
कि सत्ता का हस्तांतरण कैसे होगा।	पेड़े चिलकाते बु नम रूड़ा या।
माँ यह नग्न भय था।	नेआ टोयंगाकन लेका इसु बोरोआन गेआ‌।
अनुभूत नुश्खा है और बरसों से आजमा रहा हूँ।	नेआ दो मोद् सिदा तेगे कमि आउ जदागङ।
सभी सांसदो को यह पता है।	सोबेन सांसद को इतुआना को
हिन्दी में लिखने को ऑफलाइन टूल	हिंदी ते ओल नागेन ऑफलाइन टूल।
रजोनिवृत्ती के बाद दिल की देखभाल	महिना होका जन तयोम ते कुड़म रेआ: देखभाल।
अभिषेक गलती की तरफ़ ध्यान दिलाने का शुक्रिया।	अभिषेक गलती उदुब् मेनते इसु पुरा: जोआर।
इसलिए क्लास के दौरान कोई डिस्टर्ब नहीं होता।	नेआ नगेन गे क्लास ताला रे जेताए कको डिस्टर्ब वको।
वह चार बार यूपी के मुख्यमंत्री बने।	इनि मोडेसा: यूपी मुख्यमंत्री बइ जनाए।
विपक्ष सुषमा स्वराज ने कड़ी आपत्ति जताई।	विपक्ष सुषमा स्वराज केटे नो: गे काया: जन गेआए।
स्थानीय बाजार में सोने की मांग बनी रही।	पिटि रे सोना रेआ: गोनोङ ला: कन गेआ।
मैं तुम्हारी आँखों में झाँकूँ और झाँकता ही रहूँ।	अइङ अमा: मेद् रे कोयो: कन गेइङ तइना।
इससे अधिक लोगों तक वेबसाइट की पहुँच हो गई है।	नेआ ते इसु पुरा: होड़ो को ता: वेबसाइट तेबा: जना।
अगले भाग में नीति निर्देशक तत्व हैं।	अयर रे नीति निर्देशक तत्व को मेना:।
पिछले दिनों जयदीप वर्मा दिल्ली में थे।	होला जयदीप वर्मा दिल्ली रे तइकेना।
अभी नहीं तो कभी नहीं।	ना कारे दो कागे।
मंदिरो में भजन कीर्तन गूंज रहे हैं।	मंदिर रे भजन कीर्तन को दुरंग तना।
उनको इस देश की सीमाओं की जानकारी नही है।	इनकु ने दिसुम रेआ: सिमान कको इतुआना।
विवि में पदों को भरना मंजूर नहीं	विवि रे टयद् को पेरे: कको: मोने जदा।
समर्पण करने वाले माओवादियों को सरकार देगी धन	समर्पण केद् माओवादी को सरकार टका ओम कोअ:ए।
सूफ़ियों ने खुदा को हर वस्तु पर प्रमुखता दी है।	सूफि को खुदा के सोबेन जिनिस कोरे को लेलिअ।
मृतका के परिजनों ने घटना की सूचना पुलिस को दी।	गोए: कनि:आ कुपुलको ता: पुलिस जगर कचल केदा।
लोक कलाकारों के ऊर्जा की अनदेखी हो रही है।	लोक कलाकार कोआ: ऊर्जा कको लेल जदाको।
सारे आलम पे यह देखो कैसा नूर	सोबेन आलम रे लेल लेम चिलका नूर।
पहले चरण में मास्टर ट्रेनरों को प्रशिक्षित किया जायेगा।	पहिला पारी रे मास्टर ट्रेनर को ट्रेनिंग नमेआ।
इसकी पत्रकारिता करने के लिए उथला ज्ञान नहीं चलेगा।	नेआ पत्रकारिता ना गेन पुरा: नो: इतुन लाडातिंगा
वह अपने मन को किसी भाँति	इनि‌ अएआ: जि जां लेका जोगाएअ।
राशन दूकानों से सरकारी चावल की कालाबाजारी हो रही है।	राशन दुकान रे सरकारी चाउली रेआ: कालाबाजारी रिका:ओ तना।
बिम्ब सारे एलोरा को तुम से मिले	सोबेन एलोरा अम लो: जमान का।
लिहाज़ा अवमूल्यन से निर्यात में वृद्धि का अनुमान था।	नेका दो अवमुल्यन ते निर्यात ला:गो‌ रेआ ओनमान ताइकेना।
फैसला बिल्कुल अपने लक्ष्य को केन्द्र में लेकर होना चाहिए।	फैसला एकदम अएआ: लक्ष्य केंद्र रे जोगाव केआते आगु लाडातिंगा।
यह ललक ही उनके लेखन को समृद्ध बनाती है।	नेआ संनग गे अया: ओनोल हराया:।
दोनों ही माँ कह कर बुलाते हैं	बरनकिन गे एयंग गे किन मेनेआ।
घर की सीढ़िया चढ़ते समय चक्कर आए और गिर पड़े।	ओड़ा रा: सिढि रकबतन लो: बुल जना ओड़ो: बटि जना।
साथ ही इसमें आधुनिकता का समावेश भी है।	नेआ कोरे ना: सोमेरेआओ मिसाको मेना:
बुझते दीपक नवल ज्योति पा दीप्त हुए हैं	एड़े: तध दीया नवा जुल नम केआते जुल संगि जना।
इनके विरोध को देख यूनियन के लोग किनारे हो गए।	निकुआ विरोध लेल केआते इशकुआ: होड़ो को अतोमेन जना।
गुरुज्ञान भी लेना पड़ेगा कुँडलिया गुरु से।	गुरूज्ञान को आउ होबा:ओ व कुंडलिया ते।
वह दफ्तर जाने में नहीं किया जाता।	एना कमि टयद् सेनो: रे का रिका:ओ तना।
ग्रीन के तहत दायर की इंटरनेट का विपणन युक्तियाँ	ग्रीन सा:ते इंटरनेट रेआ: विपणन युक्ति
एक दौड़ते हुए व्यक्ति के साथ।	मोयोद् निरतन होड़ो लो:।
कुछ लोगों के मारे जाने की भी आशंका है।	हुड़िंग लेका होड़ोको गोए: जन लेका अटकरो: तना।
मुझे उनके उत्तरो में सुविचारित परिपक्वता प्रसन्न कर रही थी।	इनि: अ कजि रूड़ा रे अइंग सुगाड़ा विचार कोतेइं रासिका कि:आ।
उन्होंने पाकिस्तान की कई टैंकों को नष्ट किया था।	इनकु पाकिस्तान रेआ चिमनंग‌ गे टैंक को बगड़व केदा।
स्वयं को लगाते हैं तो तदाकार होते हैं।	अइंगे ताइन रेदो तदाकार होबा:अ।
इतनी देर से वह अपने आप को संभाले हुए था।	निमनुङ् हेड़ा ते इनि: अए: तेगे संबडव कन तइकेना।
गुरप्रीत शादीशुदा है और उसकी दो बेटियां हैं।	गुरप्रीत अड़ांदियाकनि: इनि:अ‌ बरिया कुडिहोन किन मेना:
हर बात के दो पहलू होते हैं।	सोबोन‌ कजि रेआ बरिया‌ होरा तइना।
इसमें अनिल कपूर मेरे साथ हैं।	नेआरे अनिल कपूर अइंग लो: मेना:इ।
हम भी कूद पड़े इस बहस की जमात में।	अइंगो कजि देंगा तशा होड़ोको कपजि तनचि।
इंटरनेट संचार उत्पादों और सेवाओं की इस प्रकार चलाएँ	इंटरनेट संचार उत्पाद ओड़ो: सेवाको नेलेका चलाव।
कनाडा के राष्ट्रीय टीम मंत्रालय की वर्ष मनाता	मंत्रालय रेआ रोआ सिरमा मनातिं तना कनाडा रेन राष्ट्रीय टीम।
मल्लू अंकल ने कहां से एजुकेशन हासिल की?	मृल्लु हुडिंग अबा कोता:ते पढ़व केना?
↑ पोलिएस्टर राजकुमार को याद करते हुए एचटीएमएल	पॉलिएस्टर राजकुमार नुतुम जा:इ लो: एचटीएमएल
दोनों कांड दिसंबर माह में ही हुए थे।	बरन कांड दिसंबर रेगे होबा लेना।
सबके बीच में बैठे और उस गोप	गोप सोबेन कोआ: तला रे दुबाकन तइकेना।
परीक्षा के लिए यह उनका चौथा व अंतिम मौका था।	परिक्षा नगेन ते इनि:अ उपुनसा: ओड़ो: टुंड़ु मौका तइकेना।
अपनी अमेरिका से बढ़ती दोस्ती भी।	अबुआ अमेरिका लो: सोगें सांगि तना।
जिन इश्तिहारों की बात मैं कर रहा हूँ।	ओको: प्रचार तेआ: अइंग जगर तनाइंग।
वर्ण जनम से या कर्म से?	वर्ण जोनोम ते कर्म ते।
जिससे संक्रमण भी फैल रहा है।	एना संक्रमण ओटंग तना।
कभी बाजार का काम कहतीं भी तो हिचकते हुए।	जां हुलंग पिटि रेआ: कजि रेओ जां लेकागे‌।
परिणाम हमारे सामने होगा और हमारा उत्साह बढ़ता जायेगा।	परिणाम अबुआ सनामंग रे तइना ओड़ो अबुआ रसिका संगि:ओअ।
और शिपट प्रभारी इजीनियरों के हित के लिए है।	ओड़़ओ सिफ्टाकन प्रभारी कोआ: फायदा नगेन।
ऐसे में पाक साहित्यकारों को भी विरोध का सामना करना	नेका रे पाकिस्तान साहिति ओनोल गोमके को विरोध रेआ: सामना केदा।
मुद्दत के बाद फंड मंजूर हुआ।	बेसे हेड़ाते फंड रेआ मंजूरी होबा जना।
जाति गणना मजदूरी भुगतान राशि के रिकवरी का आदेश	जाति हिनिसब कमिनला कोआ: ओमे टका नमो: नगेन आदेश।
लेकिन दोनों गेम में बाद में वे पिछड़ती चली गईं।	मेनदो बरिया इनुग रे इनि तयोम उतर जनाए।
उम्मीद करता हूं इस बारे में भी वो कुछ करेंगे।	असराए तनाएइंग चि इनि: नेआ नागेन जाना: रिकाया।
वे उनकी ओर देखकर हँसीं और कुछ व्यंग्यात्मक टिप्पणी की।	इनि: इनकिन सा: लेलकेद् चि लांदा केदाए ओड़ो: व्यंग्य जगरे जगर केदा।
पर प्रेमा का पूरा चेहरा जल चुका था।	एनलो: दो प्रेमा: मेद् मुड़ा को लो उतर जना।
आकाश की खुली बाँहों में बेफ़िक्री से	बेगर उडुते पीड़ी रे।
किये अठारह अश्वमेघ मख धरती कांपी।	18 अश्वमेघ मक ते ओते एंगा एकला जना।
टेक्सास बिक्री कर के साथ सौदा अमेज़न नवीनतम	एक्सेस रेआ अमेजॉन लो:ओ: ते किरिगं अकरिंग।
तैरने वाला समाज डूब रहा है	ओयर बेड़ा तन समाज ड़ुबुइ: तना।
टचस्क्रीन वाले इस मोबाइल में लगा है ब्र्यू ऑपरेटिंग सिस्टम।	स्क्रीन टच मोबाइल रे लागाव कना ब्रयु ऑपरेटिंग सिस्टम
इसे दो निर्देशकों की बातचीत भी कहा जा सकता है।	नेलेकना: को बरिया निर्देशक किना: जगर मेनो: तना।
दोनों ही के सामने समस्याओं का भरमार है।	बरनकिन रेगे सोंकोट मेना:।
इससे विद्युत संकट की स्थिति से राहत मिली है।	नेआ ते बिजली दिया सेनो:जन रेआ बलय ते छुटकारा नमो:अ।
उनका आकार कम हो जाता है।	इनि:अ जोका हुड़िङ जना।
यानी शर्तयुक्त परिस्थिति को सांस्कृतिक पराधीनता कहते हैं।	खटिआकन संसंइकिर को एटा:निअ संसंइकिर मेन लेका कजिओअ।
दिवाली की मांग से सोना दो महीने के टॉप पर	सोराइ रे बरचंड़ुआते सोना रेआ: गोनोङ सगिं जना।
आंचलिक भाषा का कोई शब्दकोश बाज़ार में है तो ख़रीदकर	जदि एंगाजगर रेआ: टुंगकोश पिटि रे मेना: रेदो किरिंग केम।
उद्योग मंत्री ने सुनी मिनी स्टील प्लांट उद्योग की	उद्योग मंत्री मिनी स्टील प्लांट उद्योग रेआ: अयुम केदा:ए।
हमारे मासिक न्यूज़लेटर के लिए सदस्यता लें	अबुआ: चंड़ु: पत्रिक नगेन सदस्य बइन होबा:व।
ऐसा करते ही उसका लंड उछल कर बाहर आ गया।	ने लेका रिका जाइ लो:गे इनि:अ लंड थेर उड़ुङ जना।
तभी मेरे एक बुजुर्ग सहकर्मी आ धमके।	इमतंग गे मोयोद् हड़म होड़ो नेता: हिजु: लेनाए।
यह ईश्वर की कृपा का प्रत्यक्ष दर्शन है।	नेआ भोगबान: सुकु तेगे होबा कना।
कामुकता का शास्त्र दरबारी संस्कृति के तहत रचा गया।	कामुकता रेआ मुनुशास्त्र दरबार रेआ: संसंइकिर लेका रिकाकन तइकेना।
फिर सैकड़ों लोगों ने गुरुदीक्षा भी ली।	ओड़ो: पुरा: ते होड़ो को गुरूदीक्षा को अउ केदा।
टप्पेबाजों की नजर खासतौर पर कार सवारों पर रहती है।	कुमड़ु कोआ: मेद् पुरा: ते कार गाड़ी कोरे तइना।
कार में एक दिन के बाद	कार रे मुसिंग तयोम ते।
मैं नहीं जानता अर्थ सरहदों का	अइङ माने काइङ इतुआना सिमान कोआ:।
कई प्रांतों में गया है प्याज का बीज	चिमनगं टयद् कोरे प्याजु रेआ जंग को कुला कदा।
बड़ी फैक्टरियों में ऐसा ही होता है।	मपरंङ फैक्ट्री कोरे नेगा के होबा:ओ तना।
भविष्य में योग का महत्व बढ़ेगा।	हिजु सोमय योग रेआ मनातिंग पुरा: होबा: व।
आज छुट्टी का पहला दिन था।	तिसिंग छुट्टी रेआ एटे: दिन तइकेना।
बाद में शव को रोहतक पीजीआई रेफर कर दिया।	तयोम ते गोए: होड़ो रोहतक पीजीआई को इदि किअ।
इसकी खदान के लिए उन्होंने आवेदन किया है।	नेआ खदान नागेन इनकु अरजि सकम को ओमाका कदा।
तो कुरआन में कोई विरोध नहीं है	दो कुरान रे जेतन विरोध बनोगा।
गोवंश पहले ही संकट में है।	गोवशं सिदा तेगे संकट रे मेना:इ
ये तो हुई अदालत और न्यायाधीश की बात।	नेआ दो होबा जना कचइरि ओड़ो: न्यायधीश कोआ: जगर।
मैंने उन्हें यह बातें बतायीं थी।	अइङ इनि नेआ जगर उदुब लिआइङ।
लेबोरेटरी में जांच करवाने के बाद डेंगू की पुष्टि हुई।	लेबोरेटरी रे जांच केआते डेंगू रूआ नमाकना एना को टोर केदा।
अमलतास के सुनहरे पीले फूल अत्यंत मन भावन होते हैं।	अमलतास रेआ ने ससंडं बा इसु पुरा: सुकुअन गे लेलोअ।
कैसे पाएं ब्लैक हेड्स से मुक्ती?	चिलका ते चबा:ओ अ ने हेंदे फुसरि को।
चिड़ियों की प्रजातियाँ खतम हो रहीं थीं	चेंड़े कोआ: जाति जबा:ओताना।
गायक भी अधिक मेहनत करते नजर नहीं आते।	दुरंग हरिआ को निमिर मजा कमि ककोआ: तना।
कभी अपने हाथ काम करते हुए	मिसा अपना: ति ते कमि लगातिंगा।
अदालत नवम्बर में काजी की सजा सुनाएगी।	अदालत नवंबर रे काजी के सजा ओमिआ।
तू तो वैसे भी पूरे देश की बहन है।	अमदो सेओ गोटा दिसुम को रेनकोआ: मिसि होन।
उन्होंने हिम्मत की है तो खामियाजा भी भुगत रहे हैं।	इनकु हिम्मत ला: एना रेआ जो ना:को टोओ: तना।
हमारा एक और मित्र था रवि प्रकाश मिश्र।	रवि प्रकाश मिश्र अलेआ: ओड़ो मियद सोंगे तइकेना।
वहां के ढेरों पत्रकारों को जानता हूं।	एनता: रेन मोद पुरा: पत्रकार कोलो नपम मेना:।
तब हमने विकल्प भी ढूँढ लिए थे।	एन सोमय गे होरा दड़ा ला: बु।
खुशी है तो उसकी उमंग है।	लंदा जगर रेगे रसिका।
उनकी मानसिकता भी शायद इन दोहों को पढ़कर बदले।	इनिअ: उड़ुः को जा: ने दुरंग को पढ़ाव केआते बदलिओ:अ।
सांपों से बचके आये तो डसते हैं आदमी।	बिञं कोते बनचाव जनरे होड़ो कोगे हुआगा।
एक गर्म स्नान की चादर लगाने	मियद् लोलो दा: रेआ: चादर।
क्यों हमेशा चुनिंदा नीति अपनायी जाती है?	चना: मेनते सोबेन समय सलाकन नीतिगेको जोगावेआ।
तब से वह लगातार न्यायिक हिरासत में हैं।	एमतुंञातेगे इनि जेल रेगे मेना:इआ।
तीसरे खुद एरिस्टोटल का व्यक्तित्व।	तीसरा दो अए: गे एरिस्टोटेल।
कुछ दूर जाने के बाद उसे प्यास लगी।	हुडिङ अयर सेनोः जनते दा: तेतञ कि:आ।
थोड़े दिनों में यह चिट्ठा मुकम् मल आकार ले लेगा।	ओड़ो: हुड़िंग दिन रे नेआ ओल सकम पुरा: नो: ठीक बइउतरो:व।
कभी भौंहे ऊंची करके आश्चर्य जताते।	मिसा मिसा भौआं चेतन केआते भकुआ उतरो:वए
एक अजीब तृप्ति मिलती है हमें भलाई करके।	सुगाड़ा कमि केआते जि रबल गे टोरोआ:।
आज यह संगठित उद्योग बन चुका है।	निमिर दो संगिजमा उदम बइ जना।
उनके समग्र व्यक्तित्व पर कलात्मक ढंग से विचार किया है।	इनिअ: होड़ोमो रे इसु सगाड़ा लेकाते उड़ु: केदाको।
लोग पता नहीं क्या क्या सोचते हैं।	होड़ोको इदु चना: जना: को उडुगा।
संवाददाता सम्मेलन कवर किया और चल दिये।	दुनुब रे जगर बेड़ा केआते सेनो: जनाए।
घरेलू जरूरतों के लिए मैंने इन्हें परेशान नहीं किया।	ओड़ा: को रेआ जिनिस को मेनते नि: काइङ परेशान जाइ:या
रुपये गिनने का अभ्यास बना रहे	टका हिसब रा: इतुन तनाइङ
कोई भी ज्योतिषी घटनाओं को बदल नहीं सकता।	जान पंडित घटना को बदली दड़िअ
इनकी पिटाई हुई और कैमरा तोड़ दिया गया।	इनकु के फिड़व केद कैमरा को रपुद केदा
उसके चेहरे पर गहरे संतोष का भाव छा गया।	इनि:अ मेद् मुड़ा रे पुरा: रसिका लेल रूमो: तना
आशुतोष को क्राइम डेस्क की जिम्मेदारी दी गई है।	आशुतोष क्राइम डेस्क रेआ जिम्मा नमा कदा:ए
वो हमारे रिश्तों के तनाव जैसा प्रतीत होता रहा।	इनि: अबुआ: कुपुल रे बंगव लेका अटकरो: तना
अचानक उसे अपने इलाके के देवता का ख्याल आया।	अचका गे इनि अया: हातु टोला। रेन बुरू बोंगा को उड़ु के:ए कोआए
लश्कर ए तैयबा ने तो इशरत को शहीद भी माना।	लश्कर-ए-तैयबा इशरत के शहीद मनातिंग कि:आ
अब आते है स्थानीय प्रशासन पर।	निमतंग अबु हातु टोला रेआ : प्रशासन रेबु हिजुगा
पिछले दिनों मैंने आईपीएल के कुछ मैच देखे।	हुड़िग दिन सिदा अइंङ हुङिग लेका आईपीएल मैच को लेल केना
मुझे इसके कान और पूंछ बहुत प्यारे लग रहे हैं।	अइङ इनि: लुतुर ओड़ो: च:लोम बेसे सुकूइंङा
बालेश्वर असल में गरीब गुरबों के गायक हैं।	बालेश्वर एनका दो रेंगे: गुरबो कोआ: दुरंग हरिआ तनि:
उन्हें फिल्म की कहानी भी काफी पसंद आई है।	इनकिन फिल्म रेआ: कहानि ते इसु पुरा: किन रसिका जना।
उन्होंने इसके उत्तर में एक घंटे भाषण दिया।	इनकिन नेआ रेआ: कजिरुड़ा रे मियद धंटा जगर रूड़ा केदाए:
घटना स्थल पर ग्रामीणों का हुजुम लग गया।	दुकु टयद् रे हातु रेनको जमा जना।
सबके अपने अपने निष्कर्ष रहे हैं।	सोबेन कोआ: अपन अपन टुड़ु सनाला‌ तइकेना
ऍसा कहने से ही इनके दिल को खुशी मिलती है।	ने लेका जगर ले इनि:अ जि रे रसिका नमेअ
इन अंकों को देहांगों के साथ जोड़कर भी	ने अंक को मुनु होड़ोमो लो: जोका लगातिंगा।
ऐसे में उसे तुरंत प्रभाव से हटाया जाए।	ने लेका रे इनि: सेकड़ा प्रभावाते फरका लगागिंगा
बाहर फैली बेकारी की छाया भी नहीं पड़ने देते	ओटंङ तन बेकार कजि को रेआ उंबुल को कागे टो:ओ तना
मुझे इस अवस्था में भी उसका अनुमोदन अच्छा लगा।	अइङ नेलेकन सोमोय रेओ इनिअ: जगर‌को‌ तेइं रसिका जना।
दिल पर पत्थर रखकर फिर अपनी कोठरी में चली गयी।	कुड़म रे दिरी केआते इनि अया: गिति: ओड़ा: सेनो: जनाए
दिल्ली में हम शरणार्थी शिविर में रहे।	दिली रे आले शरणार्थी शिविर रे ले ताइकेना
यूक्लिड के पृष्ठ ऐसे हैं जैसे	यूकिल्ड रेआ पन्ना को नेका मेना:
का यह तीसरा सप्ताह है।	नेआ अपि सप्ताह तना:
शीघ्र ही वहाँ किसी को भेजना	सेकड़ा गे एनता जांए कुल तकोम
वाली पेशेवर योग्यता प्राप्त हो सके।	पेशेवर योग्यता नम दड़िओ: लेका
बिरसाके विचारोंका वनवासी बंधुओं पर गहरा प्रभाव पडा।	बिरसा तकिना: उड़ु बिचार ते बिर सा: तइन तन हागा को पुरा: गे प्रभाव टोगो: जना
उपचार के लिए दृष्टिकोण में कुछ विविधता	उपचार होराते हुड़िगं लेका बिनगा
तीसरा आक्रमण पर्सिस्टेन्ट बायोस इन्फ़ेक्शन कहा जाता था।	अपिसा आक्रमण परसिस्टेंट बॉयोस इंफेक्शन कजि:अ
अजमान में देख कर आश्चर्य हुआ था।	इनि:आ कमिको लेलते भकुआव गे टोर जना
पूरा का पूरा इंपलायर बन गया।	इंपलायर बइ उतर जनाए
बस आप ढुलमुल कर जाते हैं तब बुरा लगता है।	अम ने लेका रिड़िङ केरेगे का सुकुइंअ
यहीं से वापसी का दौर भी शुरू हुआ।	नेता: तेगे रूड़ा रेआ: एटे: जना
सोभिता बीते रोज फिलिपींस से वापस भारत लौट आई हैं।	सोभिता बरसिंग सिदा फिलिपिंस ते भारत रुड़ाकना
इतना अच्छा गीत लिखने के लिए आपको बधाई।	निममुंग सुगाड़ा दुरंग ओल नगेन अमके बधाई
इसके अलावा गणपति स्त्रोत्र भी पड़ा जाता है	नेआ ते एटागा: गणपति सत्रोत्र पढ़ाव जना।
तब से लेनिन की मृत्यु तक स्तालिन उनके साथ रहे।	एन सोमोयाते लेलिन तकिना: गोनोए जकेद स्टेलिन इनि: लो: तइकेना।
अरे हर आदमी ही तो देश का सिरमौर होता है	अरे सोबेनकोगे दंग ने दिसुम रेन मुल होड़ोको
ठीक है छोड़ो इस बात को।	ठीक गे होका तम नेकन जगरको
इण्डिक कम्प्यूटिंग सम्बंधी अनेक परियोजनायें चल रही हैं।	इण्डिक कम्प्यूटिंग संम्बधी मेनते मोद पुरा: परियोजना सेसेन तना
निर्यात संवर्धन परिषद की सेवा के लिए	परिषद रेआ सेवा मेनते निर्यात संवर्धन
इसी का लाभ माकपा को मिला।	नेआ रेआ फायदा माकपा नम केदा
रँग ताकर हौं जारौं काँचा।	कांच रा रंग लेल के रेगे ग्लास रेआ रंग लेलो: अ
वोट बैंक की राजनीति उसका एक बहुत बड़ा कारण है।	वोट बैंक रेआ राजनीति एना रा: बेसे मरंग कारण तना:
वह तीर्थयात्रियों का फ्री ऑफ कास्ट एक्सिडंट बीमा करता है।	इनि बेगर टका ते तीर्थ यात्री कोआ: बीमा रिका जदा
फ्री कैश चाहते बंधक बीमा के लिए चुनते हैं?	तोनोल बीमा नगेन बेगर टका तेगे को सनगं तना
तीसरी बात ये कि वहाँ पांचों वक्त नमाज होती थी।	अपिया जगर दो नेआ चि एनता रे मोड़ेसा नमाज रा: पढ़व होबातन तआइकेना
ये जो बगल की पालीथीन देख रहीं हैं ये	नेआ चि जपा: रा: प्लास्टिक एम लेल तना
अगली सरकार का गठन महज औपचारिकता भर होगी।	अयर रेन सरकार हुड़िग दिन नगेन गे बइओ: तना
सनातनी पुरोहितों ने उन्हें लाठियों से पीटा।	सनातन पुरोहित को इनकु ड़ंड़ा ते को दल जा: को तइकेना
भयावहता अपने आप में ही अमानवीय	बोरोया: अए: रेगे का मनातिंङ लेका मेना:
उस दुनिया में काउबॉयज भी थे और देसी नायक भी।	एन दुनिया रे काउबायज ओड़ो: देसी नायक को तइकेना
इतना सब तो मैंने सोचा ही नहीं था।	नेआको दो अइंग उड़ु गे कंइङ उड़ु तश तइकेना
वो हर कॉल का जवाब दे रहे हैं।	इनि सोबोन को लो: फोन रे जगर तन तइकेना
कंपनी की एमडी सुनीता कश्यम से बातचीत	कंपनी रेन एमडी सुनीता कश्यप लो जपागर
शाहजहांपुर में हमारे एक कर्मचारी टेलर का काम करते थे।	शाहज़हांपुर रे अलेआ: मोयोद् कमितनि लिजा तुकुइ तन तइकेना
नई सर्जरी करेगी माइग्रेन की छुट्टी	नवा लेकन सर्जरी ते माइग्रेन रोग टुड़ु उतरो:अ
लिख के तो लाये थे मगर खत दे नहीं सके	ओल केआते दो आगुलाइंग मेनदो चिठ्ठी सकम कइङ ओमा दड़िजना
और अन्य स्काइप क्लाइंटों के लिए स्काइप में	ओड़ो: स्काइप रे एटा: स्काइप को नगेन
फिर मटका लेकर भालू मंत्री के पास पहुंचे।	ओड़ो चटु सब् केआते भालू मंत्री ता: को तेदा
इस स्वराज्य के दो पहलू हैं।	नेआ किन स्वराज रेआ: बरिआ होरा तना:
अंधकार में प्रलय तांडव हो रहा था।	नुबा: रे प्रलय ओटंग बेड़ातन तइकेना
यात्रा का यह अन्तिम पडाव होता है।	होनोर रेआ: नेआ टुंड़ु टयद्
आसमान में धान बो रहा हूँ	सिरमा रे बाबा हेर तना
गिलास डिम्पा की मां की बांह पर आकर लगा।	गिलास डिम्पा एङा तेआ: ति रे टोओ: जना
मेरे पति रूप एक बहुत अच्छे गायक हैं।	अइंड़ किसन रूप सुगाड़ा दुरंड़ हरिया तनि:
का मैं एकमात्र उसी को अधिकारी देखना चाहती हूं।	अइंङ इनि बइरि गे अधिकारी लेका लेल सनंग जा:इङा
था क्या पता हमको कभी भारी पड़ेगी दिल्लगी	सिदा अइंग टोर केदाजि नेलेका जि जुनाड़ा परका हंबला
यह सभा शांति भंग भी कर सकती थी।	नेआ दुनुबं बुगिन तेअ: बगड़व दड़िआ
यहां आप घंटों तक बैठे रह सकते हैं।	नेता: अम धंटा जकेद् दुब दड़िअ
स्त्रियाँ स्त्रियों से और पुरुष पुरुषों से संवाद करें।	कुड़ि को कुड़ि को लो: ओड़ो: कोड़ा को कोड़ा क़ो लो जपागर होबा:ओका
रोज सामने घटित होने पर भी ध्यान कहां जाता है।	जनव जपा: रे दुकु होबा तन रेओ उड़ु कोते सेनो: तना
इन वाटर कूलरों को लगाए हुए महीनों बीत चुके हैं।	ने वाटर कुलर को लगव केआते मोद् चंड़ु होबा जना
जो बाजार में अच्छे दामों में बेचा जाता है।	एनाको पिटि रे गोनोंग ते अकरिंगो: तना।
वह लोक और वेद की सीमा है।	एना लोक ओड़ो: वेद रेआ: सिमान तना:
इससे पसीने के कारण आने वाली बदबू दूर होती है।	नेआ ते बलबल ते एद्का सोअन परकाओ: अ
क्यूँ डरते हो इन रास्तों से?	ने होरा रे चिलकातेम बोरोया
और हम अपनी कोहनियों के सहारे पसरे	ओड़ो: अइंग ति ते ओतान जन चि गिति: जना।
अब प्रतिषेधात्मक अर्थों को प्रकट करने वाले शब्दों को लें।	निमतंग प्रतिषेधात्मक ओरथो उड़ुओ: लेका टुंगको को अगुए मे
पढ़ेंगे सारे लोग वो जिससे जिसको प्रीत।।	ओकोए गे एना सुकु जा: इअ इनकु गे नेआ पढ़व सनगं कोआ
वहाँ मुझे विचित्र भाट नाम का श्रद्धालु मिला।	एनता: रे अइंग विचित्र भाट नुतुमाकन बोंगा बुरू नि लि: अ
उन्होंने जिहादी कट्टपंथियों की निंदा की है।	इनकु जिहादी कट्टर पथिं कोआ: को विरोध केदा।
उन्हें जीवन रक्षक प्रणाली के सहारे रखा गया था।	इनि सयद् नमो: सिस्टम रेको जोगाव तइ: तइकेना।
जब तक जीए शान से जीए।	जी मेना: बाइरि केटे: ते तइन लगातिंगा
की दरगाह तक पहुच सकता है।	चि दरगाह जकेद् तेबा: दड़िओअ
भगवान श्रीराम की कथा अपने आप में विलक्षण है।	भोगोमान श्रीराम तकिना: कहानी को सोबोन कानि कोआते बिनगा उरुम मेना:
बीजेपी ने राजस्थान बंद बुलाया है।	बीजेपी सा: ते राजस्थान बंद रेआ: कजिअकना
देवरानी जेठानी का मन्दिर यहाँ की प्राचीन मन्दिर है	देवयानी जेठानी तकिना: मंदिर ने टयद् रेआ: सोबेनाते सिदागंरग मंदिर तना:
बस एक लार्ज पेग नीट व्हिस्की दे दो।	मोद् मंरग गिलास पेरे: केआते विहस्की बारि ओमांइग मे
इतना कहते हुए आफताब वहां से चला गया।	इमनंग जगर केआते आफताब एनता: ते सेनो: जना
यह स्थान ऐतिहासिक दृष्टि से काफी महत्वपूर्ण है।	ने टयद् एतिहासि होरा लेकाते पुरा: मइन मेना:
यौन उत्पीड़न का शिकार हुई अभिनेत्री	यौन उत्पीडन शिकार बइ जना अभिनेत्री
कटिहार बिहार राज्य का एक खुबसुरत ज़िला है।	कटिहार बिहार राज्य रेआ: मोयोद् इसु सुगाड़ा जिला तना:
वो सिर्फ उत्तर प्रदेश तक ही सीमित है।	एनाको उत्तर प्रदेश जकेद् रेगे मेना:
मूल में सांस्कृतिक तथ्य निहित है।	संसंइकिर बुटा रेगे मेना:
यह अरबी और अंग्रेजी दोनों में उपलब्ध है।	नेआ अरबी ओड़ो अंग्रेजी बरना:रे लेल नमो:अ
आज गुजरात भारत का सबसे विकसित राज्य है।	तिसिंग गुजरात सोबेनाते उबरन राज्य मेना।
कबाड़ी की दुकान से एक करोड़ रुपए तक	कबाड़ी दुकानाते मिद् करोड़ टका
प्रसूता के परिजनों एवं चिकित्सक में मारपीट संगरिया।	संगरिया रे नवा जोनोम तन कुड़िय: ओड़ारेनको ओड़ो: डॉक्टर को लो कपाजि होबा जना
यह इंतज़ार ग़लत है कि शाम हो जाये।	नेआ तांगि होसोड़ो गेआ अयुब जकेद्
अब संवाद समाप्त हो गए हैं।	निमतंग जगरको चबा जना
जहाँ होता है वहाँ से निकाल।	कोता: होबा:ओअ एनता: ते उड़ुंगो:मे
सदा माता के हाथ से भोजन करना चाहिए।	जनाव हुलंग एंगा: ति ते जोम लागातिंगा
भाजपा के राष्ट्रीय अध्यक्ष राजनाथ सिंह आज मुज़फ्फरनगर पहुंचे।	भाजपा रेन राष्ट्रीय अध्यक्ष राजनाथ सिंह तिसिंग मुजफ्फरपुर तेबा: केदा
उन्हीं के साथ भीख मांगते हैं।	इनकु लो: जमाते असे बेड़ा तनाइङ
कहाँ बोल पाता हूँ उस अनुभव को	कोरे: जगर दड़िआ एना अटकर को
बीस वर्षों की इस अवधि में उनकी	ने हिसि सिरमा जकेद्
वहाँ भी कुछ के साथ एक	एनता: रेओगे हुड़िग लेका मोयोद
भीलड़े अगर विद्रोही हो उठे तो संभालना मुश्किल होगा।	भीलड़े जदि विद्रोही बइ जनरे दो इनि: सबंड़व बलए गेआ
किसलिये दुनिया के गम से दिल दुखाते हो खलिश	गोटा दिसुम रा: दुकु ते चना: रा:म दुकून तना
भाइयों हमारी ज्ञान संपदा की लिस्ट काफी लंबी है।	हागा को अबुअ: सेंड़ा पोटोम लिस्ट सांगी गेआ
ऐसे में पार्टी सदस्यों का चुना जाना आसान होता है।	नेका रे पारटी सदस्य को सला उड़ुंग रे रबलो:वा
यह दोहों का रूपांतरण अच्छा प्रयोग है।	नेआकोरे कविता रेआ: रूप लेका मजा बइआकना
अकबर को भूख के साथ प्यास भी सता रही थी।	अकबर रेगे: तेतंग बरना: ते बलय तन तइकेना।
महेश अनघ का लोक अपनी तरह की मौलिकता लिए है।	महेश अनघ रेआ: मुनुअन जगर अउआकना
इससे भिन्न बन्धन कोई नहीं।	नेआते बिनगा जान तोनोल बनो:
उनका नाम है डी पी साबू।	इनिअ: नुतुम डी पी साबू मेना:
मैं एमएनपी के लिए कहां आवेदन कर सकता हूं?	अइङ एमएनपी नगेन कोता: रे अरजी ओम लगातिंआ
उनमें अहंकार नाम की कोई चीज नहीं है।	इनि:आरे जान एदकन जिनिस को बनो:
लारीजानी एटमी मुद्दों पर ईरान के प्रमुख वार्ताकार भी हैं।	लारीजानी एटमी मु्द्दा कोरे ईरान रेन मुल जगर नि: मेना:इ
भीड़ से कार्यालय पर अव्यवस्था फैली रही।	संगी गोंट रेआ: ते कार्यालय रे हिरि: बितिर जना
उन्हें कम्पनी की ओर से बहुत बहुत बधाइयाँ।	कंपनी सा: ते इनकु इसु पुरा: बधाई
ये भीड़ भी इनको नहीं चौकाती।	एन गोंट तेओ इनकु कको बोरो केदा
हम गेस्ट हाऊस आकर अपने कमरे में सो गए।	अले गेस्ट हाउस हिजु: जनते ले गिति: जना
कौन चारागर करेगा उस की गफ़लत का इलाज़	ओकोए पेरे: या इनि: अ गलती को
बड़ी समस्या हमसे शेयर करो।	मपरङ् दुकुको अइङ लो हनाटिङगे मे
इससे छात्रों की बहुत क्षति हो रही है।	पढ़ व होनको बेसे घटि होबा तना।
जगत् से आकर मेरे हृदय में जबरदस्ती घुस गई है।	जगत याते हिजु: जनाते मोटाइ ते जि बितर रे बोलो जना
स्वीडन जैसे विनयशील देश में ऐसे	स्वीडन लेका गोआरियन दिसुम
यानि स्नान का कई गुना फल मिलेगा।	मेनदो ओमेन ते इसु पुरा: फायदा नमोगा
होम > टी शर्ट्स > उत्पाद सूचियाँ	ओड़ा>टी शर्ट>बनइ लिस्ट
क्या हुआ? हमने उससे कहा इडली बनानी है।	चिलका? अइङ दो इनि कजि लि यइङ इडलि बइ मेनते।
कोशिशें भी होती हैं नाकाम अक्सर	कोशिश ले रेओ मिसा मिसा का दड़िओ:अ
अरे ये भी कोई पूछने की बात है।	नेआओ चि जान कुलि जरुड़ु
मात्र प्रोजेस्ट्रोन इंजेक्शन वाला गर्भ निरोधक है।	प्रोजेस्टेरॉन इंजेक्शन बइरि गे होन का होबा:ओ का मेनते इंजेक्शन बइआकना
विज्ञान तो हर क्षण विकसित होने वाला क्षेत्र है।	विज्ञान दो सोबेन सोमोय हरा:ओ लेकन टयद् मेना:
इसका धारावाहिक प्रसारण किया जा रहा है।	नेआ धारावाहिक सेसेन तना
आप अपने स्वास्थ्य शासन उज्ज्वल और हवादार फिटनेस रूम	अम अमागा: स्वस्थ शासन स्वस्थ शासन उज्जवल ओड़ो: होयो हिजु सेनो: फिटनेस रुम रे
सवाल अब अन्ना या लोकपाल का नहीं है।	सवाल ना: दो अन्ना चि लोकपाल गा: का तना:
अब डॉन फिल्म इसका जीता जागता सबूत है।	ना: दो डाॅन फिल्म गे नेआ रा: जीदाकन सबुत मेना
जीव लोहा है और ईश्वर चुम्बक	जीव को मेड़ेद् तनकु ओड़ो: बोंगा चुम्बक लेका
फिर ऐसा नशा चढ़ा अंग्रेजी सीखने का कि पूछो मत।	अंग्रेजी इतुन निमनगं मोने किङा चि अलोम कजिआ
बड़े चर्चे होने लगे थे इन होलियों के।	होलि को रा: बेसे को जगर तन तइकेना
संसार में अविचल रहती है कुर्सी	गोटा दिसुम रे कुर्सी दो का:ए सेने आ: ए
विवादों से भी नाता रहा है।	कनाजी कोतेओ नाता तइकेना
बचपन में किताबों में पढ़ा था।	बले: रे कितब कोरे पढ़व केनाइङ
लेकिन कलयुग में ऐसा नहीं है।	मेनदो कलजुग रे नेका बनो:
कितने अच्छे होटलों के तो अपने जालघर भी नहीं हैं।	जान चिमनंग मजा होटल कोता: रेओ जालघर बनो:
जो की जलवायु के संकट का समाधान कर सके।	जलवायु सोंकोट रेआ होरा अड़ुङ लगातिंगा
नया फुतूर देखा हैरतअंगेज़ कहानी का	भकुआव लेका नवा करतब बु लेलकेदा कानि रेआ:
साइकल किनारे लगा भाई मुझे उठाने आए।	साइकिल अतोम रे जोगाव केद अइङ तिंगु देगा मेनते को हिजु: जनाको।
आप सबके दिल को मुहब्बत से भर दे।	अम सोबेन कोआ: जी दचलाड़ा ते कजि पेरे: तम
मैं मानती हूँ कि यह सब उसका तो दोष है।	अइङ मनातिङ चि नेआ सोबेन इनि:गे दोष मेना:
मान लो शिष्टाचार और श्रद्धा का साक्षात् अवतार।	पति मे शिष्टाचार ओड़ो श्रद्धा रेआ: अवतार।
मनुष्य चैतन्य को उपलब्ध हो गया है।	होड़ो को चैतन्य नम केदा।
सरकारी कार्य में बाधा डाल रहे हैं ग्रामीण	हातु रेन को सरकारी कमि कको रिका जदा।
गुप्त की रचनाएं राष्ट्रवाद के प्रति समर्पित थीं।	गुप्त रा:रचना को राष्ट्रवाद लागीन समर्पित ताईलेना
आप को भी ऐसी कोई चीज याद हो तो बतायें।	आम के हो नेकन जन चीज़ याईद मेना रेदो उदबेम
सोनम कपूर अपने स्टाइल के लिए फेमस हैं।	सोनम कपूर आया:स्टाइल लागिन फेमस मेनाएया
विश्वविद्यालय अनुदान आयोग से प्राप्त राशि से महाविद्यालय के	विश्वविद्यालय अनुदान आयोग ते नामांकन राशि ते महाविद्यालय रा:
अब इनका स्थान ब्राॅन्डेड साबुनों ने ले लिया है।	न: दो नया रा: ठयद ब्रांडेड साबुन को औ केदाय
भगवान हनुमान के कारण ही उन्हें इतनी ख्याति प्राप्त हुई।	भगवान हनुमान गा: खातिर गई इनी: के इमिन ख्याति नम जना
तत्पश्चात सभी अधिकारियों ने शहीद स्मारक पर पुष्पचक्र अर्पित किया।	ऐना रा तयोम ते सोबन सायोब को शहीद स्मारक रे पुष्पचक्र को रकाब केदा
उन्होंने कहा इस पर विचार करने की जरूरत है।	इनको को काजी केदा नेया रे विचार रा:दरकार मेना:
धर्मवीर भारती हम लोगों को सिखाते थे।	धर्मवीर भारती अले को सिखाओ ले तईकेना
लेकिन हमले होते रहे और पाटिल साहब बयान देते रहे।	मगर लड़ाई होबाओ तईकेन गिया हर पाटिल सायोब बयान ओल तईकेन गिया
में भी बैठा एक सिपाही है	रे गी दुबाकन मीयद सिपाही मिनाइया
पासपोर्ट सेवा केंद्र से पकड़े गये आठ दलाल	पासपोर्ट सेवा ते इरल दलाल को सब जाना
वे हैदराबाद प्रदेश कांग्रेस के प्रमुख नेता थे।	इनी हैदराबाद कांग्रेस रेन मुद नेता तईकेना
हालांकि एसी उम्मीद नहीं की जाती कि ये अनुप्रयोग	मगर नेकन आसरा का तईकेना गी नेया अनुप्रयोग
हर तरफ खरीददारी हो रही है।	सोबन पड़ खरीदारी होबाओ तना
याद रह जाएगी येह रात करीब आ जाओ।	यईद तई कोवा ने निदा नाडेज हिजु को मे
सर्व सामान्य के हित के लिये	सोबन सामान्य रा हित लगिन
इस लेख में दो संभव समाधान बताये गये हैं।	ने लेख रे बरिया संभव समाधान उदुब कना
कौन चाहेगा ख़मोशी से गुज़र जाये हयात् ॥	ओकोय सनंगा ची हपा हपा ते बिताओ कोवा हयात
किला तीन ओर से गोदावरी नदी से घिरा हुआ है।	किला अपि पारते गोदावरी नाइ ते घेराव कना
मालिश उपचार कर रहे हैं उच्च सटीकता के साथ	बस उपाय लो ते मालिश उपचार तना को
आपका वज़न मुझे ज्यादा लगता है।	अमा वजन आएँग ते थीमबा अटकारो
लैक्टोज असहिष्णुता के लक्षण का कारण बनता है	लैक्टोस असहिष्णुता रा लक्षण रा चीन्हा बईयोगा
दुमुँहपने के सौ तर्जुबों की बुर्जगी से भरे	बरिया मोचा रा सौ तजुर्बा रा सेड़ा ते पेरयकन
ज्यादा रोटी से वैसे क्लोस्ट्रोल बढ़ने की शिकायत।	थीमबा होलोंग ते एनकन कोलेस्ट्रॉल बढ़ाओ रा शिकायत
देर भी काम भर की हो चुकी थी।	देरी हो कामी भइर रा: होबा दड़ी कन तईकेना
शिक्षिका की नियुक्ति पीटीए के तहत बताई जा रही है।	मिस्ट्रेस रा:नियुक्ती पीटीए रा: लेकाते उदुबो:तना
का वार्ता किमाश्चर्यं कः पन्था कश्च मोदते।	चिकन कजी चिकन कजी अचम्बा चिकन होरा हर चिकन
बौने के सामर्थ्य में यह नहीं है।	बौना रा: वश रे नया नहला
उपर्युक्त सभी योग चलित कुंडली पर आधारित हैं।	ने सोबन योग को सेसेन कुंडली रे आधारित मेना:
इसी से यह घाटी द्रोणाश्रम कहलाती है।	ने लेका तेगी ने घाटी द्रोणाश्रम कजीयोगा
हमारे साहब जैसा हाल न हो जाये।	अलेया सायोब लेका हाल आलो होबाओका
मैंने पहले ही उसे कुछ लाने से रोक दिया था।	सिदातगी आइंग इनिं: के जाना आउ लागिन मना लीजइंग
यह त्योहार हर साल सितंबर महीने में मनाया जाता है।	ने पोरोब सोबन साल सितम्बर चंडु: रे मनतीींगोवा
इस मामले में राजस्थान सरकार से रिपोर्ट मिली थी।	ने मामला रे राजस्तान सर्कार ते रिपोर्ट नमाकन तईकेना
बस्तर लोकोत्सव में सांस्कृतिक कार्यक्रमों की रंगारंग	बस्तर लोकोत्सव रे सांस्कृतिक कार्यक्रम रा: रंगारंग
विजयोत्सव की यही शुभ परिणति होनी चाहिए।	जीत रा:ख़ुशी रे नेयागि शुभ परिणाम होबाओ चाही
बेसिक हेल्थ वर्कर परीक्षा में भी हुई धांधली	सामान्य स्वास्थ कर्मी परीक्षा रियो धांधली होबा जना
उस समंदर को कहाँ प्रमाण की ज़रूरत है	ऐन समुन्द्र के प्रमाण रा:चिकेन दरकार मेना
आप अपनी सुविधा के हिसाब से रेजर को चलाएं।	अम अमा: सुविधा लेका ते रेजर के चलय में
मंजिल पर पहुंचकर लगा कि वे काफी थक गये हैं।	आखरी रे सेटेर केते अटकर जना ची इनि बेसे लगा जनय
आश्रम से हम लोग सुबह नौ बजे लौट आये।	आश्रम ते अले सेतअ:नौ बजे जनाले
उस दिन भी मां को छुट्टी मिली थी।	एन हुलांद हो उमा के छूटी नम लेना
उनका कहना था कि मेरा स्वास्थ्य ठीक नहीं है।	इनिआ: कजी तई केना ची आईंआ तबियत बेस बानो
ऎ आसमाँ इतना गुरुर भी अच्छा नही	ऐ सिरमा निमिन घमंड हो बेस नहला
हर शाम मुन्ना को यही तमाशा देखने को मिलता है।	अयूब साँझ सोबन हुलुंग बाबू के ने तमाशा नेनेल नमोवा
उसके सामने बैठे होने को धारण करता हुआ।	इनिया अयूर रे दुबकन लेका धारण तन लेका
मीशा का अस्पताल के मनोरोग विभाग में इलाज चला था।	मिशा गा अस्पताल राअ: मनोरोग विभाग रे इलाज सेसेन लेना
गणतंत्र दिवस के मौके पर कई कार्यक्रम	गणतंत्र दिवस रा: अवसर रे चिमीन कार्यक्रम
तैयारियां चल रही हैं रात के चुनावी दंगल की।	तयारी सेसेन तना अयूब रा:चुनावी लड़ाई रा:
अनुनाद ने उन् हें बधाई की पोस् ट लगाई थी।	अनुवाद इनिइ के बधाई रा:पोस्ट लगव कद तइकेना
बस ऐशली को लेकर उस पर पिल पडीं।	बस एश्ली के ईदीकेते इनिअ: रे घिस जनय
इसका मूल कारण जीवन का वास्तविक ज्ञान नहीं होना है।	नेया रा:मुद कारन जिनीद रा: वास्तविक ज्ञान का तईंन चाही
उनकी खातिर से मै अकेले भुगत लूँगी।	इनिजा:लेका ते अईींग एस्कर भुगताव यईंग
मंहगे भाव से गेहूं खरीदने की शिकायतें भी हैं।	महरंग गोनोंगते गोहोम किरिंग रा: शिकायत हो मेना:
पक्षी हमें क्या सिखा सकते हैं	ओड़े चेडेः को अबू: के चीना: को सिखाओ दड़िया
इस लिए अब सोमवार को खोदाई की जाएगी।	एना मेनते ना: दो सोमवार हुलांग: उरोव्:
मुझपर अचानक सख्ती करने लगते हैं।	अइंआ रे अचका ते सख्तियाय
यह तो अल् टीमेट अनटुथ हो गया।	नेया दो अल्टीमेट अनटुथ होबा जना
ज़रूरी है मेरे जीने के लिए	लगतीींगअ अइंआ जिनीद लगिन
बड़ी मुश्किल से मिलती है कुर्सी।	चिमिन मुश्किल ते नमोवा ने चौकी
जिसके विवाद में आरोपी ने लाठी से मारपीट कर दी।	एन विवाद रे आरोपी दो लाठी ते गी लपड़ाई केना
फ्लैट बिक्री के लिए अल्मरिया स्पेनिश संपत्ति खरीदने का लाभ	फ्लैट अखरिंग लगीन अल्मीरया स्पेनिश सम्पत्ति कीरिंग रा: लाभ
सुबह साढे दस बजे का वक्त।	सेताअ साढ़ें दस बजे राअ समय
इधर सुखदा से बहुत कम बोलते थे।	नेते सुखदा ते बहुत हुडिंग जगर तईकेनाको
इस समय फूल आगरा से मंगाए जा रहे हैं।	ने समय रे बहा आगरा ते आउ तनाको
लेकिन जब तक पगडण्डी से संसद तक कोलाहल है	मगर एन सन पगडण्डी ते संसद जकड़ कौरी मेना
समस्त विश्व का ही कोई आदि था।	सोबन दिशुम रा: गई जाय शुरू तईन केना
आपको व नवदम्पत्ति को बधाई व शुभकामनाएँ	अमके हर नवा कुलगिया किन के बधाई हर शुभकामना
पहले तो वे दोनों फरवरी में शादी करने वाले थे।	सिदा दो बरन किन फ़रवरी रे अड़दिन बाला किन तईकेना
अपने बजट के अनुसार इन्हें खरीद सकते हैं।	अपनअ बजट लेकाते नेयाके कीरींग धड़ियाको
सबसे अधिक प्रचलित कथा मंथन की है।	सोबेना: ते थीमबा प्रचलित कथा मंथन रा: तना:
जेली फिश के विडियो अगली पोस्ट मे यहाँ पर हैं	जेली फिश राआ विडियो अयर पोस्ट रे नेताअ रे मेना
आदेश मिलने के बाद ही होगा बजरी खनन	आदेश नामो राअ तयोम तेगी बजरी खनन होबाओआ
मैंने तरबूज का शरबत उन् हें भी ऑफर किया।	आइंग तरबूज रा: शरबत आय: के हो ऑफर कीजा: इंग
पर लेखक तो रहा हूं हिन्दी का ही।	मगर ओलनि दो ताईकेनाइंग हिंदी रा: गी
हर फायदे की चीज फिक्सिंग नहीं होती।	:सोबेन फायदा रा: सामान फिक्सिंग का ताईना
इससे उनके कॉन्फिडेंस और पावर की झलक मिलती है।	नेया ते इनिआ: विश्वास हर पेड़े: रा: झलक नेलेवा:
यह बात हमारे संज्ञान में आ चुकी है।	ने जगर अलेआ: सरीन रे हिजु चूकव कना
द्रौपदी माता के पैरों की ओर सोई।	द्रौपती एंगा: गा: कटा पाड़ गीति: जनाय
तो भई बारात का स्वागत तो शानदार होना ही है।	ताम बारात रा: स्वागत दो जोरदार होबाओ: चाही
जल्द ही बिलों का भुगतान कर दिया जाएगा।	जल्दी गी बिल कोरा: भुगतान होबावा:
क्या वह तुष्टीकरण नहीं है?	चीना: ऐना तृस्टीकरण नहला
भगवान शिव ने ही तराक का वध किया था।	भगवान शिव गी तारक के गोए: लीजाय:
आख़िर सोचा प्रत्यक्ष ही कर के देख लूँ।	आखरी रे पहन केदइंग समानअंग रे गी नेलालयाइंग
दुबे पड़ाव पर जाम लगा था।	दुबे पड़ाव रे जाम लगाव कन तईकेना
जिसमें किरोसिन का स्टॉक किया जाता है।	ओकोना: रे हसा सुनुम को जमाया:
स्कूल के पास ही नट रहते हैं।	स्कूल रा: नाड़े: रे गी नट को तईना
यह पढ़ने में बड़ा सरल सा लगता है।	नेया पढ़वेन रे चिमीन सहज अटकरोवा
मेरी चूत को पाने की हवस करता है	अंगा: लण्डी के नमय सनंगा
दोनों ही जीव समान रूप से विकास पाते हैं।	बरन जिव किन मीद लेकाते हरान किन
तुम इन दो ध्रुवों के बीच जीते हो।	अम ने बरिया ध्रुव रा: थालारेम जिदिवा
तुम्हारी कहानी में अभी बहुत कुछ होना बाकी है।	अमा: कहानी रे ना: बहोत चीज़ होबाव बचाव कना
जैज धीरे उदास उदास से आत्मा स्टीव रे वॉन	जैज मडिते उदास उदास रे आत्मा स्टीव रे वॉन
प्रत्येक समस्या के नीचे उपसमस्याएँ उपस्थित हो जाती हैं।	सोबेन समस्या रा: लथर उप समस्या हिजुआ:
और ज़िंदगी को भरपूर जीने का उत्साह।	ओड़ो: जिनीद के भरपूर जिदेन रा: रसिका
विना डेल मार एक और ई पर रहते हैं	विना डेल मार मियाद हर ई रेकीन ताईना
लगा कि कोई इतना भी काम कर सकता है।	अटकर जना ची जय को निमिन कामी को दड़िया
जहां मनमीत ने अपने निशां पांवों के छोड़े थे	जहाँ मनमीत दो आया: चीन्हा कटा: रा: बगी: ला:आय
भक्ति माने प्रभुमय हो जाना।	भक्ति मेन ले दो प्रभुमय बईकेन
प्रेमचन्द का पात्र सूरदास अन्धा था।	प्रेमचंद रा: पात्र सूरदास अन्धरा तई केना
सतारा हाईस्कूल में भी अलग बेच पर बैठना था।	सतारा हाईस्कूल रेयोगी एटा: बेंच रे दुबेन तई केना
बीते छह महीनों की स्थिति भी चिंताजनक है।	सेनो: रेन छ: महीना रा: स्तिथि हो चिंताजनक मेना:
यह चर्चा भी दिनभर राजनीतिक गलियारों में रही।	ने चर्चा हो गोटा: हुलांग: राजनितिक गलियारा: रे तई केना:
दोनों काम के लिए फौरी ऊर्जा मिल सके।	बरन कामी लगिन फौरी ऊर्जा नम दड़ीयोगा
में खरीदारी के अच्छे मौके हैं।	रे कीरिंग रा: बेस मौका मेना:
जो भी उचित कार्यवाही होगी वह हम करेंगे।	जे गी उचित कार्यवाही होबावा एना अले अबू रिकायाइंग
राजा विरोधियों की बजाय चुनाव आयोग से परेशान हैं।	राजा विरोधी कोके बगीकयते चुनाव आयोग ते परेशान मेनाइका
यह प्रवीण पाण्डेय जी का ब्लॉग है।	नेया प्रवीण पांडेजी गा: ब्लॉग तना:
निदान उन्हें हुक्का भरने के काम में लगा दिया गया।	निदान इनी: के हुक्का फेरे: रे लगव तइजा
यह कार्य ग्रामीण यांत्रिकी विभाग द्वारा करवाया गया है।	ने कामी ग्रामीण यांत्रिका विभाग रिका: तनाको:
राज्य में नौकरशाह की चलती है।	राज्य रे नौकरशाह रा: चलाअवा:
यूपी एटीएस मुंबई एटीएस से लगातार संपर्क में है।	यूपी एटीस मुंबई एटीस ते लगातार संपर्क रे मेना:
साथ ही कितनी कि कैलोरी दिन में आपक आवश्यकता है।	ओड़ो चिमीन कैलोरी सिंगी रे अमके दरकार मेना:
समाचार के निदेशक को प्रस्तुत एन्ड्रेस	समाचार रा:निदेशक के एम् अड्रेस
पांचवां पुल आने पर हरियाणा की तरफ मुड़ जाना।	मोड़ेया पुल हिजु:रे हरियाणा पाड़ बीयुर को:में
बोध पूर्ण होने तक अध्ययन है।	बोध पूरव सन पढ़वन मेना:
शादी करुंगी लेकिन मां बनने के बाद	अड़दि नइंग एेन्गा बईएन रा: तयोम ते
नाम से कई आश्रम चल रहे है।	नुतुम ते चिमीनिंग आश्रम सेसेन तना
राजधानी में कोई कवि जिस भाषा के अंधकार में	राजधानी रे जन कवि ओकोन भाषा रा: नुबा: र
साइना ने अपने से ऊंची रैंकिंग वाली	सायना आया: ते चेतन रैंक नी:
इस खुशी में मिनी ने अपना बारहवां जन्मदिन मनाया।	ने रसिका रे मिनी दो आय: गेल बरिया: जन्मदिन मनातिंग केदा:
मुख्यमंत्री ने सुना और कार्रवाई का भरोसा दिलाया।	मुख्यमंत्री अयुम केदा: हर कार्यवाही रा: भरोसा ओम केदा:
इसे कटवाइए सब मुझे काटने को दौड़ते।	नि: के गोजीपे सोबेन को अइंग ह्ब को निरेया
सुनकर बताइये कैसा लगा यह गीत।	अयुम केते: उदबेम चिनका अटकर जाना ने दुरंग
तुम्हारी परीक्षा करना मेरे बस की बात नही है।	अमा: परीक्षा ईदी अइंग मुण्डी रा: नहला
वैसे यह मुलाकात बहुत कुछ कह गयी।	एनका ने मुलाकात चिमीनिंग कजी-कजी केदा:
और योग द्वारा शीघ्रता से प्रतीकात्मक भोग लेना।	ओड़ो योग ते जल्दी गी प्रतीकात्मक भोग ईदीया
निबंधन मुख्यालय ने जारी किया आदेश नोएडा।	निबंधन मुख्यालय जारी केदाय: आदेश नोएडा
राज्यपाल से महापौर श्रीमती किरणमयी नायक ने की सौजन्य भेंट	राज्यपाल ते महापौर श्रीमती किरणमयी नायक ओम केदा: सौजन्य भेंट
उत्पादन के समस्त पहलुओं पर विशेषज्ञ वार्तायें दी जाती है।	उत्पादन रा: सोबेन पहलु कोरे विशेषज्ञ कजी: एमोवा:
में स्वरोज सुर मंदिर की चर्चा	रे स्वरोज सुर मंदिर रा: चर्चा
मेरा मित्र हरीश कानपुर में काम करता था।	अइिंआ: गति हरीश कानपूर रे कमी तइना
में पोस्ट समाचार संबंधित। और पढ़ें »	रे पोस्ट समाचार सम्बंधित। ओड़ो पढ़व पे
मेडिकल कालेज में आकर आप पेस मेकर लगवा सकते हैं।	मेडिकल कॉलेज रे हिजु: केते: अम पेस मेकर लगव दड़ियम
तो मैं पापी नहीं हूँ।	दो आइंग पापी नहालाइंग
क्या राकेश सिन्हा से ज्यादा लोकतांत्रिक विभूति नारायण राय नहीं	चीना: राकेश सिन्हा ते थीमबा लोकतान्त्रिक विभूति नारायण नहालय
वाल्मीकि ने राहुल गांधी को लेकर बड़ा बयान दे दिया।	वालमीकि दो राहुल गाँधी के ईदीकेते बहुत बयान ओम केदा:
कि ये कैसे सम्भव हो गया।	दो नेया चिल्का संभव होबा: जन:
वीर हृदय हिल उठे मार लें भारतीय क्षण में मैदान।	वीर सुरूद हिलाओ जना लड़ाई पे भारतीय क्षण रे मैदान
इतना तो सोचा जा सकता है।	इमिन दो पहम दड़ीयोवा
अमरीका में ज़कात अदा करने में परेशानी	अमरीका रे जकात अदा लइ परेशानी
अगर कुछ नहीं लिखा है तो इसका मतलब सकारात्मक हुआ।	अगर जेतना: का ओला: कन रे दो नेया रा: मतलब सकरात्मक होबावा:
श्याम बरन के कन्हैया नाच उठे हैं।	श्याम बरन रेन कन्हैया सुसुन केनय
कवि सम्मेलनों में क्या होता है?	कवी सम्मेलन रे चीना: होबा: वा
एक स्थगित होते मुकदमे की तरह	मीयद रोकाव कन मुकदमा लेका
और ऊँच नीच गरीब अमीर किसी को मत छोङो।	ओड़ो चेतन-लतर रेंगे: किंसड: जेतय के आलोम बगिया:
उनकी ये भावनायें भी कई गजलों में महसूस होती हैं।	इनिअ: ने भावना को चिमीनिंग गजल को रे: अटकरो:वा
लकिन प्यार की कोई दवा नहीं है।	मगर दुलाड़ रा; जेतन रानू बनोवा
नालंदा अपने प्राचीन इतिहास के लिये विश्व प्रसिद्ध है।	नालंदा आया: मारी इतिहास लगिन विश्व प्रसिद्ध मेना:
वस्तुस्थिति का मार्मिक चित्रण करने की अद्भुत क्षमता है।	वस्तुस्तिथि रा: मार्मिक चित्रण रा: अद्भुत सेंडा: मेना:
अनेक शेरों के बीच में जंगली	चिमीनिंग शेर कोवा थला रे टोनंग
पहले सचिन को बहार करो बाद में युवराज या धोनी	सिदा सचिन के उड़ुगीपे ऐना: रा: तयोम युवराज चाहे धोनी
किसी ग़म से मेरे सीने की धड़कन थरथराती है	जन दुकू ते अइंआ कुड़ुम रा: धड़कन थरथरावा
बस में बहुत कम यात्री थे।	बस रे बहोत हुडिंग होडो को ताईकेना:
यह राधाजी की जन्म स्थली माना जाता है।	नेया राधा गा: जन्म ठयद् मनतििंगओवा
सही मायनों में वेद हमारी सभ्यता की आधारभूमिहै।	सरती कजी रे वेद अबुआ: सभ्यता रा: आधारभूमि तना:
नास्तिक लोग और नास्तिक दर्शन ईश्वर को झूठ मानते हैं।	सांवसार को हर सांवसार दर्शन सिंगबोंगा के बेदा को मनतिअ:
यह ज़िंदगी भी बड़ी अजीब चीज़ है।	ने जिनिद हो बेसे अजीब चीज़ तना:
हिचकी की आवाज बंद स्वास नाली के होते हुए	हिचकी रा: अयुम बंद सयंडी-नाड़ी ते होबाओ तन
हालांकि आधिकारिक रूप से सभी ने चुप्पी साध ली है।	एनका दो आधिकारिक रूप ते सोबेन को हप्पा जना: को
महारैली के लिए सभी तैयारियां पूरी हो चुकी हैं।	महरौली लगिन सोबेन तैयारी पूरा होबा: जना:
युवाओं ने मतदान करके जोश दिखाया	दंगड़ा-दंगडी को मतदान ओम केते: जोश को देखाओ केदा:
उस िदन क्लास ऐसेही चलता रहा।	एन हुलंग क्लास एन्का गी सेसेन तईकेना
देवताओं की मूर्तियां देवरथों में सजा दी गई हैं।	देवता कोआ: मूर्ति देवरूप कोरे: सजाव कना:
बाबा रामदेव के सहयोगी आचार्य बालकृष्ण फिर विवादों में हैं।	बाबा रामदेव गा: सहयोगी आचार्य बालकृष्ण ओड़ो विवाद रे मेना:इया
वह गरजता है और मसीही भयभीत हो जाते हैं।	इनी गरजव: वाय हर मसीही को बोरोयाको
तदनुसार जीवन गढना होता है।	एन लेका ते जिनिद बईएन होबावा
देश का गरीब किसान मजदूर अब पूंजीपतियों को सब्सिडी देगें।	दिशुम रेन रेंगे: किसान मजदुर को न: दो पूंजीपति को के सब्सिडी को ओमाकोवा
इस समय तक सामंतवाद ढहने के कगार पर था।	ने समय सन सामंतवाद उयुगेन रा: स्तिथि रे मेना:
बिना कुछ कहे लाईन झट से काट दी गई।	बेगर कजिते लाइन जल्दी गी हद केदा को
अगर मेरी सूचना सही है तो।	अगर अइंआ सुचना सरतीगी मेना: दो
मैं दरवाज़ा खुला छोड़ के गली में खड़ा हो गया।	आइिंग दुवार नि: केते होरा रेईींग तिंगू जना:
सवाल कुछ देर और रोकने का है।	सवाल कटी: देरी रोकव रा: मेना:
और आपकी इस स्थिति पर डिपेंड करेगा।	ओड़ो अमा: ने दशा रे सरियोगा
ऐसी लेटरल थिंकिंग से ही समस्या का समाधान आयेगा।	नेका लेटरल पहम तेगी समस्या को हलोवा:
बात सिर्फ होली या ईद की नहीं है।	कजी होलो ओड़ो ईद रा: भईर नहला
दांये या बांए बेला नेगी की पहली फिल्म है।	जोम हर लेंगा बेली नेगी गा: सिदा फिल्म तना:
यह सुनते ही चोर के हाथ से तसला छूट गया।	नेया अयुम केतेगी चोरगा: तीइ ते तसला बाग़ी जना:
संजय के बहाव के साथ अपने को छोड़ देता हूँ।	संजय गा: बहाव लोओ बागी कोवाइंग
क्षेत्रीय एकीकृत स्थायी रणनीतियों का उपयोग गुणात्मक	क्षेत्रीय एकीकृत स्थायी रणनीति कोरा: गुणात्मक उपयोग
सिंदूर और बिंदी लगाने पर फिकरे कसे जाते हैं।	सिंदूर ओड़ो बिंदी लगावेन रे फिकरा को कसावया
गुजरात के आनंद प्रांत में।	गुजरात रा: आनंद प्रान्त रे
गीता मिश्रा को घर भेज दिया जाता था।	गीता मिश्रा के ओड़ा: को कुल तई तइना
उनका कई बार तबादला भी हुआ।	इनिजा चिमीन सा बदली हो होबा: जना:
असली साधु का न कोई जाति होती है।	असली साधु रा: न दो जान जाती तइना
आपकी हर अदा को परखा जाता है।	अमा: सोबेन अदा: के को जाँचेया:
प्रकृति के अचंभों से रूबरू हुआ जाए।	प्रकृति रा: सोबन अदा: के को जाँचेया
चक्रधर एंड कंपनी आप सादर आमंत्रित हैं।	चक्रधर एन्ड कंपनी अपे के मइनते केड़ापे तनाले
कई प्रकार की जानकारी है।	सोबेन लेका: रा: जानकारी मेना:
जगपती ने आँखें दीवार पर गड़ाते हुए कहा।	जगपति दो मेद भीत रे गड़व केते कजी केदा:
इस दुख को बढ़ाने में मैं भी एक कड़ी हूं।	ने दुकू के बीढ़व रे आइंग हों मियद कड़ी तनीिंग
इसलिये यह बांध सिहावा बांध नहीं हो सकता।	ऐना मेनते ने बांध सिहावा बांध का होबा: दड़ीयोवा
युद्ध से ज़्यादा आत्महत्या से मरे ब्रितानी सैनिक	लड़ाई ते थीमबा आतमहत्या ते गोए: जनाको ब्रितानी सैनिक को
भगवान ये दिन किसी को न दिखाये।	भगवन ने दिन जेतान को के अलोय लेल रिकायका
वे गलत हैं या बेटा सही है।	इनीइ: गलत तनीइ: चाहे होन कोड़ा सही
वह श्री झालानी को देख भागने लगा लेकिन पकड़ा गया।	इनीइ श्री झालिनी के लेल केते नीर तइनाय मगर सब जनय
बिना अनुमति स्टेशन नहीं छोड़ सकता।	बेगर छुट्टी स्टेशन कय बगी दड़िया:
पुलिस घटना का कारण जानने में जुटी है।	पुलिस घटना रा: कारन सरीन लगिन जुटाव् कनय
राघन लखनपाल पर भाजपा हाईकमान की नजरें गडी है।	राघन लखनपाल रे भाजपा हाईकमान गा: मेद टिकाव् कना
बेचने और वापस उत्तर किराए पर?	अकरिंग ओड़ो रूव्ड़ उतर किराया रे
देश में इस बात की चर्चा बहुत होती है।	दिशुम रे ने जगर रा: चर्चा थीमबा होबावा
लाइलाज नहीं है ब्रेन डैमेज नई दिल्ली।	लाइलाज नहाला ब्रेन डैमेज नई दिल्ली
इसमें पेंशनरों की लंबित मांगों पर विचार किया।	नेया रे पेंशन कोवा लंबित मांग रे विचाईर केना को
हैं तो भी अमरीकी सहायता उन्हें मिलती रहेगी।	मेना कोरे हो अमरीकी मदइत इन्कु के नमोवा
मौसम विभाग के अनुसार रात को भी तेज बारिश होगी।	मौजम विभाग पायते अयुब रेयो: तेज दा: हिजुवा:
जानते जरूर होंगे लेकिन पहचान नहीं पाये।	सरियम मगर काय उरुम दड़ीजनाय
यह आमतौर पर के बाद अलग अलग महीने की एक	नेया आमतौर रा: तयोम एटा-एटा: चंडूउ: रा: मियाद
तो आप निसंकोच सम्पर्क कर सकते हैं।	हाँ दो अम बेगर संकोच केते संपर्क दड़ीयाम
यानी मैं उस मौन के शोर से परेशान हो जाता।	कारन ची नेल का दड़ीयोवा ऐनाते का बुझाओ दड़ीयोवा
झूठी शान के लिए कर्ज लेना पड़ सकता है।	झूठी शान लगिन ऊर्जा इदी दड़ीयोवा
आप इस गुत्थी को सुलझाने में हमारी मदद करें।	अम ने गुत्थी के सुलझाओ नंग अइिंग के मदइती में
डे केयर सेंटर के प्रबंधक ने कहा वसंत में	डे केयर सेंटर रेन प्रबंधक कजी केदाय बसंत रे
हुए शातिर बदमाश में बदल गया है?	शातिर बदमाश रे बदली जानय
या पुरुष ही पुरुष हो जायें।	या दो दंगड़ा-दंगड़ा गी होबाय काय
यह फालुन गोंग क्रियाओं का दूसरा संग्रह है।	नेया फालुन गोंग कामी रा: एटा: संग्रह तना:
उसमें भी आडवाणी का कही भी नाम नहीं है।	ऐना रे यो आडवाणी गा: जेता: रे नुतुम बनोवा
गौरतलब है कि चैपियंस ट्राफी का यह आखिरी संस्करण है।	गौरतलब मेना: ची चैंपियंस ट्रॉफी रा: नेया आखरी संस्करण तना:
प्रसन्नता से वह कुएँ में भी कूद पड़ती।	रसिका ते इनी: कुवा रेयो दोन दड़ीया
वे लोगों में अत्यधिक लोकप्रिय अम्पायरों में से रहे।	इनी: होड़ो कोरे बेसे लोकप्रिय अंपायर तईकेनाय
सैमसंग के इस फोन का नाम है गैलेक्सी राउंड।	सैमसंग गा: ने फोन रा: नुतूम तना: सैमसंग राउंड
शायद हम लेने का दरवाजा ही बंद कर दें।	ची अले इदी: रा: ने: दुवर गी ले हंडेद ता:
विजयादशमी विभिन्न राज्यों को जोडने वाली डोर	विजयदशमी एटा: एटा: राइज को के जोड़व् रा: बयर
हत्या का आरोप उनके शागिर्दों पर ही लगा।	गोए: रा: दोष आयाज होड़ो कोरेगी लगव जना
यह सूखी अवस्था में विस्फोटक होता है।	नेया रोहोड़ कन रे विस्फोट तइना
चाकू शैफू के सीधी तरफ पेट में जा घुसा।	चाकू शैफू गा: लयद रे बोलो: जना:
यह विधि तुम्हें पहुंचा सकती है।	ने विधि अमके सेटेर दड़ीया
रोगभ्रम चिकित्सा की एक महत्वपूर्ण और कठिन समस्या है।	रोगभ्रम चिकित्सा रा: मियद महत्वपूर्ण ओडो कठिन समस्या तना:
का अभिविन्यास और कार्यक्रम तथा परियोजना स्तरीय व अन्य	रा: अभीविन्यान्स ओडो कार्यक्रम हर परियोजना स्तरीय ओडो एटा
कुररी और इसी प्रकार की अन्य चिड़ियाँ हैं।	कुररी ओडो ने लेकागी एटा: चेड़े को मेना कोवा
एक डॉक्टर ने शनिवार को यह जानकारी दी।	मियद डाक्टर शनिचर हुलंग जानकारी ओमादाय
रूपयों का प्रबन्ध आसानी से हो जायगा।	टका रा: प्रबंध सहज ते होबाव: गा:
हमारी समझ में ये कविता तो है नहीं।	अइंआ समझ रे ने कविता दो बनोवा
कोठी के चारों ओर चारदीवारी है।	कोठी रा: चइर कोना रे चारदीवारी मेना:
कोलेस्ट्रॉल को बेलेंस रखने के ये हैं	कोलेस्ट्रॉल के बैलेंस लगिन नेया तना:
दो हफ्ते पहले सिलीगुड़ी गई हैं।	बार हफ्ता सिदा सिलीगुड़ी सेना: कनय
अनुमान के मुताबिक अथॉरिटी ने ये विचार ठुकरा दिया।	अनुमान लेका ऑथॉरिटी ने विचार के ठुकराओ केदाय
फिर भी विश पूरा करते हैं	एन रे हो विश के पूरा याय
रोजगार में लाभ की स्थिति बनेगी।	रोजगार रे नफा: रा: दशा बइयोका
परस्त्री का भूल करके भी सेवन नहीं करना चाहिए।	एटा एरा गा: रीडिंग के ते हो सेवन का चाही
राष्ट्रवादी माना जाए और किनको गद्दार?	ओकोए के राष्ट्रवादी मनतिंओवा ओडो ओकोए के गद्दार
यहाँ किसी बखेड़े का डर नहीं है।	नेता: रे जेतन बखेड़ा रा: बोरो बनोव्:
मेरा भी नाम कुँवर आदित्य सिंह है।	आइंआ नुतूम कुंवर आदित्य सिंह तना:
वो भी मेरे साथ लेट गई।	इनी:ओ अइंआ लोते गीतीइ: जनाय
जो अभी तक मिल नहीं पाये है।	जे ची न: जकेद का नम: कना:
इसे निकालने के लिए एक फार्मूला है।	नेया के ओडोंग लई मीयद फार्मूला मेना:
यह शायद गांव के शहरीकरण की खुंदक रही हो।	नेया शायद हातु रा: शहरीकरण रा: खुंदक तइन केना
ही ऑस्ट्रेलिया के एक डॉक्टर फिलिप है।	ऑस्ट्रेलिया रेन मियद डॉक्टर फिलिप तनी:
मैं डन्डी और कन्डी वालों को देखकर हैरान हो गयी।	अइंग डंडी ओडो कंडी वाला को के नेल के ते अचम्बा जनइंग
बुश अब ईरान को धमका रहे हैं।	बुश ना: दो ईरान के बोतोंगी तनय
यह तो ध्यान या योग विधा के सहारे करनी है।	नेया दो ध्यान ओडो योग विधा रा: सहारे होबा: लगातिंआ
हमारे दिल के करीब भी है।	अलेया सुरुद रा: नड़ेज गी मेना
देवी नागरानी जी की दोनों लघुकथाएं ध्यान खींचती हैं।	देवी नागरानी गा: बरन हुडिंग कथा को ध्यान थाउजेयाय
पुलिस ने कुलदीप की भाभी को भी गिरफ्तार कर लिया।	पुलिस कुलदीप गा: हिल्ली केयो सब कीजय
मदरसे जाने के लिए रोटी माँग रहे थे।	मदरसे सेन लगिन होलोंग असि तइकेना
देर रात तक वह जगतीं और हमें भी जगना पड़ता।	देर नुबा: सन एनोवाय ओडो अइंग केयो अंगेन होबावा
मुझे गर्व है कि मैंने इस फिल्म में काम किया।	आइंग के घमंड मेना: ची आइंग ने फिल्म रेइंग कमी केदा:
दुर्घटना मृत्यृ की दशा में पात्रता आम आदमी	दुर्घटना गोनोए रा: दशा रे पात्रता आम ओडो
इसमें करीब एक दर्जन कार्यकर्ताओं को चोट आई।	नेया रे मिद दर्जन कार्यकर्ता को के चोट लगव जना:
उसमें बातचीत और गीत बड़े अच्छे लगे थे।	ऐना रे जगर ओडो दुरंग बहुत मजा केना
ये लक्षण उसके लिए प्रतिकूल हैं।	ने लक्षण इनी लगिन एटा: मेना:
वाहन चालक ही इनके पास तक सिलेंडर पहुंचाते हैं।	गाड़ी चलाव् निगी: इनकु ताअ: सिलिंडर सेटेरेयाय
शिक्षक समुदाय की प्रतिस्था बढ जाती थी और	शिक्षक समुदाय रा: प्रतिस्ठा बढ़व् कोआ ओडो
तुम्हारी चाह भटक कर रह गयी।	अमा: सनंग भटकव केते तई जाना
चंदेलों की अपनी परंपरा है जिसके नन्नुक आदि शासक हैं।	चंदेल कोआ अकोवा रीती रिवाज मेना: ऐना रा: शासक नत्रुक आदि तनी:
विश्वकोश की उपयोगिता को स्वीकारना ही होगा।	विश्वकोश रा: महत्वा के मनतिंग होबाव:
समसामयिक घटनाओं पर मीडिया के विचार	समसामयिक घटना कोरे: मिडिया गा: विचार
तो इस तरह तुम्हारे नाज न उठाती।	दो ने लेका अमा नखरा कइंग उड़व् केते
उन्होंने कहा नौकाया एक महँगा खेल है।	इनी:जय कजी केदा: नौकाया मियद मरंग एनेज तना:
मैं दूसरे को देखा है तरल	आईंग एटा: के नेला कजइंग तरल
वह उसके और करीब आ जाता है।	इनी: इनीजा नडेज ओडो हिजु:आ:
आप सहायता कैसे कर सकते हैं	अम चिलकाते मदइत दडीया
इसकी वजह भी आपको मालूम होनी चाहिए।	नेया रा: कारण हो अमके सरीन चाही
चलो बीजेपी के करीब आने का मौका तो मिला।	दोला बीजेपी रा: नड़ेज हिजुरा: मौका दो नम जना:
इस करोड की भीड़ में अगर	ने करोड रा: भीड़ रे अगर
मेरा काम देखकर सेठ बहुत ही प्रसन्न हुआ।	अइंआ कमी नेल केते सेठ पूरा: रसिका जनाय
उन्हें भी कोई आपत्ति नहीं हुई।	इनी केयो जेतन आपत्ति बनोवा
शब्दों के अर्थ खोजना हुआ आसान	शब्द रा: अर्थ दंड़ा सहज जना:
स्वतंत्र लिंग इज़ाफ़ा डिवाइस की समीक्षा	स्वतंत्र लिंग इजाफा डिवाइस रा: समीक्षा
महाजनों के खिलाफ विद्रोह होने लगा हर गांव में।	हातु रे महाजन कोआ विरोध रे विद्रोह होबाव् तइना
किसी बेहाल का बचा जो हाल भी हाल खा जाए	ओकोन बेहाल रा: होन चे ची हाल के हाल गी जोम ताई
देश के राजनीतिक वर्ग से लोग बहुत नाराज हैं।	दिशुम रा: राजनितिक वर्ग ते होड़ो बेसे नाराज मेनाकोवा
मिस्र की स्थिति तनावग्रस्त बनी हुई है।	मिस्र रा: स्तिथि तनावग्रस्थ बईया कना
हरसूद से खंडवा वाली मेन रोड।	हरसूद ते खंडवा रा: मेन रोड
किंतु यह आदमी नहीं बल्कि धन और अधिकार बोलते हैं।	मगर नेया होड़ो कागि लेकिन टाका ओडो पेड़े: कजिग:
निर्णय करने के पश्चात उस पक्ष के गुरू से	निर्णय रा: तयोम ते एन दल रेन गुरु ते
बंटी से पूछताछ करने में पुलिस को पसीना आया।	बंटी के कुली रे पुलिसवालागा: बलबल ओडोंग जना:
वह नेत्र चिकित्सक के कक्ष में पहुँची।	इनी मेद चिकित्स्क ता: सेटेर जनय
अध्यक्षता मोर्चा प्रवक्ता आकाश वर्मा द्वारा किया गया।	अध्यक्षता मोर्चा प्रवक्ता आकाश शर्मा ते होबा: जना:
खसरा रक्षक अभियान में प्रत्यक्ष भागीदार बनने आव्हान	खसरा रक्षक अभियान रे प्रत्यक्ष भागीदारी बइएन रा: आगाज
लेकिन हॉल अभी सूना नहीं हुआ था।	मगर हॉल ना: का सुनसान कन तइकेना
किया करते है वरना बाकी केसेस में तो	रिकायय कारे एटा: केस कोरे दो
चित्त का वर्चस्व चिंतन ही है।	चित रा: वर्जस्व चिंतन गी तना:
आज इस पार या उस पार हो ही जाए।	इसींग ने पारोम चाहे एन पारोम होबा: गी दड़ियोआ
ऐसे भी रुपया चवन्नी की नियति की ओर अग्रसर है।	एन्का दो टका चइर अन्ना रा: नियति पाड़ सेनो: तना:
वस्त्रों के लिए झगड़ता रहता था।	लीजा: को लइ लपड़इ तन तइकेना
जैसे ही मैं कार्यक्रम स्थल पर पहुंचा।	चिल्का गी आइंग कार्यक्रम रेिइंग सेटेर जना:
वस्तु बन जाती हैं स्त्री।	जना: गी बइ को: वाय एरा
माओवादियों ने मंच पर रखे माइक्रोफोन भी तोड़ दिए।	माओवादियों को मंच रे दोहो कन माइक्रोफोन केयो को रपुद केदा:
इसमें मसाला कुछ अधिक और मिर्च कम है।	नेया रे मसाला कटी: थीमबा ओडो मर्ची हुडिंग मेना:
इन्हीं कुछ वजहों से पार्टी पनप नहीं सकी।	ने कटी: कारण ते गी पार्टी का पनपाव् जना:
उसने अपने पिता और भाईयों को मिस्र में भूमि दी।	इनी: आया: अपुले ओडो हगा कोके मिस्र रे ओते ओमद कोवाय
इस बारे में कोई और बात नहीं करना चाहता।	ने बारे रे जेतय जगर काको सनंगा
इसके अलावा उन्होंने बीमारी भी फैला दी है।	नेया रा: अलावा आय: बीमारी केयो पसराव् तदय
फ़्रेंडशिप बैंड की जगह राखी बैंड बंधवा देंगे।	फ्रेंडशिप बैंड रा: उयद् रे राखी बैंड तोल रिकाया
उनके पिताजी ने भी अपनी आँखें दान करने का संकल्प	अया: अपुतेयो: आया: मेद के दाड़े रा: संकल्प
तमाम डरावनी बातें इस सवारी को लेकर उठती रहीं।	सोबेन बोरोवन कजी को ने सवारी के इदी केते बिरिद तइना
हीड्रोपोनिक्स या मिट्टी की अपनी पसंद के बारे में दिशानिर्देश	हीड्रोपोनिक्स चाहे हस्सा रा: अपना: सुकु रा: बारे रे दिशानिर्देश
बच्चे शिक्षा को तरस रहे हैं।	होन को पढ़वेन लइ तरसाव जना:
विश्व उत्तरी अमेरिका संयुक्त राज्य अमेरिका कैलीफोर्निया सैन डिएगो	गोटा दुनिया उत्तरी अमेरिका सयुक्त राइज अमेरिका कैलिफोर्निया सेेन डियगो
इकबाल ने जियो टीवी पर इस बात का खुलासा किया।	इक़बाल दो जिओ टीवी रे ने कजी रा: खुलासा कदय
युवराज सिंह की उंगली की हड्डी में चोट आई है	युवराज सिंह गा: सरसर रा: जंग रे चोट कनय
इसकी खास बात है बालों में ब्राउन कलर की हाईलाइट्स।	नेया री: खास कजी मेना: कोरे भूरा रंग रा: हाइलाइट्स
पटियेदार सीढ़ियों को गर्म होना ही था।	पटियेदार सीढ़ी कोके लोलोन: गी तइकेना
हर चीज़ के चिरस्मरणीय दृश्य का हिस्सा बन जाती है।	सोबेन चिनीज रा: चिरस्मरणीय दृश्य गा: हिस्सा बइ कोवा
आपकी कैरियर सलाहें तो सेंसेक्स की तरह चोला बदलती हैं।	अमा: कर्रियर सलाह दो सेंसेक्स लेका रंग बदलाव याय
जैसे कि उस डर में एक मधुर कंठ।	एन लेका गी एन बोरो रे मियद हेड़ेमन कजी
ऐसे महाकाल शिव की आराधना का महापर्व है शिवरात्रि।	एन लेका महाकाल शिव गा: आराधना रा: मरांग पर्व तना: शिवरात्रि
ऐसे में शासन की आय में इजाफा होगा।	नेका ते शाशन: आय रे इजाफा होबाव:
लेकिन मुझे नहीं लगता कि ऐसी कोई बात है।	मगर अइंगके का अटकरिंआ ची नेका जन कजी मेना:
और इंदु को बुला कर शगुन दे देंगे।	ओडो इंदु के केड़ा केते शगुन ओम तइया
इन सबके बिना महानगरों की कल्पना नहीं की जा सकती।	ने सोबेन रा: बेगर महानगर रा: कल्पना का होबा दड़ियोवा
हालांकि मैं यह बिल्कुल नहीं चाहती।	हलाकि आइंग नेया के एकदम काइंग सनंा गा
मैंने देखा सामने से एक रिक्शावाला आ रहा है।	आइंग नेलादइंग समनंग ते मीयद रिक्सा वाला हिजु: तनय
शील जम कर बेड पर बैठ कर मैच देखने लगी।	शील जमव के: बेड रे दुब केते मैच मेनेलतइनाय
राज्य में उसकी सरकार तो होगी।	राइज रे इनजा: सरकार दो होबाव:
राजनैतिक दृष्टि से मोदी का बिहार दौरा काफी महत्वपूर्ण रहेगा।	राजनैतिक दृष्टि रे मोदी गा: बिहार होनोर थीमबा महत्वपूर्ण तइना
थाप चांटा का लघुक्रोधित वर्ज़न है।	ताहुड़ी चटकन रा: हुडिंग खिस तना:
मैने कभी अश्लील या द्घिअर्थी कॉमेडी फिल्म नहीं बनायी है।	आइंग चिवलाव अश्लील चाहे बरीया अर्थ रा: कॉमेडी सिनेमा कइंग बइया कद:
पहले कालावस्त्र विराध एवं ष्षोक प्रदर्षनार्थ ही मान्य था।	सिदा हेंदे लीजा: विरोध ओडो दुकू नेल रिका गी मनातिंगो तइकेना
भगदड़ में सीढ़ी से गिरकर दर्जनभर छात्र जख्मी	भगदड़ रे सीढ़ी ते उयु: के ते दर्जन भर छात्र को घाव जना
उम्र के दो अलग अलग पड़ावों पर खड़े रचनाकार।	उम्र रा: बरिया एटा:-एटा: पड़ाव रे टिंगू कन रचनाकार
कांग्रेस के केवल एक उम्मीदवार ने जमानत खोई।	कांग्रेस रेन मीयद उम्मीदवार जमानत अद केदय
माँग रहे है हमसे ही अब मदद	असी तनाको अले तेगी ना: दो मदद
निवेशकों की मुनाफावसूली से काली मिर्च वायदा में गिरावट	निवेशक कोवा: मुनाफावसूली ते काली मिर्च वायदा रे उयु:
दुकानों पर सरकार का एकाधिकार बना रहा।	दुकान कोरे: सरकारा: मीयदाधिकार बइया कन तइकेना
यह होता है नतीजा फ़िल्म को कान से सुनने का।	ने नतीजा होबावा फिल्म के लुतुर ते अयुम रा:
पूरे अट्ठाईस दिन पांच फेस में वोट पड़ेंगे।	पूरा: हिस्सी उरम सिंगी मोड़ेया फेज रे वोट पड़ा:वा
विकास के नाम पर नदियों की अन्त्येष्टि का प्रयास	विकार रा: नुतूम रे नाइ कोवा: तोपा रा: प्रयास
ऐसे बिखरे हैं रात दिन जैसे	नेका पसराव कना निदा सिंगी जैसन
आकाश में बादल छाए हुए थे।	सिरमा रे रिमिल तन तइकेना
अब माइक विश्व सुन्दरी की तरफ।	ना: दो माइक विश्व सुंदरी पाड़
गांवों तक रोशनी पहुंचाना चाहते हैं सचिन	हातु को सन मरसल सेटेर सनंग तनय सचिन
उसी पर अपनी उंगलियों को चलाते	ऐना रेगी आया: सरसर के चलावतन
मैं विनम्रता से अपनी असहमति दर्ज करता हूँ।	आइंग नरम ते अपना: असहमति उदुबेयाइंग
उन्होंने उसे बल्ले से मारा भी।	आया: इनी: के बल्ला ते योगी मौर कीजाय
प्रतिबिम्बित हो बरखा की बून्दों से किरन धूप की कोई	मरसलो: तना: गमा: रा: छिटकव ते मरसल सिदुम रा: जाय
स्वयं एकता परिषद को इसका अच्छा अनुभव है।	स्वंय एकता परिसद के नेया रा:बेस अनुभव मेना:
बुश पर जूते फेंकों और प्वॉइंट्स बटोरों।	बुश रे जूता दुड़ींगेपे ओडो पॉइंट्स नमे: पे
यह वृक्ष मूर्तिमान श्री विष्णुस्वरूप है।	ने: दारू: मूर्तिमान श्री विष्णुस्वरुप तनी:
पुलिस ने उन पर आरोप लगाया है कि उन्होंने	पुलिस इनकुवा: रे दोष लगाव कदय ची इन्कु
फिजूलखर्ची उनके पास से होकर नहीं फटकती।	फालतू खर्चा इनकु ता: का नड़ेजोवा
और यहाँ तक कि नाटक में यदि कभी कोई महाशक्तिमंच	ओडो नेता: सन ची नाटक रे अगर जा इमतंग जाय महाशक्तिमंच
हमारे सहयोगी समाचार चैनल टाइम्स नाउ ने उससे बात की।	अलेया सहयोगी समाचार चैनल टाइम्स नाउ इनकु लो: जगर केदय
मीठा और तला खाना नहीं खाया।	हेड़ेम ओडो छनाव कन मंडी कय जोम केदा:
लॉस एंजिल्स के बारे में सबसे लोकप्रिय मिथकों	लॉस एंजेलेस रा: बारे रे सोबेन कोते: लोकप्रिय मिथक
ये तेरे आधे का पार्टनर है।	नी: अमा: आधा रा: पार्टनर तनी:
पैर सीधे फैले हुए और शरीर पीछे	कटा सोझ पसराव कन ओडो होड़मो दोया
घटना धनसोई थाना के मुदनपुर गांव की बताई जाती है।	घटना धनसोइ थाना रा: मुदनपुर हातु रा: उदुबो: तना:
लेकिन इस साल सारा समीकरण बदल गया है।	मगर नेसकन सोबेन समीकरण बदलाव कना:
वैसा मैंने यूं ही कहा था।	एन्का आइंग ऐसे गी कजीला:
इस समय राखी बांधी जा सकती है।	ना: राखी थोल दड़ीयोवा:
यह गुढ मंडप और नवचौकी से मिलकर बना है।	नेया गुढ़ मंडप ओडो नवा चौकी ते बइया कना:
मक्का वालों ने वहां भी आक्रमण किया।	मक्का रेन को नेता: रे को लड़ाई केदा:
हर आदमी को अपनी बात रखने का अधिकार है।	सोबेन होड़ो कोके अपना: कजी दोहो रा: अधिकार मेना:
आज बिना पैसे किसी चीज़ में कोई रस नहीं है।	ने समय रे बेगर पैसा जन चीज रे जेतन रस बनो:वा
सोनी सलमान के बहुत बडे प्रशंसक है।	सोनी सलमान गा: बहुत मरंग प्रसंसक तनी:
पर अब ऐसी स्थिति नहीं है।	मगर ना: दो ऐसन दशा बनो:वा
पास का तालाब लबालब भरा पड़ा है।	नड़ेज रा: पोखरा लबालब फेरेजा कना:
जया केतकी द्वारा संतोष श्रीवास्तव का साक्षात्कार	जया केहकी पायते संतोष श्रीवास्तव गा: साक्षात्कार
रख लेते हैं सम्हालकर हृदय में।	दोहो: ता:ईं सम्मड़ाव केते सुरुद रे
अंपायरों ने क्रिकेट को नीचा दिखाया है।	अंपायर को क्रिकेट के निचा देखाव कदा: को
सारे फोटो एक से बढ़ कर एक।	सोबेन फोटो मियद ते मियद बढ़व केते
आप निम्नलिखित का उपयोग कर सकते हैं <	अम निम्नलिखित रा: उपयोग दड़ीया
कैसे सफलता प्राप्त करने के लिए	चिलका सफलता नमो: लगिन
अपने घर का सपना साकार कर सकते हैं।	अपना: ओडा: रा: कुमु साकार दड़ीया
बहुत अच्छा काम है रविकुमार रावतभाटा जी का।	खूब बेस कामी मेना: रविकुमार रावत भाटा जी गा:
आप आवेदन के साथ नए ब्रॉडबैण्ड कनेक्शन	अम आवेदन लो: नवा ब्रॉडबैंड कनेक्शन
पुलिस को यहां से नोट गिनने की मशीनें भी मिली।	पुलिस के नेता:यते टका गिनती रा: मशीन हो नमजना
जिससे मुझे तांडव नृत्य करना पड़े।	चिलका ते ची आइंगके तांडव सुसुन पड़व जना:
लक्ष्मणदास से हमने वहां लगे तीन पेड़ों के नाम जाने।	लक्ष्मणदास ने अले एनता: रे रोयाकन अपिया दारू रा: नुतुम सरी जनाले
मैं झट से वापस आई और झांक कर देखा।	आइंग सेकेड़ाते रुवड़ जनइंग ओडो लोडो केतेइंग नेलादा
हाल ही में एक राष्ट्रीय वोट के नाम	हाल रेगी मियद राष्ट्रीय वोट रा: नुतूम
इस पहाड़ का आकार बैल की तरह है।	ने टोंगरी हड्डा लेका मेंना:
प्रेम में दोनों अडीग रहे पर बाजी उसने ही जीती।	दूलड़ रे बरन कीन अडीग तइकेना कोन मगर बाजी अय: गी जीताव जना:
द डार्क साइड पर एक चलना »	द डार्क साइड रे मियद सेसेन
बाकी मेट्रो स्टेशनों पर सर्विस सामान्य रहेगी।	ऐटा: मेट्रो स्टेशन कोरे: सर्विस सामान्य तइना
मैं आपका ध्यान चकबंदी की ओर दिलाना चाहूंगा।	आइंग अमा: ध्यान चकबंदी पाड़ नेम रिका सनंग तनइंग
जहाँ तक हो कम दूरी के लिए पैदल जाएँ।	चिमीन सन दड़ीयोवा हुडिंग संगीग लगिन पैदल सेनेपे
तब प्रकाश शायद इस पेशे में नहीं आये थे।	इमतंग शायद प्रकाश ने पेशे रे कय हिजुवाकन तइकेना
कोपनहेगन के लिए मौसम के औसत	कोपेनहेगेन लगिन मौसम रा: औसत
पल भर हँस लें मन की बात पर।	पल भइर लंदाय पे मोन रा: कजी रे
दोनों ही बीजेपी के सुदृढ़ समर्थक हैं।	बरन कीन बीजेपी रेन सुदृढ़ समर्थक तन कीन
रात्रि को एक हॉल में दस आदमी सो रहे हैं।	अयुब पाड़ मियद हॉल रे गेलेअ: होड़ो को दूड़ुम तना:
वह तो कोलाहल में ही बहुत व्यस्त हैं।	इनी: दो कौरी रेगी खोब व्यस्त मेनाइया
जो इंटरनेट के रूप में आपके सामने है।	जे ची इंटरनेट रा: रूप रे अमा: सनमंग रे मेना:
पेशेवर लोगों को कम चुनौतियों का सामना करना पड़ेगा।	पेशेवर को के कमती चुनौती रा: सामना पड़ा:वा
ये सब आखिर क्यों और कब तक।	नेया: सोबेना: आखिर चिमिन सन
ईरान के विदेश मंत्री की दक्षिण अफ़्रीक़ा की यात्रा	ईरान रेन विदेश मंत्री गा: दक्षिण अफ्रीका गा: यात्रा
यही से उनकी राजनीतिक जीवन यात्रा आरम्भ हुई।	नेता: ते गी: इनीजा: राजनितिक जिनीद यात्रा शुरू जना:
चरण विपरीत छवि चढ़ाना पांच घंटे के बाद कुछ विस्तारित	चरण एटा: छवि रकब मोड़ेया घंटा रा: तयोम कटि: विस्तारित
यही हुआ हाल में बस्तर के जंगलों में।	ने हाल गी जना बस्तर रा: टोनंग कोरा:
उन्होंने दर्शकों के दिलों को छुआ।	इनी: दर्शक कोवा: सुरुद के चुटी: केदाय
बल्कि इनमें तात्कालिक राजनैतिक एवं सामाजिक परिवेश का भी	एनारे तात्कालिक राजनैतिक ओडो सामाजिक परिवेश रा: हो
लिए दुर्योधन का हाथ स्तम्भित क्यों नहीं किया?	दुर्योधन रा: ती: चीना: लगिन कय स्तंभित केदा:
जब नहर नहीं थी तो यहां अरहर और	जे इमतंग नहर का तइन केना इमतंग नेता: रउड़ी ओडो
आदि संकेतों से सम्बोधित किया गया है।	एटा: संकेत ते कजीयद कोवा
डॉक्टरों ने भी बाइपोलर डिसऑर्डर बताया है।	डॉक्टर को यो बाइपोलर डिसऑर्डर उदुब केदाको
डालकर पीने से खाँसी और दमा में राहत मिलती है।	साजु केद नुवे रे कु: ओडो दमा ते राहत नमोवा
कहु नानक हम नीच करमा ॥	कजीय: नानक अले लतर करमा
दिन में गर्म शाम को मिली थोड़ी राहत	सिंगी रे लोलो अयूब सांझ रे कटी: नम जना राहत
विद्यार्थियों ने दिखाया खेलों में दमखम	विद्यार्थी को एने: रे दमख़म को देखाव केदा
उस अँधेरे कमरे में वह सरुमा के सामने जा पहुँची।	एन नुबा: कमरा रे इनी: सरूमा गा: अयूर रे सेटेर जना:
कबीर साहब के यहाँ चला जाये।	कबीर सायोब ता: सेन चाही
तभी दूसरे किसी डब्बे से एक आर्तनाद गूँजा।	इमतंग गी ऐटा: डब्बा ते मियद आर्तनाद अयुम जना:
यह युवा खिलाड़ियों के लिए बहुत बड़ा मौका है।	नेया जवान खिलाड़ी को नंग बहुत मरंग मौका मेना:
वह उसके साथ टहलने जाया करता था।	अय: इनि: लो घुमावेन सेन तन तईकेना
जिनकी जाति है वे शुद्ध है।	ओकोया: जाति मेना: इनकु शुद्ध मेना: कोवा
विज्ञान किन चीजों का निषेध करता है?	विज्ञान ओकोन चीज के मनायाय
पकड़ा और उसका कान पकड़े हुए सामने लाये।	सब किजाय ओडो लुतुर सब केते सनमंग रे औ: कीजा
युवती नेपाल से अपने प्रेमी के साथ भागकर आई थी।	दंगड़ी नेपाल ते अया: दुलाड़ लो: नीर केते हिजु: लेनय
रास्ते में एक जगह जानवर भी दिखा।	होरा रे मिद ता: रे जानवरोय नेल जनय
उनकी पढ़ाई मुरादाबाद में हुई है।	इनीजा: पढ़ाई मुरादाबाद रे होबा कना:
बनते हुए सभी ने देखा है।	बीइयो: तन सोबेन को नेला कदा
तुम अपने पड़ोसी की तुलना में हरियाली हो सकता है	अम अमा: पडोसी गा: तुलना रे हरियार होबा: दड़ीयोवा:
तब यह सवाल नहीं पूछते आप?	एन समय ने सवाल कम कुलीया: अम?
वीआईपी कोटेवालों को ही चंदन की लकड़ी मिलती है।	विआईपी कोटा रेन को गी चन्दन रा: सहन नमो:वा
सलमान के बाद ऐश का रोमांस विवेक से चला था।	सलमान रा: तयोम एश गा: रोमांस विवेक लो: सेसेन केना:
रोगी को नियमित रूप से व्यायाम करना चाहिए।	रोगी के रोज दिन व्यायाम रिका चाही
सारे जहां से अच्छा हिंदोस्तां हमारा।	सोबेनाते सुगड़ हिंदुस्तान अबूआ:
किस मुह से हम देश प्रेमकी बात करते है?	ओकोन मोचाते अबू दिशुम दूलड़ रा: कजी बू कजीया:
उसने रानी का हाथ पकड़ा और अपनी कुटिया में	इनी: रानी गा: ती: सब केयाते अया: कुटिया रे
जामिद के हाथों से मिठाई बांटी गई।	जामिद गा: ती: ते मिठाई हटिंग जना
लेकिन वे जोर से नहीं हँसते थे।	मगर अय: जोर ते कय लंदा तइकेना
समूह एक अतिरिक्त डिस्क पर दूसरा	समूह मियद अतिरिक्त डिस्क रे एटा:
साहित्य भी विलासिता के संक्रमण से मुक्त नहीं रहा।	साहित्य हो विलासित रा: संक्रमण ते मुक्त का तइजना:
यहां अखबारों के बीच जंग बेहद तेज हो गयी है।	नेता: रे अख़बार रा: तला रे लड़ाई बेसे जोर कना:
चिट्ठी के साथ कुछ दस्तावेज भी हैं।	चिट्टी लो: जन दस्तावेज हों मेना:
धमाके की जांच होगी और दोषियों को बक्शा नहीं जाएगा।	धमाका रा: जाँच होबावा: ओडो दोषी को काको बगीयो:वा
तुम सभी को शान्ति का रास्ता बताते हो।	अम सोबेन कोके शांति रा: होरा उदुबोकोदम
लोग कृष्णवर्ण के और कलाप्रिय थे।	होड़ो को कृष्णवर्ण के कलाप्रिय तइ केना को
क्रेडिट कार्ड स्वीकार बजट होटल सुरक्षित नहीं हैं?	क्रेडिट कार्ड स्वीकार बजट होटल सुरक्षित बनो:वा
क्योंकि ऐसा करने पर वे मेरे ऊपरी बन जाएँगे।	चिया:ची नेका लेरे अय: अइंआ चेतन बइयो:वाय
और हिल तो राष्ट्रपति कैनेडी भी गए थे।	ओडो राष्ट्रपति कैनेडी हो हीलाव कन तइकेनाय
भाषा को अपनी अभिव्यक्ति का माध्यम बनाये हुए है।	भाषा के अपना: अभिव्यक्ति रा: माध्यम बइया कदय
यह सवाल है कि संयुक्त राज्य अमरीका आज	सवाल नेया तना: ची सयुक्त राज्य अमरीका इसंग
वे लंबे समय से अंधविश्वास विरोधी अभियान चला रहे थे।	इनि: जीलींग समय ते अंध्विश्वास विरोधी अभियान चलाओ तइनाय
गुफ्तगू करते वेद प्रताप वैदिक और राहुल देव	जगर तन वेद प्रताप वैदिक ओडो राहुल देव
हमले में राजनाथ की बेटी को भी चोटे आई है।	हमला रे राजनाथ गा: होन कुड़ी केयो चोट लगाओ कना:
इसी तनाव के कारण मैं सीधे होटल पहुंच गई थी।	ने तनाव रा: चलते आइंग सोझगी होटल सेटेर कन तइकेनाइंग
मारने का अभिनय करती पर मारती किसी को नहीं।	हुम्मा: रा: नाटकयाइंग मगर जेतय के कइंग हुमागा:
अपनी व्यवस्था और अपनी भाषा के विरोध में लिखेंगे तो	अपना: व्ययस्था ओडो अपना: भाषा: रा: विरोध रे ओले: रे
क्या आप एहसान अली को जानते हैं?	चीना: अम एहसान अली केम सरिया?
हमारे शरीर पर असंख्य रोमछिद्र होते हैं।	अबूआ: होड़मो रे बेसे थीमबा रोमछिद्र तइना
सलाह मानने के लिए आपका धन्यवाद	सलाह अयुम लगिन अमके जोवर रुवड़
इनके अलावा और क्षेत्र भी होंगे।	नेया के अलावा हडो क्षेत्र हो होबाओ
डॉक्टर श्रीवास्तव से कल इसे इंजेक्शनदिलाउँगा।	डॉक्टर श्रीवास्तव ते गपा इंजेक्शन लगाओ यांग
देर शाम तक बाजारों में भीड़ बढ़ी रही।	साँझ सन ते पीठ रे भीड़ बढ़ाओ जना
लैपटॉप वाले गुंडे बदमाशों को दिखा कर भी ठीक किया।	लैपटॉप रेन गुंडा बदमाश कोके देखावो केते रे: यो बुगीन केदाय
हबीब वहां चाय नहीं पीता था।	हबीब एनता: रे चाहा कय नु तइना
उसने ऐसा ही किया और मुख्यमंत्री संतुष्ट हो गए।	इनी: नेका गी रिका केदय ओडो मुख्यमंत्री संतुष्ट जनय
मध्यस्थ के बिना विक्रेता से संपर्क करें	रा: बेगर अखरिंग वाला लो: सपंर्क एम
उधर फूफा ने मम्मी को बिलकुल नंगा कर दिया।	एनते फूफा दो उम्मा के एकदम गी लंटा केना
तब भी यह एक सपना ही था।	एना रेयो नेया मियद कुमु गी तइन केना
झूट को सच कहूँ मैं ये संभव नहीं॥	बेदा के सरी कजीयाइंग नेया संभव बनोवा:
इन सभी को साउथ टीटी नगर में रहने वाली	नेया सोबेन के दक्षिण टीटी नगर रे तइन नी:
पास से लेकर दूर तक दूर से लेकर पास तक	नड़ेजेते इदी केद संगी: सन एगीं ते इदी केते नड़ेजसन
ऐसा पहली बार नहीं हो रहा है।	नेका मिसा: का होबावो: तना
अभी उसकी चूत की सील नहीं टूटी थी।	ना: इनीजा: लंडी री: सील का ठोय: लेना
अंबेडकर और गांधी की सोच में एक बुनियादी फर्क था।	आंबेडकर ओडो गाँधी गा: सोच रे मियद बुनियादी फर्क तइकेना
आख़िर ये कौन लोग हैं?	आखिर ने को ओकोय को तनको?
जूही चतुर्वेदी इस फिल्म की हीरो हैं।	जूही चतुवेर्दी ने फिल्म रेन हीरो तनी:
बात भीड़ में पहचान की नहीं है।	कजी भीड़ रे उरुम रा: नहला
क़यामत थे और उसके तीर का निशाना मौत का सन्देश।	आखरी तइकेना ओडो इनीजा: तीर रा: निशाना गोनोए: रा: सन्देश
तीसरे मोर्चे का नेतृत्व भाकपा के हाथ में है।	अपिया मोर्चा रा: नेतृत्वा भाकपा गा: ती: रे मेना:
वह चाहता था कि सरकार को अपना दुखड़ा सुनाऊँ।	इनी: सनंग तइनय ची सरकार के अया: दुकू उदुब
एक तीव्र इच्छा ही तीव्र प्रोत्साहन ला सकती है।	मियद तीव्र सनंग गी तीव्र प्रोत्साहन औ: दड़ीया
यहां आने वाले के सकल कारज सिद्ध होते हैं।	नेता: हिजु: वाला कोवा: सोबेन कमी पूरा:वा
मैं एक्ससिते हो रहा था।	अइंग रसिका:वो: तइनइंग
इसी का फ़ायदा मायावती उठा रही हैं।	नेया रा:गी फायदा मायावती उठाव तनाय
इसे किस रुप में देखा जाए?	नेया के ओकोन रूप रे नेल चाही
यह अस्थाई दौर हो सकता है।	नेया अस्थाई समय होबा: दड़ीयो:वा
चलो एक कप चाय हो जाये	दोला मियद कप चाहा होबा: को:
इसमें तंतु बिखरी हुई कोशिकाओं के रूप में रहते हैं।	नेया:रे तंतु पसराव कन कोशिका रा: रूप रे तइना
मध्यरात्रि में भी उन्हें प्रार्थना करते देखा जा सकता था।	थला नुबा: इनी: के विनती तन नेल दड़ीयो:वा
स्वदेश लौटते समय उनके साथ कुछ भारतीय विद्यार्थी थे।	अपना: दिशुम रुवड़ इमतंग इनी: नो कटी: पढ़वेन भारतीय को तइकेना
दोनों एक दूसरे को संपोषित करते रहते हैं।	बरन किन अकिन असुल बड़ा ना: कीन
इसमें यूनिकोड हिन्दी में टाईप करना मुश्किल था।	नेया रे यूनिकोड टाइप मुश्किल तइकेना
बहुत से गरीब फर्जी भी हो सकते हैं।	चिमीन रेंगे: रबंग को नकली होबा: दड़ीया: को
पाकिस्तान के पूर्व वायुसेनाध्यक्ष अब्दुल अहमद	पाकिस्तान रेन सिदा वायुसेनाध्यक्ष अब्दुल अहमद
आमिर ने बहन की खातिर ली छुट्टी	आमिर मिसिया: नगीन छुट्टी औ केदाय
आपके लोगों ने किया है या हमारे लोगों ने।	अपेया: होड़ो: को रिका कदा ची अलेया: होड़ो को
व्यक्ति के बारे में सोचती रही।	होड़ो रा: बारे पहम तइनाइंग
नीचे कुछ आई एम ई का लिंक दिया गया है।	लतर कटी: आई एम् ई रा: लिंक एमो: कना:
पर बर्फ का प्रयोग कभी न करें।	मगर बर्फ रा: प्रयोग चिवलाव अलपेया:
चिल्लानेवाले चिल्लाते रहते हैं और धर्म गंगा बहती रहती है।	कौरी वाला को कौरीयाको ओडो धोरोम रा:गंगा अतुआ: अतुवो:वा
अब फक करने का समय आ गया है।	ना: दो फक रा: समय हिजु: कना:
आखिर में कांग्रेस घोषणापत्र की समीक्षा होगी।	आखरी रे कांग्रेस घोस्नापत्र गा: समीक्षा होबा:वा:
इस तरह के न जाने कितने घरेलू धंधे उन्होंने चलाए।	ने लेका रा: इदू चिमीन घरेलु धंधा कोय चलाव केदा
रेत की मानिंद मेरी हाथों से	धुड़ी लेका आइंआ: ती: रे
भारतीय मीडिया में पारिवारिक मिल्कियतवाली कंपनियों का बाहुल्य है।	भारतीय मीडिया रे पारिवारिक मिलीकयत वाला कम्पनि कोरा: बाहुल्य मेना:
औसत ही मिला था उसे जीवन	हुडिंग गी: नमाकन तइकेना इनी: के जिनीद
आख़िर विज्ञान तब भी बहुत विकसित था।	एन समय रेयो विज्ञान थीमबा विकसित तइकेना
उसके बदन के सारे कपड़े उतार दिए हैं।	इनीजा: होड़मो रा: सोबेन लीजा: अड़गु कना:
हम उम्रों की जमात में बाबूजी का मन लगा रहेगा।	हम उम्र कोवा: भीड़ रे आबा रे मन लगव कन तइना
गांधी जी की धरती पर चापलूसों की तानाशाही	गाँधीजी गा: ओते: रे चापलूस कोवा: तानाशाही
कृष्णा पुनिया को नहीं मिलेगा खेल रत्न	कृष्णा पुनिया के का नमो:वा खेल रत्न
गोपीनाथ जी इस वक् त प्रायः नहीं होते थे।	गोपीनाथ ने समय रे एनका काय तइना
अन्य एम्बुलेंस चालक भी एकत्रित हो गए।	एटा: एम्बुलेंस चलाव् वाला कोयो: को जमा जना
इस दफे अमर की नींद उड़ना स्वाभाविक है।	ने समय अमर गा: दूड़ुम ओटांगो: स्वाभिविक मेना:
पहले वाली गीता विषादग्रस्त चित्त से सुनी गयी थी।	सिदा रेन गीता विषादग्रस्त मोन ते अयुमा:कन तइकेना
हर विषय पर राजनीति करना देश के लिए घातक है।	सोबेन विषय रे राजनितिक रिका दिशुम लइ हानि मेना:
दावा करने वाला रिसर्च के बाद प्रारंभिक आवेदन करता है।	दावा वाला को रिसर्च रा: बाद प्रारंभिक आवेदनेयाको
और अब आप कहते हैं तलाश करूँगा।	ओडो: ना: कजी तना दड़:इयइंग
हरिमोहन शर्मा रिंग रेलवे की क्षमता के कायल हैं।	हरिमोहन शर्मा रिंग रेलवे गा: क्षमता रा: कायल मेना:इया
तुरन्त क्रिया शुरू हो जाती है।	एन लो: गी कामी एटे: कोवा:
इस युग में एक महान् वीरशैव संत का अवतार हुआ।	ने युग रे मियद् महान वीरशैव संत रा: अवतार होबा: जना:
ऐसे दयाराम तो समाज मे आम दिख जायेंगे।	नेका दयाराम दो समाज रे ऐसे गी:को नेलो:वा
सती को यह थोड़ा अजीब लगा।	सती के नेया कटी: अजीब अटकर कीजा
भाईसाहब आप किस दुनिया मे रहते हैं?	हग्गा आम ओकोन दिशुम रे तइनाम
और चद्दर की गर्मी न लेने का पछतावा हुआ।	ओडो चद्दर रा: लोलो का इदी: रा: पछतावा होबा: जना:
तीन दिनों तक वहीं जिंदगी के लिए संघर्ष करता रहा।	अपि सिंगी एनता: रे जिनीद लगिन लड़ाई केनाय
कविता के अन्तिम रूप में वह इस प्रकार आयी हैः	कविता रा: आखरी रूप रे एना ने लेका हिजु:वा कना
चोर मकान के पिछवाड़े की दीवार तोड़कर अंदर घुसे।	कुंमड़ु को कुंडम रा: भीत धंसाव केद भीतर को बोलो जना
कोई भी कार्य पूरा नहीं हुआ है।	जेतन कामी का होबा: कना:
मैंने सीखा मात्र है औरों के दुखों से उलझना	आइंग सीखाव कन भइर मेनाइंगा एटा: कोवा: दुकु रे पसेन
यह एक और आजादी की लड़ाई होगी।	नेया मियद ओडो आजादी रा: लड़ाई होबा:वा :
कांग्रेस में रोज़गार गारंटी योजना पर चर्चा	कांग्रेस रे रोजगार गारंटी योजना रे चर्चा
एनडीटीवी करेगा देवोस से विश्व इकॉनोमिक्स फोरम का लाइव प्रसारण	एनडीटीवी रिका:याय देवोस ते गोटा दिशुम रे इकोनॉमिक्स फोरम रा: लाइव प्रसारण
याद करते है तुम्हे तनहाई में।	यइद मेयइंग अमके एस्कर रे
दूर सोड़ा गांव की सरपंच हैं।	संगीं: सोड़ा हातु रेन सरपंच तनी:
बे वारसी से आगरा ऐसा हुआ तबाह।	बे वारसी ते आगरा नेका तबाह जना:
पानी भी इतना मीठा कि आत्मा तृप्त हो जाए।	दा: यो नेका हेड़ेम ची आत्मायो: गी को:वा
गूगल वेव पर अगली प्रविष्टि अजीब त्रुटि	गूगल वेब रे एटा: प्रविष्ट अजीब दोष
अन्ततः अकेलेपन की गूंज सुजय पर हावी हो गई थी।	आखरी रे एस्कर रा: अयुम सुजय रे हावी जन गिया:
चार दिन के रिमांड पर अफीम रखने का आरोपी	उपुन सिंगी रा: रिमांड रे अफीम दो:हो: रेन आरोपी
भावनायें आदमी में मुस्कान बिखेरती हैं।	भावना होड़ो रे लंदा पासराव याय
उन्हें जांच के परिणाम देखकर खुशी हुई।	इनी: जाँच रा: परिणाम नेल केयते रसिका जनय
यह भी सोचने का एक तरीका है।	नेया:वगी पहम रा: मियद तरीका तना:
जो होना था सो हो गया।	जो होबाव: तइकेना ऐना होबा: जना:
हरेन की हत्या पर संस्पेस बरकरार	हरेन रा: गोनो:ए रे शक मेना:गीया
अजमल कसाब को फांसी पर लटकाया गयानई दिल्ली।।	अजमल कसाब के फांसी रे को डूंगा कीजा नई दिल्ली
उस पर पूरी मजूरी भी चुका दूँ।	इनीजा: रे गोटा सुकुयोइंग एम् ता:
कर्नाटक चुनाव में कांग्रेस को मिल पाएगा पूर्ण बहुमत?	कर्णाटक चुनाव रे कांग्रेस के नमो:वा पूर्ण बहुमत
सूचना पर अस्पताल में कई पुलिस पदाधिकारी पहुंचे।	सुचना रे अस्पताल रे चिमीन पुलिस रेन सायोब को सेटेर जाना
डेढ़ महीने पहले खबर मिली कि उनकी मौत हो गई।	डेढ़ चण्डु: सिदा खबर नम जना: ची इनी: गोय: जनय
मनाली होटलियर्स एसोसिएशन की एक आपात बैठक मनाली में हुई।	मनाली होटलिएर्स एसोसिएशन रा: मियद आपात दूनुब मानली रे होबा जना:
आइए जानते हैं इनके बारे में।	एलाबू सरिया: नेया रा: विषय रे
बाउंड्रीवाल बनाई जाएगी और अतिक्रमियों को हटाया जाएगा।	घेरा रा: भीत बाइयो:वा ओडो अतिक्रमी को अतोमो:वाको
यह उनके सोच का संकट है।	नेया इनकुवा: पहम रा: संकट तना:
सदानन्दजी भी मंडली से दोस्ताना अंदाज में नहीं मिलते।	सदानंदजीयो: मण्डली रे गति लेका काय नपामा:
छत्तीसगढ़ से आईजी नक्सल आपरेशंस गिरिधारी नायक बैठक में थे।	छत्तीसगढ़ ते आईजी नक्सल ऑपरेशन गिरिधारी नायक दूनुब रे तइकेनाय
कर रहे है और औरत आदमियां से	रिका तनय ओडो एरा होड़ो कोलो:
आप सुधीजनों के विचारों की प्रतीक्षा रहेगी।	अपे सेड़ान होड़ो कोवा: विचार रा: इंतजार तइना
ममता जी अब भी बेखयाली में हैं।	ममता जी ना: सन बेपरवाह मेनाइया
ऐतिहासिक घटनाओं में एक घटना घट गयी।	ऐतिहासिक घटना रे मियद घटना घटव जना:
पर वास्तव में यह बहुत ही असामान्य बात है।	मगर वास्तव रे नेया बेसे असामन्य जगर तना:
आप रात को किसी भी समय यहाँ उतर जाइ	अम लिका जा इमतंग रेयो अड़गु को:मे
उनसे वेद सम्मेलन की कल्पना जानने मैं काशी गया।	इनी:जेते वेद सम्मलेन रा: कल्पना सरीन आइंग काशी सेन केनाइंग
आनंद भवन के आसपास मौजूद लोगों से पूछताछ होने लगी।	आनंद भवन रा: नड़ेज तइकेन होड़ो कोते: कुपली होबावो: तइना
गाँव में अभी भी चुप्पी पसरी थी।	हातु रे ना: जकेद हप्पा पसराव कन तइकेना
ऊह् मे निहित ये अर्थ व्यूह में स्पष्ट हैं।	ऊह रे निहित ने अर्थ व्यूह रे स्पष्ट मेना:
रेस्तराँ में लंच के वक़्त की भीड़ थी।	होटल रे लंच रा: समय रा: भीड़ तइकेना
इसलिए पाठक के लिए दोनों ही बेहद प्यारी रचनाएं हैं।	एनका ते पाठक लगीन बरना: गी बेस रचना तना:
कमेला बोले तो जहाँ जानवरों को काटा जाता है।	कमेला कजी केदाय की एनता: रे जानवर कोके: गोए: कोवा:
जहां उसकी हालत स्थिर बताई जा रही है।	एनता: रे इनीया: हालत स्थिर उदूबो: तना:
लेकिन ऋषभदेव जी के साथ ऐसा नहीं है।	मगर ऋषभदेव लो: नेका बनो:वा:
भीड़ जोश में आ गई है।	भीड़ जोश रे हिजु जना
जूतों पर पतली लाल जोंकें लपलपाने लगीं।	जूता कोरे पतली आरा: जोंके को लपलपाव तनाको
फिर मैंने हाथ उसकी ब्रा के अंदर डाल दिया।	एनते आइंग ती: इनीजा: ब्रा भितराइंग साजु केदा:
मैं चारपाई पर लेटा हुआ था।	आइंग पारकोम रेइंग गीतिजा: कन तइकेना:
गुजर रहे आनन्द का कोई साथी नही।	सेनो: तन आनंद गा: जेतन गति कहा
मकान मालिक पर भी प्राथमिकी दर्ज की गई है।	ओडा मालिक गा: रेयो प्राथमिकी दर्ज जना
इस पर प्रधानमंत्री को स्थिति स्पष्ट करनी चाहिए।	नेया रे प्रधानमंत्री के स्तिथि स्पष्ट चाही
वह गांधी ही थे जिन्होंने किसान आंदोलन को दबाया।	आए: गाँधी गी: तइकेना जेची: किसान आंदोलन के दबाव केदा:
दादी की वे सींगें इसका प्रमाणहै।	अजींआ एन सींग को नेया रा: प्रमाण तना:
ग्रह अनुकूल नहीं होन के कारण ऐसी स्थिति बनाती है।	ओडा: अनुकूल का तइन रा: चलते नेका स्तिथि बई को:वा
उनका व्यवहार मुझे बेहद पसंद था।	इनीजा व्यवहार आइंग बेसे मजूर तईनकेना
और यह सब पुरातन जमाने से चला आ रहा है।	ओडो नेया सोबेन नंग को परीयातेगी हिजु: तना:
उन्नीसवीं शताब्दी के मध्य इसका निर्माण हुआ।	उन्नीसवीं शतब्दी रा: थला: रे नेया बइ जना:
नीचे प्रायोजन के अवसरों कि स्नोबोर्डिंग	लतर प्रयोजन रा: अवसर कोरा: स्नोबोर्डिंग
धार्मिक व व्यावसायिक यात्रा के योग रहेंगे।	धार्मिंक ओडो व्यवसाहिक यात्रा रा: योग तइना
इसका आसरा लेकर जीना खराब है	नेया रा: आसरा इदी केद जीदन ख़राब तना:
एक स्तर पर इसे अपराधी मानसिकता कह सकते हैं।	मियद स्तर रे नेया के अपराधी मानसिकता को कजी दड़ीया:
प्रकाशित दो लेखों के लिए चलाया गया था।	छपा कन बरीया लेख लगीन गी चलवकन तइकेना
उन्होंने कहा कि अब आगे इस दिवस को	आए कजी: केदा: ची: ना: दो आयर ते ने दिन के
की मनुष्य गणना की रिपोर्ट में इस	होड़ो गिनतीया: रिपोर्ट रे नेया के
जेआरडी टाटा ने ये शब्द यूं ही नहीं कहे थे।	जेआरडी टाटा दो: ने कजी: के ऐसे गी कय कजी: लेदा:
खानाबदोश यानी जिसका घर अपने कंधे पर है।	खानाबदोश मतलब ओकोया: ओडा: आय:
उसका पति चेकों पर फर्जी साइन करता है।	इनी:या कोड़ा: चेक कोरे फर्जी सहीयाय
कुछ अच्छे किस्म के सस्ते शेर	कटी: बेस किस्म रा: सस्ता शेर
इसके लिए आपकी लागत भी बहुत अधिक नहीं होगी।	नेया लइ अमा: लागत हों थीमबा का तइना
इस दौरान तनीषा ने कुशाल पर हाथ भी उठाया।	निमतंग तनीषा दो कुशाल गा:रे ती:इ: उठाव केदा:
इस में रहकर हमारी पहली बार था	नेया रे तइ केते अलंगअ: पहली बार तइकेना
एक हिन्दू क्या है जानते हो?	मियद हिन्दू चिनि: तनी: सरियाम?
ये देश को अपनी जागीर समझते हैं।	निकु: दिसुम के अपनअ: जागीर बुझा:वको:
अगर हम सामान्य परिस्थिति में ना हों फिर भी।	अगर अबू सामान्य परिस्थिति रे बांगबुआ एना रेयो
और भी उसकी तमाम जमीन का वह मालिक होगा।	ओडो इनि:या सोबेन ओते: रा: मालिक होबा:वाय
सम्राट चंद्रगुप्त सहित सभी सभासद सम्मान में उठ गए।	सम्राट चंद्रगुप्त लो: सोबेन सभासद को मइन लई को बिरिद जना
अपनी बिटिया की शादी के समय।	अया: होन कुड़ी:या: अडंदि समय
तो संजीव कुमार महीना भर आर्काइव्स में आते रहे।	दो संजय कुमार महीना भइर आर्काइवेंस रे हिजु: तइना
किसान के खर्राटे में मुर्गे की बांग दब गई।	किसान गा: खराटा रे संडीया: बांग दबव जना
फिर क्यों संसार की बातों से	दो चीना: लगीन दिशुम रा: जगर ते
पागल सिर्फ फंतासी में रह जाता है।	बौड़ा सिर्फ फंतासी रे तई को:वय
यदि प्राकृतिक मौत होती तो भी कोई दिक्कत नहीं थी।	अगर प्राकृतीक गोनो:ए तइजन रे जेतन दिक्कत का तइकेना
उसका मेहमान बन कर मुझे बड़ी खुशी होगी।	इनीजा: कुपुल बई केते आइंग के बेसे रसिका होबा:वा
अभी पुलिस छानबीन में लगी है।	ना: पुलिस छानबीन रे लगव कनय
शीर्षक की कसौटी पर कहानी खड़ी भी नहीं उतरती।	शीर्षक रा: कसौटी रे कहानी तिंगू:ओ का तिंगु:वा
अचानक ऐसे पकड़ी जाकर वह मुश्किल में पड़ गईं।	अचका नेका सब कीजाय ची इनी: मुश्किल रे ठो: जनय
तो जिनका मालिक ही किसी से डरता हो।	दो इनीजा: मालिक गी जाय कोलो: बोरोया:
कुछ ये कह मुद्द्तों से हम भी नहीं थे रोये	कटी: नेया कजिमे: चिमीन समय ते अइंगओ: कइंग रा: लेदा:
विजय चौक पर हम लोग खड़े थे।	विजय चौक रे अले सोबेन तिंगू कन तईकेनाले
अब जब छपा तो वे नहीं हैं।	ना: छपव जन रे आए: बंग:इया
वह लेख मैंने भी पढा है।	एन लेख के आइंग:ओ: पढ़व केदइंग
अमन भी कम आज्ञाकारी बेटा न था।	अमन यो कम अचुन होन कय तइकेना
दरअसल आज तकनीकी शिक्षा एक व्यवसाय बन गई है।	असल रे तकनिकी शिक्षा मियद व्यवसाय बइया कना
ज्ञान से ही विकास होता है।	ज्ञान ते गी विकास होबा: व्
तो शर्त पूरी कहां हुई?	तम शर्त कोता: पूरा कना:
क्या नोकिया स्वदेशी कंपनी है?	ची या नोकिआ स्वदेशी कंपनी तना:
हम सभी दूध को फिकी छाछ समझकर पी गए।	अले सोबन तोआ के फीका छाछ बुझाओ केते नु केदाले
वर्षों से मामला न्यायालय में चल रहा है।	नंग: ते ने मामला नन्यायलय रे सेसेन तना
जो अब तक प्लेट फार्म पर खड़ी थी।	जे ची ना: सन प्लेटफार्म रे तिंगू कन तई केना
मेरी उम्मीदवारी की इच्छा इन ब्लाग्स पर ही पैदा हुई।	अंगा: उम्मीदवारी रा: सनंग ने ब्लॉग रे गी उपन कन ताई केना
वह विचार जो हम लगातार सोचते रहते हैं।	एन मोने: जे अबू लगातार पहम ताई ना: ले
अब सम पर आ चुकी है बारिश	न:दो बराबार रे हिजु: काना: जर्गि
यह सब भूल कैसे सकती हो?	ने सोबना चिल्काम रीडिंग दड़िया
जय श्रीराम का जवाब या अली?	जय श्री राम रा: जवाब ची अली?
क्योंकि राजनीतिक या सत्ता का तत्व कमजोर था।	चीयाची राजनितिक या सत्ता रा: तत्वा कमजोर ताई केना
संस्कारी माता ही बच्चों को संस्कारित कर सकती है	संस्कारी एंगा गी होन को के संस्कार ओम दड़ीयाय
शांता की किस्मत में भी ऐसी ही कुर्बानी थी।	शांता रा: किस्मत रे हो नेका गी क़ुरबानी ताई केना
इसमें वाद्य यंत्र का प्रयोग नहीं होता है।	नेया रे साडी यन्त्र रा: प्रयोग का होबा: व:
पांडित्य ने आपको अत्यधिक प्रभावित किया है।	सेडान नि: आम के थीमबा गी प्रभावित क:द मेया:
कैंची बाहरी रेखाओं को काटने के लिए।	कैंची बाहर रेन लकीर के हदे लाई
कौन कहे मरे हुओं तक के कलेजे फट जाये।	ओकोय काजी याय ची गोजा कन को आ: कलेजा चेचा: जना:
अभी वेबसाइट पर भी विग के बारे में जानकारी दूंगा।	ना: वेबसाइट रे ओ: विग रा: जानकारी ओमे याइंग
सूचना मिलते ही परिजन तुरंत मौके पर पहुंच गए।	सुचना नमो: लो: ओडा: रेन होड़ो:को तुरंत मौका रेको सेटेर जना
तो अपन को पूछने का पूरा हक।	दो अपन के कुली: री: पूरा हक
अपनी कार में बैठ जाता है।	अया: कार रे दुब को:दय
एक कंप्यूटर और एक लैपटॉप आया।	मीयद कंप्यूटर ओडो मीयद लैपटॉप हिजु: कना:
हम सब भावों से संचालित होते है।	अबू सोबेन भाव ते:बु चला:वा
उस काल की कोई चट्टान उपलब्ध नहीं है।	एन समय रा: जेतन सेरेंग उपलब्ध बनो:वा
शिश्न और योनि अत्यन्त संवेदनशील स्पर्शेन्द्रिआं हैं।	रिशन ओडो योनि थीमबा संवेदनशील स्पर्शनदु तना:
टि्वट टि्वट से बाज नहीं आ रहे थुरूर	ट्वीट ट्वीट ते बाज काय हिजु: तना: थरूर
सबसे पीछे कांग्रेस के ही नोपाराम वर्मा है।	सोबेन कोते: तयोम कांग्रेस रेन नोपाराम वर्मा मेनाइया
जननेता के रूप में उनकी जमीनी पकड़ मजबूत है।	जननेता गा: रूप रे इनी:आ जमीनी पकड़ केटे: मेना:
नाश्ते का समय तो हो ही रहा था।	नाश्ता रा: समय दो होबा:वो: तइकेन गिया
यह सोमपाल अंत में सुस्सल द्वारा पराजित होता है।	ने सोमपाल आखरी रे सुस्सल ते हरा:वाय
फिर मामला रावजी बाजार थाने पहुंचा।	ए:नेते मामला रावजी पीट थाना सेटेर जना:
बंद करो साइन इन करें तकनीक »	बंदे:पे साइन इने:पे तकनीक
भले किसी पाठ का कुपाठ किया जा सकता है।	भले गी जन पाठ रा: कुपाठ होबा: दड़ीयोवा:
सतगुरु की तलाश में भटक रहे हैं।	सतगुरु के दंड़ा लगिन भटकाव तनाले
अतः यदि समय न हो तो इसे न पढ़ें।	एना मेनते अगर समय बनो: रे दो नेया के अलपे पढ़वया
बैठक में सेक्टर अधिकारी व पुलिस अधिकारी मौजूद थे।	दुनूब रे सेक्टर अधिकारी ओडो पुलिस अधिकारी को मौजूद तइकेना
बुनियादी बातों पर अमल नहीं करते।	बुनियादी जगर रे काको: अमलेया:
इसमें मेहनत करने से आप राम।	नेया ले रे मेहनत लेरे अम राम
पंजिम मे ही एक कालोनी है जिसका नाम	पंछिन रेगी मियद कॉलोनी मेना: एना: रा: नुतम
बच्ची की स्थिति गंभीर बनी हुई है।	मई:या: स्तिथि गंभीर बइया कना:
जिसमेँ खुद परिवार के लोग भी दखल नहीं देना चाहते।	एना: रे ओडो रेन होड़ो कोगी दखल एम् काको: सनंगतना
बेटा आज घर में तेरे जन्मदिन की पूजा रखवार्इ है।	बाबू तिसिंग ओडा: रे अमा: जन्मदिन रा: पूजा दोहोवा: कना
बहादुरी के अलावा और चारा भी क्या है?	बहादुरी रा: सिवा ओडो चारा:यो: चीना: मेना:
होने वाली मौतों यूनिवर्स शीतकालीन ओलंपिक पदक शीतकालीन खेल	होबा:ओ: तन गोनो:ए: यूनिवर्स शीतकालीन ओलिंपिक पदक शीतकालीन
जब कभी की नहीं खता मैंने	चीवलाव कइंग गलती रिका कद रे
मैंने सोचा मेरे साथ ही ऐसा क्यों हुआ?	आइंग पहम केदा: आइंआ: लो: ते नेया चीना: लगिन होबा: जना:
ऐसे बच्चे के मन के भाव तेजी से बदलते हैं।	नेकन होन कोवा: मोन रा: भाव सेकेड़ाते: बदला:वा
या उनकी आँखें हैं जिन से वह देखते है?	आएया: मेद मेना: ओकोना:ते इनी: नेनेलाय
मंगलयान के प्रक्षेप पथ में सुधार परीक्षण संपन्न	मंगलयान गा: प्रक्षेप होरा: रे सुधार परिक्षण होबा: जना:
कोई अपने में गम है तो कोई रेडियो	ओकोय अपनअ: रे गम मेना: दो जाय: रे रेडियो
यदि तत्व है तो नष्ट कैसे हो सकता है?	अगर तत्व तना: दो चिल्का ते छबा:वा
भाजपा में दो मुसलमान नेता नजर आते है।	भाजपा रे बरिया तुड़कु: नेता नजर हिजु:वाकिन
रेणु श्री रविशंकर की फॉलोअर है।	रेणु श्री रविशकर गा: फॉलोवर तनी:
मरने वाले सभी लोग बैगा समुदाय से आते हैं।	गोजो: कन सोबेन को बैगा समाज तेको: हिजु:आ
मुझमें अगर आज इतना ज्यादा कॉन्फिडेंस है तो	आइंआ: रे अगर तिसिंग इमिन थीमबा पतियार मेना: दो
गरीबों का मजाक उड़ाने वालों को जनता सिखाएगी सबक	रेंगे: राबांग कोवा: मजाक उड़ाव वाला कोके जनता सबक सिखाओ कोवाय
के प्रचलन का वर्णन किया है।	प्रचलन रा: वर्णन कदाय
वह या तो उसी का साधन हैं या मस्ती	एना कारे दो ऐना रा: साधन तना: कारे मस्ती
पहले हम भाइयों की तरह बरतते थे।	सिदा अले हगिया लेका अटकर तइना
कुंबले और गांगुली का जाना कई दिनों तक सालता रहेगा।	कुंबले ओडो गांगुलीया: सेनो: बहुत दिन सन अखरा:वा
राजेश के चेहरे पर मुर्दनी छाई हुई थी।	राजेशा: मेद मूवड़ दो गो:आ कन लेका बइया कना:
महकती हुई सुबह और लहलहाती शाम हो	मजा सोवन तन सेता: ओडो लहलहाओ: तन अयूब साँझ
इसका नाम सियांग नदी के नाम पर रखा गया है।	इनी:आ नुतम सियांग नाइया:; नुतम रे दोहो: कना
मतलब साफ है बिन सात फेरे ही हम होंगे तेरे।	मतलब सफा: मेना: बेगर सात फेरा तेगी अइंग अमा: होबा:वाइंग
एफडीआई के आने से बढ़ेंगे दाम	एफडीआई या: हिजु: रे गोनोंग बढ़ा:वा
खांसी श्वसन व्याधियों का सबसे सामान्य लक्षण है।	कू: संयद दोष कोरा: सोबे:नाते: सामान्य लक्षण तना:
अत्यधिक सुधार औबेरियन बेकन और आलू कि	अदिका सुधार औबेरियन बेकन ओडो आलू रा:
उनके पैरों में चलने की शक्ति नहीं रही थी।	इनि:आ: कटा: रे सेसेन रा: पेड़े: का तइन केना
जो तन से मन में खुले और	जे ची होड़मो ते मोन रे खोल:व ओडो
लेकिन हमने सोचा कि इत्ता जुलुम ठीक नहीं।	मगर अले पहम केदा ची निमनंग जुलुम ठीक कहा
बलराम ने रेवती से विवाह कर लिया।	बलराम दो रेवती ते अड़दी जनय
पर हर स्वस्थ अर्थव्यवस्था का आधार स्वस्थ पर्यावरण होता है।	अगर सोबेन स्वस्थ अर्थव्यवस्ता रा: आधार स्वस्थ पर्यावरण होबा:वा
दोनों बांग्ला देशी रिफ्यूज़ीज़् शायद।	बरन बंगलादेशी रेफूजीज शायद
यह मुझे पता फिल्म करने के दौरान पता चला।	आइंग के पता फिल्म रिकाय रा: तयोम ते पता चलव जाना
हम जहाँ में तेरी तस्वीर लिये फ़िरते हैं।	आइंग जाता: रेयो अमा: फोटो इदी: केद होना:राइंग
उसके सारे भावों का प्रदर्शन सीधा दिल से निकला था।	इनी:आ सोबेन भाव रा:नेपेल: सोझ गी सुरुद ते उडुंग कन तइकेना
लेकिन झंडेवाला पार्क अपनी बदहाली के आंसू रो रहा है।	मगर झंडावाला पार्क अया: बदहाली रा: तनय
जभी कौशल्या मेरी इतनी खातिर करती हैं।	एनागी कौशल्या आइंगा: इमिनाय खातिर:याय
मै चूँकि किसी अन्य महत्त्वपूर्ण कार्य में व्यस्त था	हालाँकि आइंग एटा: महत्वपूर्ण कामी रे व्यस्त तइकेनाइंग
बोला कि बडा महंगा है सरचू।	कजी केदाय ची महरंग मेना:इया सरचू
सिन्धु घाटी सभ्यता के अवशेषों से मिला एक प्राचीन खिलौना	सिंधी घाटी सभ्यता रा: बचाव रे नम जना: मीयद मारी खिलौना
उसकी सहेली मीता बताय गई है।	इनीजा: गति मीता उदूबा: कनय
हरभजन सिंह को एक विकेट मिला।	हरभजन सिंह के मियद विकेट नम जना:
मंगल पर खोई जिंदगी की कड़ियां	मंगल रे अद जिनिद रा: कड़ी
हालांकि हांगकांग का हेंगसेंग कुछ नीचे खुला।	हालाँकि हॉंककॉंग रा: हेंगसेंग कटी: लतर खोलव जना
अनुप्रयोग विकास या उन्नतीकरण की लागत के लिए बजट बनाना	अनुप्रयोग विकास ओडो उन्नतिकरण रा: लागत लगिन बजट बबई
उसने गणेश क्रिया कर दी।	आए: गणेश कामि रिका: केदय
अच् छा लगा तो और मन करेगा।	बेस अटकरो:वा दो ओडो मोनेइंआ
वैज्ञानिक आविष्कार मानवता की बेहतरी के लिए होने चाहिए।	वैज्ञानिक अविष्कार होड़ो होन कोवा: भलाई लगीन होबन चाहिए
सूखे डण्ठलों से उसकी दीवार बनी थी।	रोहोड़ डंंठला: इनी:आ: भीत बइया कन तइकेना
इसी परिप्रेक्ष में भारत विकास संगम कार्य कर रहा है।	ने परिप्रेक्ष रे भारत विकास संगम कामी तनय
कोबरा हेलीकाप्टरों द्वारा सेना की मदद की जा रही है।	कोबरा हेलीकाप्टर ते सेना के मदइत वो: तना: को
लेकिन कोई उन पर कान नहीं रखता था।	मगर जेतय इनी:आ रे लुतुर कको दोहो तइना
अभी से कोई मुझे नेता पखर कहे तो हमारा	नाेए:ते जाय आइंग के नेता पखर कजी याको दो अबुआ:
यह जानकारी कंपनी के एमडी इंद्रप्रीत सिंह ने दी।	ने जानकारी कंपनी रेन एमडी इंद्रप्रीत सींह ओम लेदय
इसके बाद चालक मौके से फरार हो गया।	एना: रा: बाद चालक मौका ते फरार जनय
यह अदा कांग्रेसी नेताओ की है।	ने अदा कांग्रेस नेता गा: तना:
इसके बाद बड़ा दर्दनाक हादसा हुआ।	नेया रा: बाद मुरुक दर्दनाक हादसा होबा: जना:
कठिनाइयों और मानसिक पीडा का विस्तार से जिक्र किया।	कठिनाई ओडो मानसिक हसु रा: विस्तार ते उदूब केदाय
भगवान शिव पांडवों से रुष्ट थे।	भगवन शिव पांडव कोेए:ते नाराज कन तइकेनाय
शरद ऋतु है और है शुक्ल पक्ष।	शरद ऋतू तना: ओडो तना: शुक्ल पक्ष
अंतराष्ट्रीय कारोबार पर उनकी अपनी समझ है।	अंतर्राष्ट्रीय कारोबार रे इनी:आ आय: समझ मेना:
इनका प्रथम दिवस आवरण भी जारी किया गया था।	इनी:आ प्रथम दिवस आवरण हों जारी कन तइकेना
हजारों बच्चे आज सामाजिक विस्थापन झेल रहे हैं।	हजार होड़ो को तिसिंग सामाजिक विस्थापन को झेलाओ तना:
राएल वान डेर मर्व ने क्लिंगर को पगबाधा आउट किया।	राएल वान डेर मर्व दो क्लिंगर को कटा:बाधा रे आउट किजाय
मैं ही उसके घर पहुंच जाता हूं।	आइंग गी इनीजा: ओडा: सेटेर को:वाइंग
इनेलो प्रदेशाध्यक्ष अशोक अरोड़ा करेंगे जनसभाओं को संबोधित	इनोला प्रदेशाध्यक्ष अशोक अरोड़ा रिकायय जनसभा कोके सम्बोधित
इस घटना के ठीक दो दिन पहले पाकिस्तान ने भी	ने घटना रा: ठीक बरसिंग सिदा पाकिस्तान
उन्होंने सरकार राज में गजब का काम किया है।	आए सरकार राइज रे गजब रा: कामी: कदय
वहां पर कुछ अजीब सा लगा।	एनता: रे कटी: एटा: गी: अटकर जना:
पाकिस्तान को सही वक्त पर देंगे माकूल जवाब रू सेना	पाकिस्तान के सही समय रे सही जवाब ओमाइया रु सेना
इसका सारा श्रेय निर्देशक राहुल रवैल को जाता है।	नेया: रा: सोबेन श्रेय निर्देशक राहुल रवैल के सेना:
या तो नर है या मादा तीसरा कुछ नहीं।	चाहे दो कोड़ा: तनी: चाहे कुड़ी: तीसरा जेतना: कहा:
उन्हें बतौर कंसल्टेंट नियुक्त करने की तैयारी है।	आए के बतौर कंसलटेंट बई रा: तैयारी तना:
देहरादून में अग्निशमन दिवस मनाया गया	देहरादून रे अग्निशमन दिवस मनतिंग जना
अपनी एक बहुत बडी हार मान लिया था।	अया: मियद बहुत मरंग हार मनतिंग कद तइकेना
इसलिए निशान छूटने तक उसे छुट्टी लेनी पड़ी।	एना लगीन चीन्हा मेटाव सन आए: के छुट्टी इदी पड़ाव जना
पता नहीं कब सुधरेगा रेलवे?	इदू चिवला सुधरा:वा रेलवे?
सम्मेलन में कई प्रस्ताव पारित किये गये।	सम्मलेन रे चिमीन प्रस्ताव पारित जना:
बहरहाल साहब को लगा कि काम तेजी से बढ़ना चाहिये।	एन लेका: सायोब के अटकर कीजा: ची कमी के तेजी ते बढ़वेन चाही
परमात्मा और आत्मा तो एक चीज़ के दो नाम हैं।	परमात्मा ओडो आत्मा दो मियद चीज रा: बरिया नुतम तना:
उन्होंने मुख्यमंत्री अशोक गहलोत को इस्तीफा भेज दिया है।	आय मुख्यमंत्री अशोक गहलोत के इस्तीफा कुल तइजा
वस्तुतः कबीर का जीवन उच्चतम मानवीय व्यक्तित्व की अभिव्यक्ति है।	एन लेका: कबीर गा: जिदन चेतन उतर मानवीय होड़मो: रा: अभिव्कक्ति तना:
यानी निकासी पर टैक्स कटौती होगी।	मतलब ओडोंग रे टैक्स हदो:वा
उनकी बजाय अज़दक को समझना आसान है।	इनी:आ सिवाय अज़दक के बुझावेन सहज तना:
इस का सम्बन्ध एक विचित्र प्रथा से है।	नेया: री: सम्बन्ध मीयद विचित्र प्रथा ते मेना:
तू इसकी हाँ कहेगा तो तेरी माँ बहन।	अम नी: के हे कजी रेदोम अमा: ऊमाँ ओडो मिसि
हम सब महान के मेहमान हैं।	अबू को सोबेन को महान गा: पेड़ा: तनबू
स्पर्श को इन्स्टाल करने से पहले कृपया सुनिश्चित करें कि	जुटी: के जमाय ते सिदा: ठनव ले पे ची
संसद की संप्रभुता से बड़ा कोई झूठ	संसद गा: संप्रभुता ते मरांग जेतन झूट
आज इस अंक के लोग सेहत के लेकर परेशान रहेंगे।	तिसिंग नीमनंग होड़ोको सेहत के ईदीकेद परेशान तइनको
चार हजार का टिश्यू पेपर है।	उपून हजार रा: टिशू कागज मेना:
रामविचार नेताम के कमरे में भी पानी	रामविचार नेतामा: गा: कोठरी रेयो: दा:
हर कार्य में सफलता कदम छूती है।	सोबेन कमी: रे सफलता कटा जुटीतेयाय
किसान महासभा ने तहसील कार्यालय में किया प्रदर्शन	किसान मरंग सभा दो तहसील कार्यालय रे प्रदर्शन
वे आदिवासियों में कभी भी स्वीकार नहीं किए गए।	इनी: आदिवासी कोरे: चिवलावगी काय मनतिंग जना:
यात्रा प्रौद्योगिकी कंसल्टेंसी से ईमेल द्वारा पोस्ट	सेन परतेद प्रौधोगिकी कंसल्टेंसी रे ईमेल ते पोस्ट
आइये पहले इस रिपोर्ट पर चर्चा कर लेते हैं।	एलाबु: सिदा: ने रिपोर्ट रेबु: जगर लेया:
आ के तन्हाई बढाती गर्मिओं की ये दुपहरी	हिजु: केते: एस्कर बढ़व तन जेटे: रा: ने तिकिन
नयापन आने के लिए वे नएनए विषयोंका नयापन या	नवा अव लगीन इनी: नवा विषय कोरा: नवा तेया: चाहे
वे पंजाब केसरी को भी अपनी सेवाएं दे चुके हैं।	आए: पंजाब केसरी केयो अया: सुसर ओमा: कद कोवा तइकेनाय
उसने खिड़की दोनों तरफ़ से खोल दी।	इनी: खिड़की बरन स:अते नी: केदाय
मामले की सूचना पुलिस को दी गई।	मामला रा: सुचना पुलिस के ओम जना:
भीड़भाड़ वाले इलाकों में भारी वाहनों का प्रवेश रोका जाए।	भीड़भाड़ वाला ठंयद रे हम्बल गडी कोवा: बोलो: रोका:वका
लेकिन तुम्हें तरबूज से संतोष नहीं हुआ।	मगर अमके तरबूज ते संतुस्टिर का होबा: जना:
तलत प्रोत्साहन पाकर गायन के प्रति आकर्षित होने लगे।	तलत प्रोत्साहन नम केते: दुरंगा: प्रति आकर्षितन तनय
बाद में भी सारी परिस्थितियाँ ही हैं।	तयोम तेयो: सोबेन परिस्तिथि को मेना:
हैलो मेगन अच्छी तरह से मैं	हैलो मेगन मजा लेका ते आइंग
डेविड मिलर और डेविड हसी भी अच्छा खेले।	डेविड मिलर ओडो डेविड हसी यो मजा: किन एनेज केना:
इसके और भी कई कारण हो सकती है।	नेया: रा: ओडो गी: चिमीन कारण होबा: दड़ियो:वा
सरदार के लिए मुम्बई में कुछ न बचा था।	सरदार नतिन मुंबई रे जेतना: का बचव लेना:
यह आण्विक युग की सच्चाई दिखाता है।	नया आणविक जुग रा: सच्चाई उदुब तनय
अब तो मुझे इस आग को बुझना हि है।	ना: दो अइंग के ने सेंगेल के ईड़ी: गी मेना:
टेडी बहुत ही कोमल होता है।	टेडी बेसे गी लेबे: तइना
और जिन्दगी की हन्डिया टूट गयी	ओडो जिनिद रा: चटु: रपुद: जना:
इसके लिए चाहे उसे जो कुर्बानी देनी पड़े।	नेया लगीन चाहे जे गी क़ुरबानी ओम होबा:वा
स्वरोजगार कार्यक्रम प्रशिक्षण के लिए पंजीकृत संस्थाओं से आवेदन आमंत्रित	स्वरोजगार कार्यक्रम प्रशिक्षण लगिन पंजीकृत संस्था कोएते: दरखास आमंत्रित
चलिए भाग्यावान हैं जो अपने गाँव हो आए।	दोला नसीब वाला तनमे एनाते अमा: हातु ते सेन रुवड़ जनम
है जो इरादे बता दू तुमको शर्मा ही जाओगी तुम	मेना: जे मोने उदूब तमइंग अमके गियु: को: गियम अम
उसे मानो किसी फटकार की आशा थी।	मनतिंग लेम ची इनी: के जन फटकार रा: आसरा लइकेना
हमारी साधना सबकी आराधना बन जाती है।	अबुआ साधना सोबेन कोवा: बोंगा विनती बई को:वा:
गैरहाजिर छात्रों की आंसरशीट्स डाक से	गैरहाजिर होनको:के आंसरशीट्स डाक ते
पर पहले शिवराज पाटिल की बात।	मगर सिदा शिवराज पाटिला: कजी
जो नाकारें हैं उनकी मौज है।	ओकोय काको कमिया: इनकुवा: गी मौज मेना:
लोक सेवाओं की गांरटी का प्रशिक्षण दिया हनुमानगढ़।	लोक सेवा रा: गारंटी रा: प्रशिक्षण ओमा:दाय हनुमनगढ़
कंप्यूटर सहायता प्राप्त सत्यापन और परीक्षण	कप्यूटर सहायता नमन सत्यापन ओडो परीक्षण
क्या यह बहुत क्रूड और अधकचरा फार्मूला नहीं है?	ची या नेया बेसे क्रूड ओडो अधकचरा फार्मूला नहला:?
इनकी पच्चीस लाख किताबें प्रतिवर्ष बिकती हैं।	नेया: रा: हिसी मोड़े लाख पुथी सोबेन सिरमा अखरिंगओवा
घी लगाई हुई प्लेट में जल्दी से	घी लगाव कन प्लेट रे जल्दि ते
ये उन्हे एक कुंठा का शिकार बना देती है।	नेया इनि:के कुंठा रा: शिकार बइ तइना
ऐसे में यह पागल नहीं होगे तो क्या होंगे।	नेका रे नी: कै बौड़ा:दा ओडो चिका:वाय
उसका उतरा चेहरा देखकर केसर भी उदास हो गई।	इनिया: उयु: कन मेद मूवड़ लेन केद केसर यो दुकू जनय
गंगे च यमुने चैव गोदावरि सरस्वती।	गंगा ओडो यमुना ओडो सरस्वती
मुझे लगा वह बातचीत करने में कुशल है।	आइंग के अटकर किदिंआ: ची इनी: जगर रे मिपुण मेनाईया:
इक आह सी निकली इस दिल के गरीब से।	मियद आह लेका उडुंग जना ने सुरुद रेन रेंगे: रबंग ते
रेलगाड़ी को बीच पटरी पर असमय रोकते देखा है?	रेलगाड़ी के थला पटरी रे बेसमय रोकब तन नेल जना:
इस बार हम लोगों को सच्चाई से अवगत कराएंगे।	नेसकन अबू होड़ो कोके सनरती कजी तेबू उदूबकोवा:
हम कहेंगे कि बंदूक पकड़ने से	अबु कजियाबू ची बन्दुक सबे: रे
अचानक आई तुम मेरी ज़िन्दगी में।	अचका गिम हिजु:यना अम अइंगा जिनिद रे
तब से असांजे ब्रिटेन में है।	इमतंग ते असांजे ब्रिटेन रे मेना:ईया
काजी जी ने एक वर्ष का समय माँग लिया।	काजी दो मीद सिरमा रा: समय आसीयदा
मैंने इस तरह जिया है तुम्हें अपनी ज़िंदगी में	आइंग ने लका जिनिद बनइंग अमके आइंआ: जिनिद रे
दूसरे धर्मों के लोग इस क्षेत्र में वोट नहीं डाल	एटा: धोरोम रेन होड़ोको: ने क्षेत्र रे वोट काको साजूया:
महका करें जो तेरी राहों में	सोवनो: का जे अमा: होरा रे
उसका सामना कर उस पर जीत हासिल करना चाहिए।	ऐना: रा: सामना केते ऐना:रे जीतावेन लगातिंग
न जाने कब चुपचाप निकल जाती हैं।	इदु चिमतंग हपा-हपा उडुंग को:वाय
ऐसा विश्लेषण करने पर दोहरे व्यक्तित्व की उपस्थिति का एहसास	नेका विशेषण ले:रे बरिया व्यक्तित्व तइन लेका अटकरो:वा
कहानी को मुकम्मल बनाने के लिए मुकम्मल बनो।	कहानी के मुक्कलम बइए लगिन मुक्क़लम बइएम पे
अब सरप्राइज देने की बारी बेगम की थी।	ना: दो सरप्राइज एम् रा: पारी बेगमा: तना:
बिना डॉक्टर की पर्ची के इन्हें बेचा नहीं जा सकता।	बेगर डॉक्टरा: पर्ची नेया के का अखरिंग दड़ियोवा:
बिंब केवल उनके वक्रताकेंद्र पर ही बनता है।	बिंब सिर्फ ऐना रा: वक्रताकेंद्र रे गी बइयो:वा
उसने मुझे अजीब हालात में फंसा दिया है।	इनी: आइंग के अजीब हालत रे पसे: तइिं:आ
कारोबार में साझेदारी से बचना ठीक रहेगा।	कार-बार रे साझा ते बचवेन बेस तइना
अनूठे अहसासों से लवरेज बेमिशाल प्रस्तुति	अनोखा अटकर ते पेरे: बेमिशाल प्रस्तुति
घर में अन्न वस्त्र और धन की आवक बढ़ेगी।	ओडा रे बाबा: लीजा: ओडो टका: हिजु: बढ़ा:वा
दूर होना सोचा भी ना जा सके।	संगीं:एन पहमो: का पहमो:वा
यह पेन्शन अन्य पेन्शन के अलावा होगी।	ने पेंशन ओडो पेंशन ते एटा: ताइना
इंद्रियों को आत्मा का औजार कहा गया है।	इंद्री के आत्मा रा: हथियार कजी कना:
जाती है जहाँ जाकर उसका अलग अस्तित्व नहीं रह जाता।	सेनाय एनता: सेनके: इनी:या एटा: अस्तित्व का तइन को:वा
साधना न्यूज में अब बचा ही क्या है।	साधना न्यूज़ रे ना: दो चीना: बचव कना
इसमें और लोग भी शामिल हुए।	नेया रे ओडो होड़ो को यो शामिल यना
उनसे हम आज की कड़ी में सुनेंगे राग गुनकली।	इनीयते अबू इसिंग रा: कड़ी रे अयुमे:यबु राग गुनकली
चुने हुए युवा कवियों में मेरा नाम भी था।	सला कन युवा कवि कोरे: अइंगा: नुतुम तइकेना
इल्मी बहस से किसी को चोट नहीं लगती।	इल्मी बहस रे जेतय के चोट का लग:वा
क्यों हम शारीरिक रूप से फिट होना चाहिए?	चीना: लगिन अबु गोटा होड़मो ते फिटेन बु सनइंग
बल्कि सिमटते हिन्दी प्रिंट मीडिया के समय में नवभारत टाइम्स	मगर सिमटाव तन हिंदी प्रिंट मीडिया या: समय रे नवभारत टाइम्स
सचिन पायलेट के पिता राजेश पायलट होम मिनिस्टर रहे।	सचिन पायलटा: अपुते राजेश पायलट होम मिनिस्टर तइकेना:
इससे सरकारी दफ्तरों में सन्नाटा पसरा रहा।	ऐनाते सरकारी दफ्तर कोरे: सन्नाटा पसराव कन तइकेना
इसमें ड्राइवर सहित चार लोग आसानी से बैठ सकते हैं।	नेया रे ड्राइवर के मेसा केते उपुना: होड़ो को सहज ते को दुब दड़िया
युरंगकाश और कराकाश नदियाँ इसे सिंचति है।।	युरंगकाश ओडो कराकाश नाइ को नेया को पटा:वया
फुर्सत जो मिले तो तू देखने आना	फुरसइत नमो: रे अमके: अम लेलेल हिजु:में
जनता सभी रचनाओं का श्रोत है।	जनता सोबेन रचना रा: श्रोत तनी:
चुनाव दस सितंबर को होने हैं।	चुनाव गेलेया सितम्बर रे होबा:व तेया: मेना:
प्रयास रहेगा कि यात्रियों को दिक्कत न आने दी जाए।	प्रयास तइना ची यात्री को के जेतन दिक्कत का हिजु: चाही
चुपचाप खिड़की खोल कर भीतर घुसा और सो गया।	हपा हपा खिड़की खोलाओ केते बितर बोलो जनय हर गीति: जनय
अलगाव के बाद प्रेम जोर मारने लगता है तो	जुदन रा: तयोम ते दूलड़ बढ़:व इदियो:रे
बन्दिशें ये फ़ासले रहेंगे कब तलक खलिश	जोवर रुवड़ ओम जिनीद रा: सुगड़ होरा तना:
अपन छीछालेदर की बात बाद में करेंगे।	अइंग इतकन कजी रा: जवाब तयोम तेइंग ओमे:याइंग
धीरे धीरे वह खुद आइस ड्रग तैयार करना सीख गया।	मड़ी-मड़ी ते इनी: आए:गी आइस ड्रग्स तैयारा:य सिखाओ जना:
बात महिला आरक्षण विधेयक की नहीं है।	कजी: महिला आरक्षण विधेयक रा: नहला:
अल्पकालिक अनुबंध काम क्या मतलब है?	अल्पकालिक अनुबंधन कमी रेअ: नहला:
प्रदीप ने बताया कि पहले से स्थिति काफी सुधरी है।	प्रदीप उदुब केदाय ची सिदाय ते इनि:या दशा सुधराव कना:
भाषा पर कबीर का जबरदस्त अधिकार था।	भाषा रे कबीरा: पूरा: अधिकार तइकेना:
उसने गाँव और नाम और जात पूछी।	इनी: हातु नुतुम ओडो जाती कुली केनाय
आपकी कविता में समकालीन सामाजिक समस्या को	अमा: कविता रे एन समय रा: होडगोटारेअ: समस्या के
ये कम से कम हमारी समझ से तो परे है।	नेया कम से कम अलेआ: बुझव ते संगिंग मेना:
चीन में मानवाधिकार हनन की कई शिकायतें हैं	चीन रे मानवधिकार हनन रा: बेसे शिकायत मेना:
किसान का पूरा परिवार जुटा हुआ है।	किसाना: सोबेन घराना जमा: कना:
जबकि आम आदमी की जिंदगी की कीमत घटी है।	हालाँकि आम होड़ो जिनीद रा: गोनोंग घटाव कना
पर ये मिठास हमारे समाज से कहीं खो गयी है।	मगर ने सिबिल अबुआ समाज ते एटा: ता: अद जना:
मनोहर सिंह गिल खेल मंत्री हैं।	मनोहर सिंह गिल एनेज मंत्री तनी:
इस क्षति को देख के रोता हूँ	ते हानि के लेल केद रअ: यइंग
हालांकि ये परिचय के मुहताज नहीं।	हालाँकि नेया परिचय रा: मोहताज बनोवा:
आंधी के साथ ही हल्की बूंदा बांदी शुरू हो गई।	होयो दुदुगर लो:गी टीपा: एटे: यना:
अब जीता है जिसमें वह बेटों की है।	ना: दो जी: तनय ओकोना: रे एना होन कोड़ाया: तना:
नरेंद्र मोदी अपने पहनावे पर पूरा ध्यान देते हैं।	नरेंद्र मोदी अया: पहिरावा रे पूरा: ध्यान एमेयाय
उनकी स्वामिभक्ति की वह कई बार परीक्षा ले चुका था।	इनिया: स्वाभिभक्ति रा: इनी: चिमीन सा परीक्षा इदि चुकाव कदा:
पिछले साल संगकारा किंग्स एलेवन पंजाब टीम के कप्तान थे	महा संगकरा किंग्स एलेवेन पंजाब टीम रेन कप्तान तइकेनाय
पेशकार को भी नहीं बुलाया गया।	पेशकार केयो का केड़ा जाना
हम फिर भीतर कमरे में चले गए।	अले ओडो बितर कोठरी रे सेनो: यनले
दोनों फोन से डायल टोन चली जाती।	बरन फोन ते डायल टोल सेनो: को:वा
कहते हैं आंकड़े हमेशा सच ही होते हैं।	कजीयाको आकड़ा सोबेन इमतंग सरती गे होबा:वा
सबनिस कहते हैं कि उन्हें जीवन बीमा ले लेना चाहिए।	सबनिस कजियदा ची आए के जीवन बिमा इदिका चाही
कई मिनट के बाद गाड़ी रूकी।	चिमीन मिनट तयोम ते गड़ी तिंगू जना
वह ताकत और वह जीवटता आज नहीं है।	एन पेड़े: ओडो एन जीवटता तिसिंग बनो:वा
दीपक राजा इस प्रयत्न के लिए साधुवाद के पात्र	दीपक राजा ने कोशिश लगिन जोवर रुवड़ रेन पात्र मेनाईया
हर तरफ वाहनों की लंबी कतारें लगी हुई थीं।	सोबेन पाड़ गड़ी कोरा: जिलिंग लाइन लगव कन तईकेना
बड़े कठिन परिश्रम से उसका प्रयोग समझ में आया।	बेसे लगिन परिश्रम ते ऐना: रा: प्रयोग सरी जनय
कनाडा ने यूनेस्को की फंडिंग रोकी	कनाडा दो यूनेस्को रा: फण्ड रोकव केदा:
जहाँ रोज खड़ा रहता है डर	ओकोता: रे रोज तिंगू कनो:वा बोरो
दूसरा इसमें बदलाव भी कर सकता हूँ।	एटा: नेया रे बदलावयोइंग दड़िया
पीडि़ता के साथ वकील हरचंदसिंह सिद्धु भी थे।	पीड़िता लो: वकील हरिचंदसिंह सिद्धू यो तइकेना:
हमारे पास क्या ताकत है?	अबु: ता: चिकन पेड़े: मेना:
एक डालर फेंकें और अनेक डॉलर उठाएं।	मियद डॉलर एनडा:एपे: ओडो थीबा डॉलर हलइंगपे
सोनिया ने भारतीय नागरिकता वर्षों तक स्वीकार नहीं की।	सोनिया दो भरतिया नागरिकता बहुत सिरमा जकेद कय तेला केदा:
घर में खाने के लिए भी अनाज खरीदना पड़ता है।	ओडा रे यो जोमे: लगिनयो बाबा कीरिंग होबा:वा:
यही हाल हमारे गांव की सुभावती का हुआ।	ने हाल अलेअ: हातु रेन सुभावतीया: होबा: जना:
अगर आप काम करने के लिए बहुत उत्सुक है तो	अगर अम कमी लगिन बेसे उत्सुक मेना मे रेदो
यही बात हमारे शरीर एवं इन्द्रियों पर भी लागू है।	ने कजीगे अबुआ: होड़मो ओडो इंद्री कोरेयो लगतिंगअ
बस वहाँ कोई नहीं है जो कभी	बस एनता: रे जेतय बंकोवा जे ची जा हुलंग
दूसरा पक्ष तो यहां है ही नहीं।	एटा: पक्ष दो नेता: रे बनो: गीया:
यह भिन्नता ही उसकी नवीनता का निर्धारण करती है।	ने भिनता गी इमि:या नवीनता या: निर्धारणेयाय
के अहिंसा के सिद्धांत की तनिक भी प्रासंगिकता बची है?	इनि:या सिद्धांतअ: कटि:जो प्रासंगिता बचव कना?
अनायास ही विनीता की ऑंखों से अविरल अश्रुधारा बह निकली।	अचका: गी विनीता या: मेद ते मेद दा: उडुंग जना
ऐसे प्राण वाले व्यक्ति अधिक प्रभावान और प्रभावी होते हैं।	नेकन जी रेन होड़ो को थीमबा प्रभावित ओडो प्रभावी होबा:वको
वस्त्र भी ऐसा जो रामदेव पर फ़िट आये।	लीजा:यो नेका जे ची रामदेवअ: रे फिट हिजु:वा:
एक की तो बेटी बिन दहेज़ बूढी हो रही है	मीयुड़अ: होन कुड़ी दो बेगर दहेज बुडीयो: तनय
रागी जत्थों द्वारा गुरुद्वारा में संगतों को निहाल किया गया।	रागी जथ्यों कोए: ते गुरुद्वारा रे संगत कोके रसिका केद कोवा
माई धान को पकने में एक सप्ताह और लगेगा।	मई बाबा के बिलीयो: रे मीद हफ्ता ओडो लगा:वा
मुसलमान लोग बारह बुर्जी मस्जिद में गहरी श्रद्धा रखते हैं।	तुड़कुु को बारह बुर्जी मस्जिद रे इकिर श्रद्धा को दोहेया
अभी अभी पीपली लाइव देख कर लौटा हूँ।	ना:गी पीपली लाइव लेल केते रुवड़ कनइंग
ऐसा करने से हर कार्य में सफलता मिलती है।	नेका रिका लेरे सोबेन कमी रे सफलता नमोवा:
दोनों ने खुद को बांग्लादेश का निवासी बताया।	बरन कीन अकिन के बांग्ला दिशुम रेन निवासी उदुब केदा
लोक भाषा साहित्य समिति का गठन	लोक भाषा साहित्य समिति रा: गठन
शारीरिक स्वस्थता आपके उत्साह में वृद्धि करेगा।	शारीरिक स्वस्थता अमा: रसिका के थीमबायाय
क्रेडिट क्लब और इसी तरह की परियोजनाओं	क्रेडिट क्लब ओडो ने लेकना परियोजना
स्टेशन पर मौजूद यात्रियों में अफरातफरी मच गई।	स्टेशन रे मेना: को यात्री कोरे खलबली मचव जना
एक भरे पुरे आर्य घर की बात है।	मियद पेरेयकन आर्य ओडा: रा: कजी तना:
संयोग से मैं भी उनमें से एक था।	संयोग ते आइंगओ एनारे मियदइंग तइकेना
और यह केवल प्रेम अनिवेदित प्रेम ही प्रार्थना बनता है।	ओडो दूलड़ बेगर कजी दूलड़ गी विनती बइयोवा:
हमारा देश अति विस्तृत तथा उसकी जनसंख्या अत्यधिक है।	अबुआ दिशुम बेसे मरंग ओडो ऐना रा: जनसंख्या यो अदिका मेना:
इस दरम्यान घोटिया फाटे पर उक्त दुर्घटना हुई।	इमतंग घोटिया फाटे रे एन दुर्घटना होबा जना
इसमें आप ·ो ·ई तरह ·ी चीज़ें दिखाई देंगी।	नेया रे अमके नेलकन जिनिस नेलो:वा
अश्क ने इससे पहले भी बहुत कुछ लिखा था।	अश्क नेया ते सिदाओ चिमीन थीमबा ओल लेदय
तनाव के त्रिभुज में घिरे बच्चे	तनाव रा: त्रिभुज रे फंसे कन होन को
मड़ई का नया अंक आ चुका है।	मई रा: नवा लेनेका हिजु: कना:
जब ओम का उच् चार करो तो उससे भर जाओ।	जे इमतंग ओम रा: उच्चारेम दो एनाते पेरे: को: में
दुनिया के मानचित्र पर लखनऊ एक ऐतिहासिक शहर है।	दुनिया रा: नक्मा रे लखनऊ मियद इतिहासिक शहर तना:
यात्रियों की सुरक्षा को भी प्राथमिकता दी गई है।	यात्री कोवा: सुरक्षा केओ: प्राथमिक एमा: कना:
वेनेसा उसे वहाँ से उसे अपने घर ले गई।	वेनेसा इनी: के एनता:एते अया: ओडा इदि कीयाय
पूछताछ में उसने बताया कि वह रिक्शा चलाता है।	कुपुली से इनि:यय उदुब केदा: ची इनी: रिक्सा चलवयाय
दिन भर रात भर गायब रहा।	दिन भइर रइत भइर अदा कन तइकेनाय
उनका सरदार मक्के पर राज करता था।	इनि:या सरदार मक्का रे रईज तइनाय
मैं उनमें कोई दिलचस्पी नहीं रखती।	अइंग इनि:या रे जेतन दिलचस्पी कइंग दोेएया
या नहीं तो चुप ही रहे	ओडो कहा रे दो हपा गी तइनकाय
जिन्हें दंगा कराना था करा चुके।	ओकोए के दंगा रिका: तइकेना रिका केदाय
अछाई और बुराई का नज़रिया दिया।	बेस ओडो: बेकार रा: नेपेल ओमादाय
फिर उस कोन्वेर्ट फाइल को ओपन करे फिर	ऐना रा: तयोम एन कन्वर्ट फाइल के खोलावे कय ओडो
सब उसके ऐहसानों का योग है।	सोबेना: इनि:या अहसान रा: योग तना:
वह जिन्नों के एक सरदार शहमर का बेटा नहस था।	इनी: जित्र कोवा: मियद सरदार शहमर गा होन कोड़ा नहस तइनकेनाय
विभिन्न प्रकार के शस्त्र चलाने का उन्हें अद्भुत अभ्यास था।	एटा:-एटा रकम रा: हथियार चलव रा: इनी: के अद्भुत अभ्यास तइकेना
लोगों से मिलने की इच्छा होती है।	होड़ो: कोलो: नयम सनंडा
इन्जीनियर्स की वाईव्स की तरह टीचर बन सकती हो।	इंजीनियर कोवा: कुड़ी: को लेका इनि:तु नी: बई दड़ियो:वाम
रणधीरसिंहजी मुझे नौकर रखकर बहुत प्रसन्न हुए।	रणधीरसिंहजी आइंग के दासी दोहो केदे बेसे रसिका जनय
करीब आंधे घंटे के बाद आदमी नार्मल होता है।	करीब आधा घंटा तयोम होड़ो नार्मल:वाय
एडीज इजिप्टी मच्छर बहुत ऊंचाई तक नहीं उड़ पाता।	एडीज इजिप्टी सिंकड़ी थीमबा चेतन सन कय अपिर दड़िया
सामग्री उपलब्ध करवाने की सहायता मांगी।	सामान एमो रा: मदइत असी केदाय
अधूरे मन से कोई भी काम मत करो।	आधा मोन ते जेतन कमी अलोपे कमिया
मैं उनसे पत्रिकाएं और किताबें लेकर पढ़ता था।	अइंग इनेजे ते पत्रिका ओडो पुथि इदि केद पढ़वेन तइनाइंग
जिला महिला अस्पताल के पास एक छोटा सा मंदिर है।	जिला महिला अस्पताल ता: रे मियद हुडिंग कन मंदिर मेना:
बता हमारी भूमि पर अनाधिकृत कब्जा करके हमें	उदुबेम अलेया: ओते: रे जबरई कब्ज़ा केते अले के
इस अग्निकांड में कई पुलिसकर्मी भी शामिल थे।	ने सेंगेल कांड रे चिमीन थीमबा पुलिस रेन को तइकेना
तो मन में तनाव सा हो रहा था।	दो मोन रे तनाव लेका होबाव तइना
इसाई धर्म का प्रचार किया गया।	ईसाई धोरोम रा: प्रचार रिका जना
आप का क्या ख्याल है?	अमा: चिकन ख्याल मेना:
नर्स के ड्यूटी रूम में पहुँचा।	नर्स गा: ड्यूटी कोठरी रे सेटेर जना:
उस के मौन के चारों ओर अपार भीड़ थी	इनि:या मौन रा: चइरो पाड़ बेसे भीड़ तइकेना
ब्राउन हल्के नीले रंग आइवरी एक्स	भूरा हल्का नीला रंग रा: आइवरी एक्स
इस दौरान दोनों भोपाल में रहेंगे।	इमतंग बरन कीन भोपाल रे कीन तइना
उसने फोन पर उसे घटना की जानकारी दी।	इनी: फोन रे घटना रा: जानकारी ओमादीआय
उन्होंने मुझसे सत्यजीत रे के बारे में बातचीत की।	इनी: आइंग लो: सत्यजीत रे या: विषय रे जगर केदाय
अपने नाम की कोई ख़ास अहमियत लारा बताती थी।	अया: नुतुम रा: जन खास महत्वा लारा उदुब तइनाय
सही सलाह देने की बजाय गुडी गुडी बातें करते हैं।	सही सलाह एमो: रा: बदले गुडी-गुडी को जगारा
आप लोग अपना अपना दायित् व पूरा करें।	अपे सोबेन अपन-अपन दावित्य पूराय पे
ब्रिटेन हुकूमत के दौरान इसकी सीमा चिह्नित की गई थी।	ब्रिटेन हुकुमत रा: समय नेया रा: सीमा चीन्हा कन तइकेना
वे डाकू पैदा नहीं हुए थे।	इनकु डाकू कको जन्माव कन तइकेना
प्रीत सूरज से मगर अर्पित हुई पाषाण पर	प्रीत सिंगी: रे ओडो: अर्पित जनय दिरि रे
कुख्यात से प्रख्यात हुआ एक गांव	कुख्यात ते प्रख्यात यना मियद हातु
डार्क कलर्स बड़ी स्पेस में ही अच्छे लगते हैं।	गाढ़ा रंग मरंग ठयद रेगी बेस नेलो:वा
आज मैं नृत्य देखने गयी थी।	तिसींग आइंग सुसुन नेलइंग सेनकेना:
ऋग्वेद पांच पंचो से भरापूरा है।	ऋग्वेद मोड़ेया पंच ते पेरेयाकना
इस श्रेणी में सभी जानकारी यूनिकोड में है।	ने श्रेणी रे सोबेन जानकारी यूनिकोड रे मेना:
फेंके परन्तु मधयाद्द में एक ही बार।	एंडा:एपे मगर मध्याद रे मिसा: गे
इस जीत पर मौजूदा सभी महिलाओं को पार्टी दी गई।	ने जीत रे मौजूद सोबेन महिला कोके पार्टी ओम जना
इससे भी देश की नाक का सवाल जुड़ा हुआ है।	नेया तेयो: दिसुम रा: मुँह या: सवाल जुड़ाव कना
और सब जानते हैं कि ये जुनून बेवजह नहीं था।	ओडो सोबेन को सरिया ची ने जूनून बेवजय का तइकेना
जापान पर इसका काफी असर पड़ा।	जापान रे नेया रा: बहुत असर पड़ाव जना
कोई सत्य बताना चाहता है तो समझ नहीं पाती।	ओडो इनी: सच्चाई उदुब सनंड तना मगर कइंग बुझव दड़ि: जना
मेरी नियुक्ति एक लंबी प्रक्रिया के बाद हुई।	अइंगा नियुक्ति मियद जीलिग प्रक्रिया रा: बाद होबा यना:
पुलिस व न्यायिक सुधार हो हमारी प्राथमिकता	पुलिस ओडो न्यायिक सुधार होबा:वा गी अबुआ प्राथमिकता
दबा कर भूख के शोले एक लोटा पानी से	दबाव केद रेंगे: रा: शोला मिद लोटा दा: ते
राज्य सरकार से जो अपेक्षा थी वो पूरी नहीं हुई।	राइज सरकार ते जे अपेक्षा तइकेना ऐना का पूरा जना
लेकिन इसके उलट ईर्ष्या एक दम सच्ची।	मगर नेया रा: उल्टा ईर्ष्या एक दम सरती
किसने कैसी है उँगली उठाई स्तरहीन	ओकोए चिलकन सरसर उठव कदा स्तरहीन
और भी बहुत कुछ लिखा है बंकिम चंद्र ने	ओडो थीमबा गी ओला: कदय बंकिम चंद्र
इससे अधिक भला और क्या चाहते हैं आप।	नेया ते अदिका भला ओडो चीना: सनंग तनम अम
कहो जल्लाद से फंदा कसे इक बार में कस कर	कजिम जल्लाद ते फंदा फसे मिसा रे कसाव केद
ज़ाहिर है वह ईसाई धर्म के खिलाफ	जाहिर गिया इनी: ईसाई धोरोम रा: खिलाफ
कोई मुझे बता दे क्या आज हो रहा है	जाय को अइंग के को उदुबीइंग का चीना: होबाव: तना:
भूखा होने पर भी नहीं रोया	रेंगे: तन रेयो की रअ: केदा
उत्तर पश्चिमी ईरान में स्थित ज़न्जान प्रांत की यात्रा।	उतर पश्चिमी ईरान रे स्तिथ जन्जान प्रान्त रा: यात्रा
यात्रा से पहले अपना पेट साफ़ होने देना चाहिए।	यात्रा ते सिदा अपना: लय: सफा: तइन चाही
समर्थ परिवार को विभिन्न संगठन लिखित समर्थन दे रहे हैं।	समर्थ परिवार के एटा: एटा: संगठन लिखित समर्थन एम् न तनाको
यह सेवा कोलकाता से बागडोगरा व गुवाहाटी को भी जोड़ेगी।	ने सेवा कोलकाता ते बागडोगरा ओडो गुवाहाटी के यो जोड़व यय
हर वक़्त आपके साथ ईश्वर जुड़े रहे।	सोबेन इमतंग सींग:-बोंगा अमलो: जुड़व कन तइन का:
तीन घण्टे बाद दर्शन कर पाते हैं।	अपि घंटा तयोम दर्शन दड़ियो:वाय
प्रस्तावित तेल उत्पादन सात वषों में शुरू हो जाएगा।	प्रस्तावित सुनुम उत्पादन सात बरस रे एटे: योवा:
मेरा काम स्त्री को शिक्षा देना तो नहीं है।	अइंगा कमी एरा के शिक्षा ओम दो नाला:
नौकरानी से शाल मँगवाकर उसने ओढ़ ली थी।	कमड़ी ते शॉल असी केद आए उयु: जना:
बायां पैर भी सीधा फैला रहेगा।	लेंगा: कटा:ओ: सोझ गी पसराव कनो:वा
परिणाम स्वरूप वन्य प्राणी लगातार खत्म होते जा रहे हैं।	परिणाम स्वरुप टोनंग रेन प्राणी को लगातार छबा: इदियो: तना को
मेरी पहली कहानी के लिए कई मेल मुझे मिले।	अइंगा सिदा कहानी लगिन चिमीन-चिमीन मेल अइंग के नम जना
रही बात हिंदी के मरने की।	तइ जना कजी: हिंदी गोजो: रा:
कम खाते कम सोते कम बोलते	हूडिंग जोमय हूडिंग दुड़ुमय ओडो हूडिंग कजीयय
सोरिया को मंगलवार को जेल भेजा गया।	सोरिया दो मंगर हुलंग जेल कुल जनय
का प्रौढ़ मास्टर अपनी पत्नी से पुत्रीवत स्नेह रखता है।	रेन हड़म मास्टर अया: गोम कइन लो:ते होन कुड़ी लेका दुलड़ीया
यह अलग बात है कि इससे आगे जाकर	नेया एटा: कजी: तना: ची नेयाते अयुर सेन केद
इसमें कुंदनसिंह एंड पार्टी द्वारा भजनों की प्रस्तुति दी जाएगी।	नेया रे कुंदन सिंह एन्ड पार्टी पाएते भजन रा: प्रस्तुति एमो:वा
गांव के कुछ लोग वहां पहले से ही मौजूद थे।	हातु रेन कटी: होड़को: सिदा:य ते एनता: रे को तइकेना
पूरे महीने भर से पीछे पड़ी थी।	गोटा चंडु: भइर ते दोया रे पड़वकन तईनाय
ब्लॉगिंग में और जीवन में भी उन्हें असीम शुभकामनाएं	ब्लॉगिंग रे ओडो जिनीद रेयो: आए: के असीम शुभकामना
समाजवादी सरकार की सोच जमीन से जुड़ी हुई है।	समाजवादी सरकार:अ सोच ओते: ते थोला कना
रोज दुर्गा मंदिर में जाकर सिर झुकाएँ।	सोबेन हुलंग दुर्गा मंदिर सेन केते: बो: तिरुबेपे:
वह अपने को चूमे जाने से अनजान है।	इनी: आए:के चूमान ते अनजान मेनाइया
उनका मुख्य मकसद कार का पेट्रोल टैंक उड़ाना था।	इनि:या असल मोने कार रा: पेट्रोल टैंक उड़ाव तइकेना
ये तो प्रकृति का एक खेल था।	नेया दो प्रकृती रा: मियद एनेज तना:
इससे आप अपना खोया फोन दोबारा हासिल कर सकते हैं।	नेयाय ते अम अमा: अदाकन फोन ओडो नम दड़िया:
इन्फर्मेशन टेक्नालजी > इंडिया > हैदराबाद	इन्फर्मेशन टेक्नालजी > इंडिया > हैदराबाद
और इसमें मीडिया की भी बहुत भूमिका है।	ओडो नेया रे मिडिया रा: यो खोब भूमिका मेना:
ऐसे राष्ट्रपुरुष श्रीगुरुजी के प्रेरणादायी जीवन की मोहक नाट्य प्रस्तुति	नेकन राष्ट्रपुरुष श्रीगुरुया: प्रेरणादायी जिनीद रा: मोहक नाट्य प्रस्तुति
खातू घाट पर ताप्ती नदी में युवक का शव मिला।	खातू घाट रे ताप्ती नाइ ते दगंड़ा या: लाश नम लेना:
मिनीमांता नें सबको दुलार दिया।	मिनीमान्ता दो सोबेन कोके दुलड़ केद कोवा:
जीव तकनीकी > जीव तकनीकी मे मास्टर > टर्की	जीव तकनीकी > जीव तकनीकी मे मास्टर > टर्की
वह बै री हवा को कोसता है।	इनी: बौड़ा: होयो के एगेर तनय
वे अमेरिकन शो नेक्स्ट टॉप मॉडल में आ चुकी हैं।	इनी: अमेरिकन शो नेक्स्ट टॉप मॉडल रे हिजु: कन तइना
बचपन से ही नौटंकीबाज रहा हूं और आज भी हूं।	हूडिंग तेगी बैला तइकेनाइंग ओडो ना: जकैद मेनाइंआ
पर अब आपके मूल बिन्दु पर बात करते हैं।	मगर ना: दो अमा: मूल बिंदु रेबु जगरा
और तैयारी का कोई अर्थ नहीं है।	ओडो तैयारी रा: जेतन मतलब बनो:वा
इसके दाने बहुत बडे होते हैं।	नेया रा: दाना बेसे: मरंग होबा:वा
लोकगीतों को कौन आँख दिखा सकता है?	लोक दुरंग के ओकोए मेद नेल रिका दड़िया
और जानबूझ के नहीं लिखा था।	ओडो सरिकेते गी कय ओल कद तइना
हमें हर वो चीज जो मुफ्त में मिलती है।	अबु के सोबेन चीज़ जे ची मुफ्त रे नमो:वा
सुबह उठने पर उनकी मोटर साइकिल गायब मिली।	सेता: बिरिद जन रे इनि:आ मोटर साईकिल गायब कन तइकेना
तुम तो यहां बहुत दिनों से हो।	अम दो ढेर दिन ते मेना:मा
अब माया का भी बातों का मन हुआ।	ना: दो माया गा:यो जगर रा: सनंग होबा जना:
उनके अधिकार में है हमारी समस्या का समाधान।	इनि:आ अरवतियार रे मेना: अबुआ: समस्या रा: हल
फंड एजेंट के लिए सेबी की नई शर्त	फण्ड एजेंट नंग सेबी रा: नवा शर्त
मुझे तो लगता था कि थोड़ी लाड़ली और ज़िद्दी है।	आइंग के दो अटकरो: तइना: ची कटी: दुलड़ेन ओडो जिद्दी मेनाइया
खासकर दाँतों का विशेष महत्व होता है।	खास केते डाटा कोरा: विशेष महत्व तइना
कोई नहीं जानता किसका कितना योगदान है।	जेतय कको इतूवाना ओकािए:अ चिमीन योगदान मेना:
झगडे शुरु हो गये थे।	एपेरंग एटे: कन तइकेना
ज़मख़्शरी को अनेक साहित्यिक क्षेत्रों में दक्षता प्राप्त थी।	ज़मख़्शरी के एटा:-एटा: साहित्यिक क्षेत्र रे महारत नमा: कन तइकेना:
बाल फेंकने जा रहा था।	उब एंडा: सेन तइनाय
पर गहन प्रौद्योगिकी के आधार पर	मगर गहन प्रोद्योयगिकी रा: आधार रे
मैं भी गया था मेरे बा	आइंयो: सेन केना आइंआ तयोम
फ़िर मुझे लगा शायद इनके मुन्ह खुलने दो आज।	एनेते: आइंग के अटकर जना ची नि:या मोचा खोला:व का तिसिंग
हम आज़ाद हो गए बाहरवालों से।	अबु: आजाद यनाबू बाहरी कोलो: ते
दाम्पत्य जीवन में उत्कट प्रेम की अनुभूति होगी।	कुलगिया जिनीद रे बेसे थीमबा दुलड़ रा: अनुभव होबा:वा
साइकस और मनीप्लांट के मंहगे पौधे मंगाए गए।	साइकस ओडो मनीप्लान्ट रा: महरंग दारू आउ रिका कना
क्या आपने कभी ब्लू लाइन में यात्रा की है?	ची आ अम चिवलाव ब्लू लाइन रेम यात्रा कदा:?
पत्रिका के संपादक को भी माफी मांगनी चाहिए।	पत्रिका रेन संपादक के ओ माफ़ी असि लगातिंग:
घर का दरवाजा बांस की फट्टी जोड़कर बना है।	ओडो रा दुवर मद: फट्टी जोरन केद बइया कना
कुछ देर वहाँ की दुकानों का भ्रमण किया।	घड़ीकद एनता: रा: दोकान: भ्रमण केदा:
अनेकों ने विदेशी आक्रांताओं का अत्यंत वीरतापूर्वक सामना भी किया।	चिमीन को परदेशी लड़ाई कोरा: बेसे वीर लेका सामना केदा को
प्रत्येक टेबल तीन एक्सपर्ट मौजूद रहेंगे।	परतेद टेबल रे अपिया सेड़ान को मौजूद तइना
इस नाते वे जनमोर्चा में सबसे पहले आए।	ने लेका इनी: जनमोर्चा रे सोबेनकोयते: सिदा: हिजु: लेनाए
विश्व की प्रत्येक वस्तु में है द्रव्य व स्वरूप	गोटा दुनिया रा: परतेद चीज़ रे मेना: द्रव्य ओडो स्वरुप
स्नातक छात्र को बस ने रौंदा	स्नातक इतुन कोड़ा होन के गाड़ी पेन तइजा
बैंक ऑफ़ बड़ौदा भारत का सार्वजनिक क्षेत्र का बैंक है।	बैंक ऑफ़ बड़ौदा भारतय:अ होड़जमा क्षेत्र बैंक तना:
अतः आपको प्रिय लोकहित में ही हम सर्वस्व अर्पण चलें।	एना नंग अमके दुलड़ लोकहित रेगी अले सोबेना: एमा:मेयाले
स्पर्धा में कल मैच तीन बजे से खेले जाएंगे।	प्रतियोगिता रे गपा मैच तीन बजे ते ऐनाजो:वा
रानी रस्मानी कोई उत्तर नहीं दे सकीं।	रानी रस्मानी जेतन जवाब कय एम् दड़ि:जना:
यह किसी ऐहसान से कुछ कम नहीं	नेया जन लिबुइ ते कम बनो:वा
नीलकंठ ने मन्त्र भागवत की भी रचना की है।	नीलकंठ दो मन्त्र भागवत:अव् रचना कदा
के वर्ग के अनुसार घटता जायगा।	इनिया वर्ग लेका घाटव इदियो:आ
लेकिन इस आदमी का तो अपना कुछ है ही नहीं।	मगर ने होड़ो:वा दो अपन: जेतना: बनो:वा
फिर अचानक कुछ सोंच कर डर गया।	एने:तेद अचका जना: पहम केद बोरो जना:
दोनो ही इससे काफी ज्यादा है।	बरना: गी नेया ते अदिका मेना:
बढ़ती ठंड को देखते हुए लोग उपाय करने लगे हैं।	बढ़वतन ठंडा के लेल तन लो: होड़ो:को उपाय तना:को
पाठक ने इसकी सूचना भास्कर को दी।	पाठक दो नेया: रा: सुचना भास्कर के एमा कदा:
कीमियागर अभी भी आसमान की तरफ देख रहा था।	कीमियागर ना: सन सिरमा पाड़ अरिद तनय
ऐसा नहीं है कि यह समझौता नहीं हो सकता।	नेका: बनो:वा ची ने समझौता का होबा: दड़ियो:आ
कई बार तो सर्वर पर भी इसका दुष्प्रभाव पड़ता है।	चिमीन सा दो सर्वर रेयो नेया रा: दुष्प्रभाव पड़ा:व
विविधसमकालीन हिन्दी साहित्यिक पत्रिकाओं में कविताएँ प्रकाशित।	एटा:-एटा: समकालीन हिंदी साहित्य पत्रिका कोरे: कविता को प्रकाशित
मद्यपों की याद में खोयी हुई	मद्यप रेअ: यइद रे अदाकन
पूजन मन को एकाग्रचित्त करके करना चाहिए।	दँगी मोन के शांत केते रिका चाही
मुझे उनका विंग मैन बनाया गया।	आइंके इनि:जा विंग मैन बइ किदीआको
दंगा निरोधक वाहन को बुला लिया गया है।	दंगा निरोधक गाडी के कुली आउ केदा को
विश्वनाथ त्रिपाठी ने प्रलेस की ओर से श्रद्धांजलि दी।	विश्वनाथ त्रिपाठी पुलिस स:एते श्रद्धांजलि एम् केदा
उसे उलटा कर चूल्हे पर चढ़ा दिया जाता है।	ऐना के उल्टा केद चूल्हा रे लादी त:अको
वह उलटे और सह देती है।	इनी: उल्टा ओडो बढ़ावा एमे:याय
तो इस तरह की जो भी	दो ने लेका रा: जे गी
आखिर वे भी तो उनके भानजे ही होते थे।	आखिर इनकुओ दो इनि:या गेड़े: होन गी को तइयो: तइना
हम अपनी लूटी हुई आबरू का तमाशबीन रहे।	अबु अपन: कुम्बुड़ु कन इज्जत:अ तमाशाबीन बइया कनाबु
वो लाखों विस्थापित जिनके दर्द को बीजेपी ने खूब भुनाया।	एन लाखो हटिंग कनको ओकोए:अ दुकू बीजेपी दो बेसे भुनाव केदा
गाँव तो बस एक ख्वाब सा ही लगता है।	हातु दो सिर्फ मीयद कुमु गी अटकरो:अ
मेरा सवाल उसे कुछ अधिक समझ नहीं आया।	आइंंग: सवाल इनी: के का सोनतो: यना
सादा पानी पीने से कम होता है मधुमेह का खतरा	सादा दा: नु लेरे मधुमेह रा: खतरा कमो:अ
लगे मखमल सी जिंदगी में टाटके पैबंद ॥	लगतिंग यना मखमल रा: जिनिद रे टाट रा: पैबंद
वर्तिका ने स्वप्नों में खोते हुए कहा।	वर्तिका दो कुमु रे: अदो: तन लेकाय कजी: केदा
सभी मौके से गिरफ्तार भी किये गये थे।	सोबेन को मौकाएते तोल बारन यनोको
और तुम? तुम्हारे कितने भाई और बहनें हैं?	ओडो अम? अमा: चिमीन जन हगा-मिसि को मेनाको:अ
इनके समय में राज्य में साधारण सुधार हुए।	निकुवा: समय रे राइज रे साधारण सुधराव होबा लेना:
क्योंकि उसके ही कड़े आदेश का पालन है यह।	चिया ची इनि:या गी सकत हुकुम रा: पालन तना: नेया:
इसका चितेरा तो परब्रम्हा परमात्मा है।	नेया रा: चितेरा दो परब्रम्हा परमात्मा तनी:
टूटी तकली पर तू बिल्कुल धागे सकता कात नहीं	ठोयद कन तकली रे अम मियदो सुतम कम गलंग दड़िया
चूँकि इस दौरान खेतों में कटाई हो चुकी	हालाँकि ने समय लोयों रे इरो को होबा: जना
भाषा समझने में माहिर नन्हे उस्ताद	भाषा बुझवेन रे ओस्ताद कटि:इ मरंग बाबू
और औकात भी सब की दिखा गया सूरज	ओडो अवकातोय नेल रिका केदाय सूरज
दंडकारण्य में भी और दिल्ली में भी।	सजइ रेयो ओडो दिल्ली रेयो
हमने दिए तब चौहान से दूसरी मुलाकात हुई।	अले एमादले इमतंग चौहान ते एटा: मुलकाइत होबायना
अपने आप को नयी मानवीय संरचना का	अपन के गी नवा मानवीय संसथानाय:अ
वही हालत ब्रिटेन में कंजरवेटिव और लेबर पार्टी की है।	एन हाल ब्रिटेन रे कन्सेर्वटिव ओडो लेबर पार्टीय:अ मेना:
उर्फ कहानी सम्पन्न महन्त और उसके प्यारे कुत्ते की	कहानी केटे: महन्त ओडो इनि:या दुलड़ सेताय:अ
अब मेरा मन और अधिक बैचेन हो रहा था।	ना: दो आइंगा मोन ओडो: गी बेचैनो:अ तना
बड़े सलीके से आपने बात को रखा है।	बेसे सलीका ते अम ने कजी केम दोहो यदा
अठतल्ले से गिर गए रेवत बाबू	आठ तल्ला ते उयु: यनय रेवत बाबू
जिस कारण इन्होंने सेना को छोड़ने का मन बना लिया।	ने कारण नी: सेना के बगी:रा: मोने बइ केदाय
वह अंग्रेजी शब् द है और यह हिन् दुस् तानी।	ऐना अंग्रेजी शब्द तना: ओडो नेया हिंदुस्तानी
मेरी आंखें दूर दृश्य के सुलझेपन में गुम थीं।	आइंगा मेद संगिग नजाराय:अ सुलझव तेया: रे गुम तइकेना
इसी दृष्टिसे भक्तगण इस लेखका अभ्यास करें।	ने लेका गी भक्त को ने ओनोला:अ अभ्यासएपे
तेज स्पीड हमेशा खतरनाक होती है।	तेज स्पीड सोबेन इमतंग खतरनाक ताइना
आइए इस बार इको फ्रैंडली होली खेलें	एलाबु नेसकन इको फ्रेंडली होली बू एनेजा
उन्ही शिलाओं के टुकड़े जैसे नजर आ रहे हैं।	एन दिरी रा: खण्डा लेका गी लेलो: तना
बेटी तो संभाली नहीं जाती बात करते हैं मोदी की।	होन कुड़ी दो काय सम्मड़ाव तना जगरयदा मोदीया:अ
अब वह संयम के साथ खेला।	ना: दो इनी: संयम ते एनेज केनाय
बीरेंदर को पता है कि कब क्या बोलना है।	बीरेंद्र के पता मेना: ची चिमतंग चीना: कजी: मेना:
उन्होंने सी डी द्वारा केसेट तैयार करवा ली।	इनी: सी डी एते केसेट तैयार रिका दय
समय की पाबंद अंजू बेचैन होने लगी।	समय रेन पाबंद अंजू बेचैनो: तनय
इस तरह करीब करीब पांच वर्ष गुजर गए।	ने लेका लगभग मोड़ेया सिरमा बितव यना
प्रदर्शनरत कांग्रेस कार्यकर्ताओं को पुलिस ने हिरासत में ले लिया।	प्रदर्शन तन कांग्रेस कार्यकर्ता को के पुलिस जेहेल ते इदीकेदको:अ
इसकी धुन यदुनाथ भट्टाचार्य ने बनायी थी।	नी:इया धुन यदुनाथ भटाचार्य बइया क़द तइना
अप्पी को भूख लग गई थी।	अप्पी के रेंगे: कद तइना
शायद यह तालिबानियों के लिए अच्छी खबर नहीं है।	शायद नेया तालिबानी को नंग बेस खबर का तइकेना
प्रणब मुखर्जी भी अपवाद नहीं हैं।	प्रणव मुख़र्जीओ अपवाद नहलाय
हालांकि पुलिस ने इसकी पुष्टि नहीं की है।	हालाँकि पुलिस नेया रा: काय पुष्टि कदा
इस प्राचीन प्रयोग की स्मृतियाँ स्वयं वेद में सुरक्षित हैं।	ने नंग को परिया रा: प्रयोग:अ स्मृति को खुद वेद रे सुरक्षित मेना:
रख दिया था हाथ पर अंगार तुमने।	दोहो कद तइनम ती: रे अंगोरा आम
विरोध में सड़क पर उतरीय महिलायें	विरोध रे संडक रे अड़गुयन को एरा को
आपकी उत् साह वर्धक टिप् पणीयों की सदा आपेक्षा रहेगी।	अमा: उत्त्साह बढ़व लेकन टिप्पणी कोरा: सोबेन इमतंग आसरा तइना
गोया लिख कर के कोई एक मिसरा	जैसन ची ओल केद मियद जन मिसरा
पृष्ठ का शीर्षकार्य खोने से बचना	पन्ना रा: एटे: कामी अदन ते बचव
जहां सूर्य ग्रहण के अवसर पर एक मेला लगता है।	ओकोता: रे ची सूर्य ग्रहण रा: अवसर रे मियद मेला लग:वा
मैंने बताया कि नये डिब्रुगढ पर जाना है।	अइंग उदुब केदाइंग ची नवा डिब्रूगढ़ सेन मेना:
गोलियां स्वयं भगत सिंह जी ने चलाई थीं।	गोली खुद भगत सिंह गी चलव कद तइना
ओर कोई तिरछी आंखों से देख नहीं सकता।	पा जेतय तिरछा मेद ते कको नेल दड़िया
उसका नाम इको फ्रेंडली फूड प्रोसेसिंग पार्क लिमिटेड है।	ऐनाय: नुतुम इको फ्रेंडली फ़ूड प्रोसेसिंग पार्क लिमिटेड तना:
पैराओलंपिक में देश के लिए पदक जीतना।	पैराओलिंपिक रे दिशुम नगेन पदक जीतव
प्रतिदिन एक मुट्ठी मूंग खाने से शरीर स्वस्थ्य रहता है।	रोज हुलंग मिद मुठी मुंग जोमे रे होड़मो स्वस्थ तइना
ऐसा लिखूँ तो आपको असुविधा तो नहीं लगेगी?	नेका ओले रेइंग अमके दो असुविधा का होबाव:वा?
कंधों तक इसी प्रकार मालिश करें।	नरन जकेद नेका गी मालिशएम् मे
गांड मरवाने के लिए तो वहाँ आना शुरु किया था।	गांड मरव नंग गी इनी: एनता: हिजु: शुरू लेदाय
दोनो तरफ से दिन दहाड़े गोलियां चलीं थी।	बरन पा:ते दिन दहाड़े गोली को चलव लेना
संदीप का एक हाथ व पैर भी कटा हुआ था।	संदीप रा: मियद ती: ओडो मियद कटा:ओ हदा कना
इन सभी बालाओं का स्वयंवर होना चाहिए	ने सोबेन कुड़ी होन होवा:ओ स्वयंवर होबाओ: चाही
उस दिन यह पूरा इलाका ही जाम हो जाता है।	एन हुलंग ने सोबेन इलाका गि जाम को:आ
जो भी फिर परिणामस्वरूप होता है उसका भी स्वीकार है।	जे गी तम परिणाम स्वरुप होबा:वा ऐनाओ स्वीकार मेना:
यात्रा के दौरान आयोजित होने वाले कार्यक्रम	यात्रा समय आयोजित होबाव तेया: काजी-कामी
बेटियों की शादी कर ली थी।	होन कुड़ी कोआ: अड़ंदि होबा कन तइकेना
सलाइयाँ भी लेकर नहीं देता था।	सलाईओ काय एम् तइना
उस का कोई आपराधिक इतिहास नहीं रहा।	इनि:या जेतन इतकन कमी र: इतिहास का तइकेना
उसकी आंखों में हर समय उसका चित्र फिरता।	इनि:या मेद रे सोबेन इमतंग इनि:या छापा गी बियूरो:वा
पूजा के बाद धन रखने के स्थान पर रखें।	दंगे: तयोम ते धन दोहो ठयद रे दोहोए मे
सभी लेख जिन्हें स्पैम सफ़ाई की आवश्यकता है	सोबेन ओनोल के चीना: के ची स्पैम सफाई रअ: जरुरत मेना:
अचानक शरीर का ताप बढ़ने का लक्षण अच्छा नहीं।	अचका ते होड़मो रअ: लोलो: बढ़व रेअ: लक्षण का बेसा
वैलेरी पालिकोव ने दो उड़ानों के द्वारा	वैलेरी पलिकोव बरसा उड़ान लो: ते
सभी नए किराया पैकेट में कार्यान्वयन की सूचना शामिल करें	सोबेन नवा किराया पैकेट रे काजी-कामी रअ: सुचना मेसाय पे
इनके विचार शुरू से ही धार्मिक रहे।	इनिया: विचार एटे:तेगी धार्मिक तइकेना
अनीश्वरवादी सिद्धारमैया ने सत्य के नाम पर शपथ ली।	अनीश्वरवादी सिद्धारमैया दो सच्चाई रअ: नुतुम रे कि रिया जोम लेदारा
यही काम अक्षरग्राम की पोस्टों के साथ करना चाहिये।	ने कमी गी अक्षरग्राम रेन पोस्ट को लो: रिका लगतिंगा
ईमानदार को बहाने की ज़रूरत नहीं पडती।	ईमानदार के बहाना रअ: जरूरइत बनो:वा
बड़े खतरे से दो चार है।	चिमीन खतरा ते बरिया चार मेना
आपकी लीला भी देश देख रहा है।	अमा: नाटकओ दिशुम नेल तनय
ये कोडरमा से लोकसभा सांसद हैं।	नी: कोडरमा ते लोकसभा सांसद मेनाइया
एमबीए सतत व्यापार में इतना खास बनाता है?	एमबीए सतत व्यापार रे खोब खास बइएयाय
धोनी हमारे वक्त के सबसे बडे सुपर सेल्समैन।	धौनी अलेया: समय रेन सोबेन ते मरंग सुपर सेल्समैन
प्रियंका अपनी जगह एकदम ठीक हैं।	प्रियंका अया: ठयद रे एकदम ठीक मेनाइया
उन्हें भी इसी अस्पताल में भर्ती किया गया।	आए: केओ ने अस्पताल रेगी भर्ती कीया को
इससे पटेल इतिहास का हिस्सा बनकर रह गए।	नेया ते पटेल इतिहास रअ: हिस्सा बइकेद तइ जनय
पर प्राप्त किये जा रहे हैं।	रे नम दड़िओ: तना:
कि दुनिया में फिर भर दूँगा रौशनी	ची दुनिया रे ओड़ो जुल ता:इंग मरसल
यह जानकारी सरकार ने गुरुवार को जाहिर की।	ने जानकारी सरकार विरइसपइत रे जाहिर केदाय
चेहरे पर उदासी और निराशा है।	मेद मुअड़ रे दुकू ओडो निराशा तइकेना
घुमक्कड़ी से बढ़कर सुख कहाँ मिल सकता है?	घुमावेन ते सुकु ओकोता: रे नम दड़िओआ
तीर मारता हूँ अपनी पीठ ठोकता हूँ	तीर तुइंगए याइंग अपन: दोयाओ ठोकवयाइंग
बस में एक जवान लड़की खड़ी थी।	गाड़ी रे मियद जवान कुड़ी तिंगू कन तइकेना
सूचना प्रौद्योगिकी और बाजारवाद से राष्ट्रीय संकट बढ़ा है।	सूचना प्रौद्यिगिकी ओडो बाजारवाद ते राष्ट्रीय संकट बढ़व कना
कि आज विमर्श निष्कर्ष प्रदान नहीं करते।	ची तिसिंग सलहा निष्कर्ष काको एमेया
कोई भी दुर्घटना हो तो नीचे वाले फंसते हैं।	जान दुर्घटना को होबाओ: रे लतर रेन को पसेओ:वाको
लेकिन क्या सिर्फ यही वजह रही होगी।	मगर चीना: सिर्फ वजह गी तइकेना
हम सब एक ही माँ के संतान हैं।	अबु: सोबेन मियद उमा या: होन तनबु
हाँ प्यार भी भुलाया जा सकता है।	हेई दुलड़ओ रीड़िंग दड़िओवा
यह केला तो मैं खाऊँगी ही।	ने कदल दो आइंग गी जोमेया
इस लोक मंच का सविंधान क्या है?	ने लोक मंच रअ: संविधान चीना: तना:
लेकिन उन्हें एक भी वोट मत दीजिए।	मगर इनी: के मियदो वोट अलपे ओमाइया
विनायक दामोदर सावरकर इसके अध्यक्ष रहे।	विनायक दामोदर सावरकर नेया रेन अध्यक्ष तइकेनाय
घर के थोड़ी दूर स्कूल का बस्ता लटकाए बेटा मिला।	ओड़ा: ते कटि:इ संगीं स्कूल रअ: बस्ता लटकव तन होन कोड़ा नमयनय
लोग उम्र का भी तकाजा देते थे।	होड़ो को उमर रअ: तकाजा को एम् तइना
मैं अपनी हर पोस्ट में कमी निकाल सकती हूँ।	आइंग आइंआ: सोबेन पोस्ट रे कमी उडुंग दड़िया
यह भी सुनहरे भूरे रंग के लिए	नेयाओ सुनहरा भूरा रंग लगिन
आत्मविश्वास अटके काम आसानी से बनाएगा।	आत्मविस्वास अटकव कन कमी के सहज ते बइएयाय
सुनकर मां और मैं दोनों ही चौंक पड़े।	अयुम केते उमा ओडो आइंग बरन कीन अचकचव जना लिंग
मम्मी हमें शादी नहीं करनी है।	उमा आइंग के अड़ंदिन बनो:वा
यद्यपि यह निष्कर्ष विवेकपूर्ण तथा तथ्यपरक नहीं है।	हालाँकि ने निष्कर्ष वि सेड़ान ओडो विचार लेका बनो:वा
वह बहुत सुन्दर हैं और फैशनबल भी।	इनी: खूब सूंदर मेनाइया ओडो फैशन रेनी:ओ
ग्राहक को जागना होगा व स्वयं का संरक्षण करना होगा।	ग्राहक के एन होबा:वा ओडो अपन के अपन गी बांचन होबाओअ:
शायद ये कम्युनिस्ट बेहतर बता पाएँगे।	शायद ने कम्युनिस्ट बेस उदुब धड़ियाको
पंजाब में भी हिंदी अखबारों की यही स्थिति है।	पंजाब रे:ओ हिंदी अख़बार को:रा: नेका गी दशा मेना:
वायरिंग स्विच बोर्ड चोरों की भेट चढ चुके है।	वायरिंग स्विच बोर्ड कुम्बुड़ु को:आ: भेंट रकब जना
अशरफ का शुद्ध रूप दरअसल अश्रफ है।	अशरफ रअ: शुद्ध रूप अश्रफ तना:
आक्सफ़ोर्ड विश्वविद्यालय मे राजकुमार चार्ल्स ने कहा कि संसार मे	ऑक्सफ़ोर्ड विश्वविद्यालय रे राजकुमार चार्ल्स कजी केदाय ची गोटा दुनिया रे
किया जाएगा तथा अनुदान के सदुपयोग	रिका:वा ओडो अनुदान रा: सदुपयोग
चिन्मयानंद जैसे भेड़ियों के चंगुल में इसलिए फंसती हैं लड़कियां	चिन्मयानंद लेकन भेड़िया कोअ: चुंगुल रे नेया लगिन को पसेओ:आ कुड़ी को
पिछले सीजन में पांच खिलाड़ी पकड़े गए थे।	सेनो: जन सिरमा मोड़ेया खिलाड़ी को सब लेना
यह राज्य का सबसे सर्द स्थान रहा।	नेया राइज रअ: सोबेन ते थीमबा ठंडा ठयद तइन दोहोया
कहीं भी अकडन या तनाव न रखें।	जेता ता: रे अकड़व ओडो तनाव अलपे दोहोया
काव्य की अनेक परिभाषाएं दी गई हैं।	काव्य रा: खोब परिभाषा एमा कना
बेबी फलक की मां ने शुरू किया नया जीवन	बेबी फलक:अ एंगाते शुरू केदाय नवा जिनीद
टशन में मैंने पहली बार ग्रे चरित्र निभाया।	टशन रे आइंग मीसा लाइंग ग्रे चरित्र रिका लअ:
पार्क मेले में सड़क सुरक्षा देता है	पार्क जतरा रे संडक सुरुनोम ओमेयाय
बेटी क्या गुल खिला रही है।	होन कुड़ी चिकन गुल खिलाव तनय
मध्य प्रदेश का मंडला जिला जनजाति बहुल इलाका है।	मध्य प्रदेश रअ: मंडला जिला जनजाति बहुल इलाका तना:
मुझे बीमा का कार सकता है?	आइंग के बिमा र:अ कार नमो:आ?
हमारे बीच दूरी नहीं राजनीति है।	अलेया: थला रे संगिग कहा राइजतोंतर मेना:
कानपुर। एसडी कॉलेज में छात्रों में मारपीट हुई।	कानपूर एसडी कॉलेज रे इतुन तन होन कोरे: मार-पीट होबा: जना:
उस समय कहा गया था कि उन्हें वायरल है।	एन समय कजी कन तइकेना की इनकुवा रे वायरल मेना:
पुलिस वाले को गुस्सा आ गया।	पुलिस रेनी: को के गोसा हिजु: जना
खुशी एक गुलाब है और दुख एक कांटा है।	रसिका मियद गुलाब मेना: ओडो दुकू मियद जानूम मेना:
विवरण श्री लक्ष्मण कुमार चौबे अचल	विवरण श्री लक्ष्मण कुमार चौबे अचल
आप अपनी रचनात्मकता को कैसे बढ़ा सकते हैं?	अम अमा: रचनात्मक के चिल्का अदिका दड़िया
परंपरागत ग्राम पंचायतें शक्तिहीन हो चुकी हैं।	परंपरागत हातु पंचाइत को बेगर पेड़े: रा: बई जाना
जनरल प्रबंधन या रसद प्रबंधन में विशेषज्ञता	जनरल प्रबंधन ची रसद प्रबंधन रे विशेषज्ञता
गायें सुस्वादु एवं प्रचुर मात्रा में दूध प्रदान करें।	गई को हेड़ेमन ओडो अदिका मात्रा रे तोआ को एमेका
पत्रकारिता में अवसर कठिन हो गया है।	पत्रकारिता रे अवसर कठिन यना
ग्लोरिया वालेंसिया कोलम्बियाई टेलीविजन के डी	ग्लोरिया वेलेंशिया कोलंबियाई टेलीविजन रेन डी
ईश्वर को भारत रत्न और दिवंगत	ईश्वर के भारत रत्न ओडो दिवंगत
मैं भी बचपन में बहुत गुड़धनिया खाता था।	आइंगओ सिटिया रे खोब गुड़ धनिया जोम तइना
कई बार चैबीस घंटे भी काम किए।	चिमीन सा हिसी उपम घंटाओ कमी केदाइंग
इसी से परेशान होकर युवक ने जहरीला पदार्थ खा लिया।	नेया ते परेशान केते दंगड़ा जहरीला पदार्थ जोम केदाय
प्रधानतया बेंद्रे ने गीत ही रचे हैं।	प्रधान मेना बेंद्रे दूरंग गी रचव कदाय
जल्दी ही यह पुस्तिका किताबों की दुकानों पर मिलने लगेगी।	जल्दी गी ने पुस्तिका किताब कोरा: दोकान रे नम एटे:योवा
तुमने चाय का कप दोनों हाथों से उठाया।	अम चाय र:अ कप बरन ती: तेम उठव केदा
एलयू की वेबसाइट पर पूरी कटऑफ सूची उपलब्ध है।	एलयू रअ: वेबसाइट रे सोबेन कटऑफ़ सूचि उपलब्ध मेना:
मेरी सारी कजन्स मुझसे छोटी हैं।	अइंआ: सोबेन चचेरा को आइंगते हूडिंग मेना कोवा
यहां के अनोखे नजारे आपको चकित कर देते हैं।	नेता: रेेअ: अनोखा नजारा अमके चकित तमको
चैंपियनशिप में कोई टाइटल प्रायोजक नहीं है।	चैंपियनशिप रे जेतय टाइटल प्रायोजक बांकोवा
मैं उदास था और वह नर्वस।	आइंग उदास तइ केनाइंग ओडो इनी: नर्वस
इसलिए वह मेरे लिए मर कर भी जिंदा थे।	ऐना नंग इनी: अंग:अ लगीन गोए: केतेओ जी: तइकेनाय
इससे तो बेहतर है मर जाए।	नेया ते बेस मेना: गोए: कोओ काय
अपनी बिमारी के कारण उसकी भूख मर चुकी थी।	अया: बीमारी र:अ चलते इनी:या रेंग: गोए: कन तइकेना
जिनका आकार चीनी के क्यूब जैसा होगा परंतु स्टोरेज क्षमता	ऐना रा: आकार चीनी र:अ क्यूब लेका तइना मगर स्टोरेज क्षमता
एक बार विपदाग्रस्त देवता भगवान शंकर के पास गए।	मिसा विपइति ते पेरेयाकन देवता भगवान शंकर त:अ सेन जनय
वह मुझमें हमेशा ही मौजूद है।	इनी: अइंया रे सोबेन इमतंग मेनाइया
लेकिन इसकी एक पारदर्शी प्रक्रिया तो होनी चाहिए।	मगर नेया र:अ मियद पारदर्शी प्रक्रिया दो तइन चाही
इस देश में राशन पर सिर्फ भाषण है	ने दिशुम रे राशन रे सिर्फ भाषण मेना:
यहां गुरमीतसिंह कुन्नर ने सुरेंद्रपालसिंह टीटी को हराया था।	नेता: रे गुरमीत सिंह कुन्नर दो सुरेंद्र पाल सिंह टीटी के हरव कद तइकेना
इसके लिए दुकानों और प्रतिष्ठानों का सर्वे करवाया जाएगा।	नेया लगीन दोकान ओडो प्रतिष्ठान कोरा: सुर्वे रिका:वा
आज के ब्राह्मण भी वही भूल कर रहे हैं।	तिसिंग रेन ब्राह्मण कोओ एनका गी भूल को रिका तना
मैं उन्हें और नहीं सुन पाई।	आइंग इनी: के ओडो काइंग अयुम दड़ियना
कुसंस्कार कौरव दल से कम नहीं।।	कुसंस्कार कौरव दल ते कम कहा
आज तो वो कयामत लग रही थी।	तिसिंग दो इनी: क़यामत गी अटकरो: तइना
जिस पर कुछ जलते बुझते बल्ब लगे होते हैं।	ऐना रे कटि:इ जुलतन बुझव तन बल्ब लगव कनो:आ
विवाह के लगभग पंद्रह वर्ष पश्चात शिशुपाल के पुत्र हुआ।	अड़ंदी र:अ लगभग गेल मोड़ेया सिरमा तयोम ते शिशुपाल:अ होन कोड़ा होबा जनय
ब्यावर से पाली व पिंडवाड़ा राजमार्ग की मंजूरी	व्यावर ते पाली ओडो पिंडवाड़ा राजमार्ग र:अ मंजूरी
मैं पीने के लिए परेशान रहता था।	आइंग नुए नंग परेशान तइओ: तइनंइग
हमारा दृष्टिकोण सकारात्मक है या नहीं।	अबुआ दृश्टिकोण सकारात्मक मेना: ची कहा
हत्या में ढाबे का नौकर भी शामिल था।	इतकन कमी रे ढाबा रेन दासीओ शामिल तइकेनाय
एक तरफ़ मुशर्रफ़ के समर्थक है तो दूसरी तरफ़ विरोधी।	मियद पड़ मुशर्रफ:अ समर्थक मेनाकोआ दो एटा: पड़ विरोधी
स्काटलैंड की आनरेबुल कम्पनी द्वारा किया गया।	स्कॉटलैंड रेन आनरेबुल कंपनी पड़ते रिका जना
उसके जैसा अन्य कुछ नहीं।	इनी: लेका एटा: जेता कहा
यूएफओ को लेकर बहुत उत्साहित रहता	यूएफओ के इदी केद खूब उत्साह तइनाय
उसके मुख से मुस्कान हमेशा निष्कासित रहेगी।	इनि:या मोचा ते लंदा सोबेन इमतंग गायब तइनो:वा
मुझे उससे नहीं अपने आप से डर लगने लगा था।	आइंग के इनी:यते कहा अपन: तेगी बोरो अटकरो:वा
वही इंटरनेट के लिए भी लागू किया जाना चाहिए।	ऐनागी इंटरनेट लगीनओ लागु रिका चाही
और यही तो कामन विल होता है।	ओडो गी दो कामन विल होबा:वा
कैसे बचें डेंगू के डंक से	चिलका बु बचवना डेंगू र:अ तूड़ ते
उनके अनुसार अभीष्ट तत्त्व मोक्ष है।	इनि:या लेका अभीष्ट तत्व मोक्ष तना:
उसका संसार से उद्धार हो गया।	इनि:या दिशुम ते उद्धार होबा: यना
बिल अधिक आने की शिकायत पर कई मीटर बदले गए।	बिल अदिका हिजु: र:अ शिकायत रे चिंनिंग मीटर बदलव यना
वे भी यूहन्ना का उपदेश सुनने के लिए निकल पड़े।	इनि:यो यूहन्ना र:अ उपदेश अयुम नंग उडुंग जनय
वह इस मुकाम तक पहुंच ही नहीं पाती।	इनि: ने मुकाम ता: सेटेर गी कय सेटेरा
दिया और प्रचार प्रसार के अवसरों पर बिखरे बिखरे दिखे।	ओम केदाय ओडो: प्रचार प्रसार र:अ अवसर रे बिखरव बिखरव कन नेल यनय
उन पर हवा देने की अवस्था है।	इनि:या रे होयो एम् र:अ दशा मेना:
वर्ली से टेप लेकर बांद्रा स्टूडियो जाना होता था।	वर्ली ते टेप इदी: केद बांद्रा स्टूडियो सेन होबा:वो तइना
क्रच में भी छोङुँ तो छोटी है ये ही फिक्र	क्रुच रेओ बगि:याइंग दो हूडिंग मेना: नेया गी फ़िक्र
इन्हें किसी संग या सहारे की भी आवश्यक्ता नहीं होती।	नी: के जेतन संगी ओडो सहारा र:अओ दरकार का होबा:वा
करते हुए ग्रामीणों ने उप जिलाधिकारी को ज्ञापन सौंपा।	रिका तनलो: हातु रेन को उप जिला अधिकारी के ज्ञापन सौपव कीया को
वे अपनी इच्छाओं को जल्दी जाहिर नहीं करते।	इनी: अया: सनंग के जल्दी कय जाहिरेयाय
और दूसरे दिन वह भदोही भी हो आया।	ओडो एटा: हुलंग भदोही ओ सेन ओ यनय
खरा सच कौन सुनना चाहता है?	खार सच्चाई ओकोय के अयुम सनंग
हिमालय का पर्वतीय क्षेत्र काफी कच्चा हैं।	हिमालय र:अ पर्वतीय क्षेत्र बेसे बेरेल मेना:
जंगलात को वेश्यावत्ति का अडडा बनाया	जंगलात के वेश्या वृति र:अ अड्डा बइ केदा:
रोगी ज्वर से पीड़ित होता है।	रोगी बेमार ते पीड़ित तइनाय
बस फिल्मों में ही आना नहीं हो रहा था।	बस फिल्म रे भइर हिजु: का होबा:व तइना
फिल्म की इस लिंक से डाउनलोड करिए	फिल्म र:अ ने लिंक ते डाउनलोड एपे
यह जानकारी मौसम विभाग के अधिकारियों ने यहां दी।	ने जानकारी मौसम विभाग रेन अधिकारी को नेता: रे एमादा
उसका कहना था कि जीटा अभी भी उसे घूरता है।	इनि:या कजी तइकेना ची जीटा ना: जकेद इनी: के अरिदाय
जो रिश्ते नाते हैं वे तो निभाने ही पड़ेंगे।	जे रिश्ता-नाता मेना: ऐना के दो निभाव गी होबा:वा
गाय के बदले भैंस उनकी ही सृष्टि की देन है।	गइ रे:अ बदला टिड़ इनि:या गी सृष्टि रे:अ: देन तना:
आटे को शुद्ध घी में हल्का भुन लें।	आटा के शुद्ध घी रे कटी: अता लेपे
उनकी बात का किसी ने जवाब नहीं दिया।	इनि:या जगर र:अ जेतय को जवाब कको ओमादा
वहीं कृष्ण की बहन सुभद्रा भी थीं।	एनता: रेगी कृष्ण:अ मिसि सुभद्राओ तइकेनाय
जीवनलाल तो केवल बकवास करता है।	जीवनलाल दो सिर्फ बकवासेयाय
दोनों के लिए मेडिक्लेम पॉलिसी लेनी है।	बरन कीन लगीन मेडिक्लेम पॉलिसी इदी मेना:
इसका असर कार की लागत मूल्य पर पड़ा है।	नेया: र:अ असर कार रे:अ लागत गोनोंग रे पड़व कना
विवाह भी वैदिक रीति से ही	अड़ंदीओ वैदिक रीती तेगी
उसे भी सम्राट को छकाने में बड़ा मजा आता था।	इनी: के सम्राट के छकाव रे खोब मजा हिजु:आ
कमर पे हाथ बंधे हैं गले में फंदा है	मयड़ रे ती: तोला कना होटो: रे मेना: फंदा
ग्रीन चैनल से आसानी से निकल गये दोनों।	ग्रीन चैनल ते बरन कीन आसानी तेकिन उडुंग यना
कई गाड़ियों के शीशें टूट गए।	चिमीन गाड़ी कोरा: शीशा रपुद यना
यह सब उनके निर्देशकीय क्षमताओं के कारण हुआ है।	नेया सोबेना: इनि:या निर्देशकीय क्षमता र:अ कारण होबायना
बेचैनी को इन चीजों से खत्म	बेचैनी के ने चीज ते छबा
क्या वो शेर पिंजरे से फ़िर कभी छूटा?	ची:आ एन कुला पिंजरा ते जा हुलंग छूटव लेनय?
मैंने पंखा भी उतारकर एक कोने में फेंक दिया।	आइंग पंखा के ओ अड़गु केद मियद कोठरी रेइंग एंडा तदा
बिल्कुल ऐसा ही हमारे साथ हुआ है।	बिल्कुल नेका गी अलेलो: होबा कना
वे इस कंपनी में शेयर होल्डर रहे हैं।	इनी: ने कंपनी रे शेयर होल्डर तइन केनाय
उसकी स् मृति ही उनके भीतर नहीं समा रही थी।	इनि:या यइद गी इनि:या भीतर का सोहोब तइना
लोकतंत्र में टोटे का मतलब है सत्ता से बाहर होना।	होड़कोते राइज रे टोटे र:अ मतलब तना: सत्ता ते बहरेन
ऐसे निर्दयी की गर्दन गुट्ठल छुरी से काटनी चाहिए।	नेकन निर्दयी र:अ होटो: गुट्ठल चाकू ते हाद चाही
शिकार बच्चियां कहां जाएं?प्रत्युत्तर देंहटाएं	शिकार होन को कोता: को सेना:? प्रत्युत्तर देहटाए
श्रीमन्महाराजाधिराज लेफ्टिनेंट गवर्नर बहादुर की यह	श्रीमन्महाराजाधिराज लेफ्टिनेंट गवर्नर बहादुर र:अ नेया
अपनी नैतिक ताकत की हालत समझ में आ जाती है।	अपन: नैतिक ताकत र:अ हालत समझ हिजु: कोआ
पलिया में मास्साब भी उतने ही उत्साहित हुए।	पलिया रे मास्टर सायोब ओ इमनंग गी उत्साहित जनय
अधिग्रहण के प्रबंधन में कार्यकारी प्रमाणपत्र एक नया प्रमाणपत्र	अधिग्रहण र:अ प्रबंधन रे कार्यकारी प्रमाण पत्र मियद नवा प्रमाण पत्र
कुछ बेसिक सर्च करिए और आप सारी चीजें खोज लेंगे।	जना: बेसिक सर्च लेपे ओडो अपे सोबेन चीज़ पे दड़ात:अ
कर्म करो फल की चिंता न करो	कमी पे फम रा: चिंता अलपेया:
ये बिंदु भी याचिका में शामिल	ने बिंदुओ याचिका रे शामिल
जेएस बने सतपाल और सुप्रिया »	जेएस बई यनाकिन सतपाल ओडो सुप्रिया
अब मैं पहलेवाली भोली अनजान गुड़िया नहीं थी।	ना: आइंग सिदा रेन भोली अनजान गुड़िया कइंग तइकेना
आज उसे एक सम्मान माना जाता है।	तिसिंग इनी: के मियद सम्मान को समझा:वा
इसलिए हमें महत्त्व हाकी को देना है।	ऐना मनते अबु: के महत्व फ़ोदा के एम् लगातिंगा
इससे एचआईवी के मामलों में इजाफा हो रहा है।	नेयाते एज आई वी र:अ मामला रे इजाफा होबाओ तना
यह देख कॉलोनी के लोगों ने वहां हंगामा मच दिया।	नेया नेल केते कॉलोनी रेन होड़ो को एनता: रे हंगामा मचव तदा
सांप डसना छोड़कर साधु बन जाएगा।	बिंग हब बगी केते साधु बइ को: अए
वह स्वस्थ होकर घर वापस लौटेंगे।	इनी: बेस केते ओडा रुवाड़य
पहले तो प्रकाश का दिल धक करके रह गया।	सिदा प्रकाश र:अ सुरुद धक केते तइ यना
परंतु हिन्दी संबंधी सभी प्रयास अभी अपर्याप्त हैं।	मगर हिंदी संबधी सोबेन प्रयास ना: अपर्याप्त मेना:
स्कूल के अपने पसंदीदा पहलुओं के बारे में	स्कूल र:अ अपन: पसंदीदा पहलु र:अ बारे रे
अब की मारा तो हमारा भी हाथ उठ जायेगा।	नेसकन मौर किदींग रे अइंग:ओ ती: बिरिद को: ओवा
जिसकी इजाजत नहीं दी जा सकती।	ऐना र:अ हुकुम का एम् दड़ियोवा
या मैं आपको बारंबार प्रणाम करता हूँ।	आइंग अमके घड़ी-घड़ी जोवर मेतनाइंग
शायद यूनुस भाई इस बारे में ज्यादा जानकारी दे सकें।	शायद यूनुस हगा ने बारे रे अदिका जानकारी एम् दड़िया
खुद मुझे अनेको बार इसका एह्सास हुआ है	खुद आइंग के बहुत समय नेया: र:अ एहसास होबा कना
जंगल में ग्वाले कुछ न कुछ गाते रहते थे।	टोनांग रे ग्वाला को जना: बनो जना: दूरंग का ते तइनाको
नैगम शासन की नीतियों से प्रभावित क्षेत्रों	नैगम शाशन र:अ निति ते प्रभावित क्षेत्र कोरे
तक राजाओं के मकबरे टूर्नामेंट साइप्रस में टूर्नामेंट प्रशिक्षण	जकेद राजा को:अ मकबरा टूर्नामेंट साइप्रस रे टूर्नामेंट प्रशिक्षण
अपने लोगों से कोई शिकायत नहीं।	अपन: होड़ो कोएते जेतन शिकायत कहा
वाणी का तिरस्कार करते हैं अर्थात मौन रहते हैं।	वाणी र:अ तिरस्कार यय अथार्त मौन तइनाय
धरती भी मेरे अपनों सी हो गयी	ओते दिसुमओ अइंगा अपन लेका गी होबा यना
ना बादल ही थे आसमान में	न रिमिल गी तइकेना सिरमा रे
निशंक पर निशाने का अजीब तरीका	निशंक रे निशाना र:अ अजीब तरीका
जहां एरिज़ोना आवास बाजार जा रहा है	ओकता: रे ची एरिज़ोना आवास पीठ सेनो: तना
वेज खाने में नॉनवेज की बजाय कम जिंक होता है।	वेज जोम रे नॉनवेज र:अ बजाय कम आयरन तइना
उसके पाप नष्ट हो जाते हैं।	इनि:या पाप छबा कोओवा
इसी विष्ाय पर यहां भी पढ़ें।	ने विषय रे गी नेता: रे पढ़य पे
लोकरंग की पूरी वेबसाइट देखने के लिए यहाँ क्लिक करें	लोकरंग र:अ पूरा वेबसाइट नेल नगेन ते नेता: रे क्लिक पे
पर उन छेदों में सुल्ली पिरोकर मालाएँ बनाई जाती थी।	मगर एन उंडु: रे सुल्ली गलंग केते माला बाइओ तइना
नॉर्मल डिलीवरी के बाद योनि में ढीलापन आ सकता है।	नार्मल डिलीवरी र:अ तयोम योनि रे ढीलापन हिजु: दड़ियो:वा
कोई देश के लिए जवाब नहीं देता।	जेतय दिसुम नंग जवाब कको एमेया
मैं तुम्हें अस्सी रूबल ही दूंगा।	आइंग अमके उपुन हिस्सी रूबल गी ओमामा
उनके अनुसार इस युक्ति में गूगल क्रोम का प्रयोग होगा।	इनिया लेकाते ने युक्ति गुगल क्रोम र:अ प्रयोग होबा:वा
मंजिल पर आकर खुशी मिली है।	मंजिल रे हिजु: केते सुकु नमो:वा
मेरे हाथ में हल्के नीले रंग का बड़ा सा	आइंगा ती: रे हल्का नीला रंग र:अ मरंग गी
रविवार को खुदाई में खपरैल और ईंटें निकलीं थी।	एतवार हुलंग खुदाई रे खपरा ओडो इंटा उडुंग लेना
जितना बड़ा कुनबा उतनी ज़्यादा सिकरियाँ।	चिमीन मारंग कुनबा इमिन थीमबा सीकरी को
चाह कर भी वह उठ नहीं पाया।	सनंग केते ओ इनी: कय बिरिद दड़ियना
अतः ऐसा समझने में पाँच साल गुज़र गए।	एन लेका ते नेया समझव रे मोड़ेया सिरमा बितव यना
वह अपने हितों को महफ़ूज़ रखनें में रत है।	इनी: अया: हित के सुरक्षित दोहो रे मशगूल मेनाइया
दिल्ली में विधानसभा चुनावों के लिए मतदान निरंतर जारी है।	दिल्ली रे विधान सभा चनाव लगिन मतदान लगातार जारी मेना:
से कोई आइटम प्राप्त कर रहे हैं?	ते जान आइटम नम तनय?
प्रस्तुत हैं राष्ट्रभक्ति में डूबी मेरी दोनों रचनाएं	प्रस्तुत मेना: राष्ट्रभक्ति रे डूबीया कन आइंग: बरन रचना
मनोज कुमार जायसवाल को कई कोल ब्लॉक आवंटित हुए हैं।	मनोज कुमार जायसवाल के बहुत कोल ब्लॉक हटिंगा कना:
अच्छी शिक्षा ही इंसानी जीवन की सुदृढ़ नींव है।	बेस इनितु गी इंसानी जिनीद र:अ सुदृढ़ नीव तना
जिसकी सूचना थाना में दी गयी।	ऐना रा: सुचना थाना रे एमा कना
मेरे लिये इतना भी काफी था।	आइंगा लगीन नीमनंग गी थीमबा तइकेना
भैरों सिंह शेखावत से तनातनी इसी वजह से शुरू हुई।	भैरौ सिंह शेखावत लौ: तनातनी ने कारण तेगी शुरू यना
कुछ ने कहा कि यूं ही चला आता है।	कटी: जन को कजी: केदा नेका गी हिजु: को: ओए:
उनमें अनेक घोड़ों की ताकत का जलवा दिखाई देता है।	इनि:या रे चिमीनिंग सदोमा:अ पेड़े: र:अ जलवा नेलो:वा
थोडी देर बाद विली वापस फोन पर था।	कटि: देरी तयोम विली वापस फोन रे तइकेना
छात्रों ने डीएम को ज्ञापन देकर लैपटॉप की मांग की।	इनितु होन को डीएम् के ज्ञापन एम् केद लैपटॉप र:अ मांग केदा
उसे हमसे कोई भय नहीं है।	इनी: के अबु ते जेतन बोरो बनो:वा
चिल्लाते चिल्लाते वहीँ बेसुध हो गए।	कौरी कौरी केते एनता: रेगी बेहोश यनय
लेकिन इसका खामियाजा आम बिहारी को झेलना पड़ता हैै।	मगर नेया रा:अ खामियाजा आम बिहारी के झेलव पड़ा:वा
वह भी पिछले दो सालों से।	ऐनाओ सेनो: जन बर सिरमाते
गर्दन का दर्द समाप्त होता है।	होटो: र:अ हसु छबा:वा
वे बताते हैं कि मृत्यु का ज्ञान ही ज्ञान है।	इनी: उदुबेयाय ची गोनो:ए र:अ ज्ञान गी ज्ञान तना:
झारखण्ड की व्यथा झारखण्ड की व्यथा	झारखण्ड र:अ दुकू झारखण्ड र:अ दुकू
पूनम पांडे इस खबर से काफी गुस्से में हैं।	पूनम पांडेय ने खबर ते बेसे गोसा रे मेनाइया
इस बार भी वह उसी उद्देश्य से आए थे।	नेसकनओ इनी: ऐना लगीन गी हिजु: लेनाय
जैसे ही मैं विद टी लेपटाप के सामने बैठा।	जैसन गी आइंग विद टी लेपटोप र:अ अयर रे दुब जनइंग
मुझे विश्वास तो नही हुआ।	आइंग के विश्वास दो का होबा यना
आपका अपने पर विश्वास बना रहे यही कामना है।	अमके अमा: रे विश्वास बइया कन तइयो: का नेया गी कामना मेना:
वह चाहती ही नहीं थी अरेंज्ड मैरिज।	इनी: कय सनंग तइना अरेंज मैरिज
के वश रास्ते से हट गये।	के वश होरयते अतोम यनय
अवर अभियंताआें ने खोला एक्सईएन के खिलाफ मोर्चा	अवर अभियंताओं को खोलव केदा एक्सईएन र:अ खिलाफ मोर्चा
जरूरतों ने कतरकर दुनिया समेट दी है	जरूरइत दो कुतराव केते दुनिया समटव तदय
वही इस सृष्टि को चला रहे हैं।	इनी: गी ने सृष्टि के चलव तनय
और कस्बों से बड़े शहरों अथवा पहाड़ों	ओडो कस्बों ते मारंग शहर अथवा बुरु को
इस मामले में एक हफ्ते में फैसला ले लिया जाएगा।	ने मामला रे मिद हफ्ता रे फैसला इदियो:वा
को नशे के प्रति सचेत किया।	के नशा र:अ प्रति सचेत किजा
यह हुई ना पूर्ण रपट फोटू के साथ।	नेया होबा यना नी पूरा रपट फोटू लो:ते
यह कभी दोहराई नहीं जाती है।	नेया चिवलाव का दोहरा:वा
मैं यंत्रवत् उसके साथ निकल पड़ा।	आइंग यंत्र लेका इनी: लो: उडुंग यना
रेणुका अभी गंभीर हालत में अस्पताल में भर्ती है।	रेणुका ना: गंभीर दशा रे अस्पताल रे भर्ती मेनाइया
ग़ज़ल के बारे में महत्वपूर्ण जानकारी	गजल र:अ बारे रे महत्वपूर्ण जानकारी
व्यान की तृप्ति से कर्मेन्द्रियां तृप्त हो जाती है।	व्यान र:अ तृप्ति ते कर्मेन्द्री को तृप्त को:आ
रवीना ने सभी का हाथ हिलाकर अभिवादन किया।	रवीना सोबेन को लो: ती: हिलाव के जोवर केद कोवाय
माफ कीजिए वे उत्तरभारत के ही थे।	माफे पे इनी: उतर भारत रेन गी तइकेनाय
सोगर का ध्वंश गढ़ उसके अतीत की स्मृति दिलाता है।	सोगर र:अ ध्वंश गढ़ इनि:या अतीत र:अ यइद एमेयाय
ये पद राज्यमंत्री स्तर का दर्जा प्राप्त होता है।	ने पद ते राइज मंत्री स्तर र:अ दर्जा नमो:वा
अमिताभ को आज मिलेगा चौथा राष्ट्रीय फिल्म पुरस्कार	अमिताभ के तिसिंग नमो:वा उपुना राष्ट्रीय फिल्म पुरुस्कार
उस समय अलतूनिया दिल्ली में था।	एन समय अलतुनिया दिल्ली रे तइकेना
मैं भीतर वही रह गया जो मैं हूं।	आइंग बितर एनता: रेगी तइ यना जे आइंग मेनाइंगआ
ऊपरी गुंबद में स्वर्ण का आवरण चढ़ाया गया है।	चेतन गुम्बद रे सोना र:अ परत रक:बा कना
सबसे पहले शून्य लगाना होता है	सोबेना: ते सिदा शुन्य लगाव होबा:वा
लुट गए हम सरे बाज़ार में	लूटव जनइंग आइंग पेरेयकन पीट रे
आपका पक्ष भी कमजोर हो जाता है।	अमा: पक्ष ओ कमजोर को:ओवा
आर्थिक मामलों में जोखिम लेने से बचें।	आर्थिक मामला रे जोखिम ते बचवेन पे
करनाल में सोये लोग जाग जाते हैं।	करनाल रे गितियाकन होड़ो को बिरिद को:वा
वह आगे बढा जा रहा था।	इनी: अयर सन नो: ईदी: तइनाय
रानी ने अपनी धोती फाड़कर राजा को दी।	रानी अया: धोती चगड़केते राजा के ओमइजा
ट्रैफिक पुलिस वाले ने बताया कि मुड़ कर जाओ।	ट्रैफिक पुलिस वाला कजी केदा ची मुड़व केते सेनो:मे
विद्यार्थी जीवन में पढ़ाकू रहीं सो कविता सूझी नहीं।	विद्यार्थी जिनिद रे पढ़ाकू तइनकेनाइंग एनाते कविता का सुझव जना
तेरे दुश्मन सारे मेरे से दूर रहे	अमा: दुश्मन को सोबेन अइंआ: ते संगीङ को तइकेनाको
तीसरी बात पत्रकारिता को व्यवसाय न बनाना।	अपिया कजी पत्रिका के व्यवसाय अलोम बइएया
दीपिका को सता रही हैं पुराने दिनों की यादें	दीपिका के मारी दिन र:अ यइद सतावी तना
वह लव और कुश के साथ आ गये।	इनी: लव ओडो कुश लो: हिजु: यनय
घोर निराशा के क्षण में भी	घोर निराशा र:अ क्षण रेओ
स्वतंत्रता की नींव भी धर्म से ही रखी गई थी।	स्वतंत्रता र:अ नीव ओ धोरोम ते गी दोहोवकन तइकेना
इसके लिए उन्होंने लोन भी लिया है।	नेया लगीन इनी: लोन इदी कदाय
आपको उनकी सींगों की चोट का	अमके इनि:या सींग रे:अ चोट र:अ
उसने दोनो हाथों से कनपटियां थाम ली।	इनी: बरन ती: ते कनपटी सब केदाय
उसके मल की जांच शुरू हुई।	इनि:या ई: र:अ जाँच शुरू यना
इंद्रनाथ ने चटपट कपड़े पहने और स्टेशन चले।	इंद्रनाथ चटपट लीजा: तुसिंग जनय ओडो स्टेशन सेनो: यनय
जांच के कुछ समय बाद रिपोर्ट भी दे दिया गया।	जाँच र:अ कटि: समय तयोम रिपोर्ट ओ एम जना
सोंचता हूँ हर बार ज़रा सुधरेगा आइना	सोचव तनाइंग हर समय कटी: सुधरा:वा आइना
आखिर हार ग्रेसी की ही हुई थी।	आखिर हार ग्रसिया: गी होबा लेना
ले दे के इक अपनी ये	एम् असी केते मियद अपन: नेया
कंपनी काटने महसूस किया गया है के बाद से	कंपनी हद महसूस कना ची नेया तयोम ते
धर्म का अर्थ है धारण करने योग्य।	धोरोम रा: अर्थ तना: धारण रिका योग्य
बुद्धिवादियों के सुझावों को विशेष स्थान दिया।	बुद्धि वादी को:आ सुझाव कोके विशेष उयद ओमादाय
साहित्य सम्मेलन ने उन्हें साहित्य वाचस्पति पुरस्कार दिया।	साहित्य सम्मेलन इनी: के साहित्य वाचस्पति पुरुस्कार ओमाइजा
कल सुबह से व्यस्त हुआ तो रात एक बज गया।	होला सेतअ:एते व्यस्त जनय दो नुबा: र:अ एक बजव जना
ये सब मृत्यु की सीमा के भीतर हैं।	नेया सोबेन गोनो:ए रे:अ: सीमा र:अ वितर मेना:
कोई आंध्रा वाला हो गया तो कोई गुजरात वाला।	जाय आंध्र वाला को होबा जना दो जाय गुजरात वाला
कुछ नई दवाइयाँ आई हैं लेकिन इनमें भी पुरानी	कटि: नवा रानू को हिजु: कना मगर नेया रेयो गी मारी तेया:
अज्ञान दूर करने का सशक्त माध्यम स्वाध्याय है।	अज्ञान संगीग रिका तेअ: सशक्त माध्यम स्वधयाय तन:अ
अपने नए वीडियो के अनन्य शुभारंभ प्रस्तुत	अया: नवा वीडियो र:अ एटा: एटा: शुभारंभ प्रस्तुत
विद्वान पंडितों ने विधिवत पूजा संपन्न कराई।	सेड़ान पंडित को रीती विधि ते दांड़े को रिका केदा
मेरा मस्कारा टपके जा रहा है।	आइंगा मस्कारा टपकव इदियो: तना
हमारे देश की शाकाहारी परम्पराओं को सुदृढ़	अबुआ दिसुम र:अ शाकाहारी रिवाज के केटे:
राजेश व नूपुर पर चलेगा दोहरी हत्या का मुकदमा	राजेश ओडो: नूपुर कीनअ: रे गोए: र:अ बरिया मुकदमा सेसेना
आप स्वयं है अपने कर्म के जिम्मेदार	अम अमगी तनमे अम:अ कर्म रेन जिम्मेदार
बाबर भारत का बादशाह नहीं था।	बाबर भारत रेन बादशाह कए तइकेना
खाली कोई मुझे कर गया है	जाय को आइंग के खाली कादिंग:अको
सद्गुरु हमेशा और की मांग करता है।	सद्गुरु सोबेन इमतंग ओडो गी मांगे याय
उन्होंने बताया कि श्लेगल भी इस निवेश में हिस्सेदारी करेगी।	इनि: उदुब केदाय ची श्लेगल ओ ने निवेश रे हिस्सेदारी अउयाय
फिर भी जन्म मृत्यु के चक्र में ही हो।	ऐना रेओ जन्म गोनोए: रे:अ: चक्र रेगी होबा ओका
इससे स्टूडेंट को दोहरा फायदा होगा।	नेया ते इतुन तन को के दोहरा फायदा होबा:वा
रिश्तों के लिए संघर्ष पूर्ण समय है।	रिश्ता लगिन संघर्ष पूर्ण समय तनअ:
तुरंत फुरंत पैसा का आदान प्रदान होता है।	जल्दी फल्दि पोयसा र:अ इदी: एम् होबा:वा
संगोष्ठी की अध्यक्षता वरिष्ठ पत्रकार संतोष जैन ने की।	संघोष्ठी रेअ: अध्यक्षता मुद पत्रकार संतोष जैन रिका केदााय
सहस्र एक सौ तीस में प्रकटे अवतारी ज्ञान।।	अचका मिद सौ तीस रे प्रकट जनय अवतारी ज्ञान
नई ऊर्जा को रणीतिक उद्योग का स्थान दे दिया गया।	नवा ऊर्जा के रणितिक उद्योग र:अ ठयद एम् जना
विभिन्न विभागों के वरिष्ठ अधिकारियों और उद्यमी संस्थाओं के	एटअ: एटअ: विभाग रेन मुद सायोब ओडो उद्यमी संसथान कोरअ:
राजनैतिक दल · राज्यपाल · मुख्यमंत्री	राइजतोंतर रे:अ दल राइजगोमके मुख्यमंत्री
विगत शताब्दी की बात और थी।	सेनो: जन शताब्दी र:अ कजी: ओडो तइकेना
कम नमक तो ज्यादा कोल्ड ड्रिंक्स भी नहीं	हुडिंग बुलुंग दो थीमबा कोल्ड ड्रिंक्स नु:ओ कहा
अरे अब विष का क्योंकर पान	अरे ना: विष र:अ चीनअ: नंग पान तमम
अब कुछ दिन इसे साथ लेकर	ना: कुछ दिन इनी: के इदी: केते
गुना शक्ति होती है अपनी ओर खींचने की।	गुना पेड़े: तइना अपन पड़ थौघ: र:अ:
हमें उनसे होशियार रहने की ज़रूरत है।	अबु के इनकु ते होशियार तइन र:अ जरुरत मेना:
उनके सामने अपना हृदय खोल रही है।	इनि:य: सनमंग रे अयअ: सुरुद खोलव तनय
तब जनता ने इन सभी पर काबू कर लिया।	इमतंग होड़ो को एन सोबेना: रे काबू केदा को
इस दिशा में पहला कदम परिवार को ही उठाना होगा।	ने दिशा रे सिदा कटा ओडा रेन को केगी उठव होबाओवा
करुणानिधि ने भगवान राम को पियक्कड़ कहा था।	करुणानिधि भगवान राम के मतवार कजी लिजय
तेल के साम्राज्य पर कब्जे की काली राजनीति	सुनुम रे:अ: साम्राज्य रे कब्ज़ा र:अ हेंदे राइजतोंतर
इसलिए कहा कि परिवार के लोग हमेशा महान नहीं रहे।	ऐना नंग कजी केदाय ची परिवार रेन को सोबेन इमतंग महान कको तइ जना
इनका वोट ही सबसे बड़ा जिताऊ फैक्टर है।	इनि:अ वोट गी सोबना:अते मरंग जिताऊ फैक्टर तनअ:
औरों के वस्त्र उतारने वाले ये	एटअ: कोअ: लीजा: उड़गु नी: ने
बुधवार से इन्हीं दो फच्चरों पर बात होगी।	बुधवार ते ने बरिया फच्चर रे जगर
साक़ी हम यह क्या सुनते हैं	साकी अबु नेया चिनअ: बु अयुम तना
कार्पोरेशन बैंक में निवेश से संबंधित पूछताछ के लिए	कॉर्पोरेशन बैंक रे निवेश ते सम्बंधित कुली जगर लगिन
काम के संबंध पनपने लगे है।	कमी: रे:अ सम्बन्ध पनपाओ: तना
वह वहाँ अपनी सारी संपत्ति बेच कर कालाइगाँव आ गई।	इनि: एनता: अयअ: सोबेन सम्पति अखरिंग केद कलाइगॉव हिजु: जनय
क्या शालिनी की मौत महाविनाश की पहली कड़ी है?	चिया शालिनीयअ: गोनोए: महाविनाश र:अ सिदा कड़ी तना?
कुछ तो हमारे पैरों में ही आकर टूटती थीं।	कटि:ई दो अलेय:अ कटा कोरे गी हिजु: कोएते ठोयदोओ: तइना
वह इस रिसर्च में पता चल गया।	ऐना ने रिसर्च रे पता चलव जना
इस काल में बालक का पर्याप्त बौद्धिक विकास होता है।	ने समय रे होन को:अ पर्याप्त बुद्धि र:अ विकास होबाओ:आ
इसमें पहली बार बूथ स्तर तक के कार्यकर्ता होंगे।	नेया रे पहली बार बूथ स्तर रेन कार्यकर्ता तइनाको
मैं दोबारा प्रस्ताव रखता हूं कि इसे शामिल किया जाए।	आइंग दोबारा प्रस्ताव दोहोयाइंग ची नेया के शामिले चाको
मैंने उसे भी अपना सीवी थमाया।	आइंग इनि:के ओ अपन: सीवी एमाइज
इंग्लैंड की पहले टेस्ट पर पक़ड मजबूत	इंग्लैंड य:अ सिदा टेस्ट रे पकड़ मजबूत
करती है जरखेज जिसे गंगा यमुना की धारा।	रिकायाय चपि ऐनाके गंगा यमुना र:अ धारा
इसका लाभ ही कांग्रेस को मिला है।	नेया र:अ फायदा गी कांग्रेस के नमा कना
इसमें सरकार नेता अफसर सभी की मिलीभगत होती है।	नेया रे सरकार नेता सायोब सोबेन कोअ: मिली भगत तइना
कुशीनगर में आज भी इस आशय का एक स्मारक है।	कुशीनगर रे तिसिंगओ ने आशय र:अ मियद दिरी मेना:
सुप्रीम कोर्ट तक ने आलोचना की।	सुप्रीम कोर्ट ओ आलोचना केदाय
हम उनको विजय नगर चौराहे तक छोड़ने गये।	अले आए: के विजय नगर चौराहा जकेद बगे सेन केनाले
इसी दौरान एक घटना और हुई।	इमतंग गी ओडो मियद घटना होबा जना
मेरा परिवार दर्शकों के बीच मौजूद हैं।	आइंग:अ परिवार दर्शक कोअ: थला रे मौजूद मेना:
उच्च त्रुटि दर के साथ अस्पतालों	चेतन त्रुटि दर लो:ते अस्पताल को:अ
महिलाओं के साथ घर से दफ्तर तक भेदभाव	महिला कोलो: ओडा:एते ऑफिस सन भेदभाव
ये कौन से इश्टाइल की यारबाजी है जी	नेया चिकलन स्टाइल र:अ यारबाजी तना: या
मीडिया के लिए प्रियंका गांधी सुलभ रही हैं।	मिडिया लगीं प्रियंका गाँधी सुलभ मेनइया
अगर हम नहीं लडेंगे तॊ फिर कौन लडेगा।	अगर अबु कबु लड़ाई लेरे ओकोए लड़ाईआ
यह क्षेत्र की सभी विधानसभाओं से होते हुए निकाली जाएगी।	ने क्षेत्र रेन सोबेन विधानसभा पड़एते होबा: केते उड़ुंगओआ
यह न सोचें कि कोई देख लेगा तो क्या सोचेगा।	नेया अलपे पहमे ची जाय गी को नेलबुआ दो चिनअ:सोचवया
वे क्षमा याचना दिवस पर प्रवचन कर रहे थे।	इनी: क्षमा याचना दिवस रे उपदेश तइना
ऐसा करते उसे करीब ढाई घंटा बीत गया।	नेका रिका तन इनी: के ढाई घंटा बीतव जना
इसमें थोडा विरोधाभास लगता है।	नेया रे कटी: विरोधाभास अटकरो:वा
जो इस बात के लिए उत्सुक रहते हैं कि इस	ओकोए ने कजी: लगीन उत्सुक तइनाय ची ने
नानाविध कार्य वह कुशलता पूर्वक सम्पन्न करता है।	एटअ:-एटअ: कमी आए: मजा लेका पूरायाय
यह दो सौ वर्ग मीटर का गोदाम है।	नेया बर सौ वर्ग मीटर र:अ गोदाम तना:
चुनांचे उसे भी खुश करना था।	चुनांचे इनी: केओ खुश तइकेना
मतलब है कि हम एक कदम आगे हैं	मतलब तना: ची अबु मिद चंडङ अयूर मेनाबूआ
वामपंथी लेखन लगता हैं सुधर रहा है।	वामपंथी ओनोल सुधरवो:तन कटकरो: तना
अब नज़रिया बनाने के लिए खबर खुद बाध्य करती है।	ना: दों नजरिया बबई नङ खबर आए: तेगी मजबूरेयाय
नरसिंह राव जब आये एकोनॉमिक पॉलिसी का कायाकल्प कर दिया।	नर सिंह राव ओको इमतंग हिजु: लेनय इकनोमिक पॉलिसी र:अ काया बदलाव तदय
भय से उनका मुखवर्ण शून्य हो रहा था।	बोरो ते इनिअ: मोचा शून्य तइना
यही बुनियादी भेद है पदार्थ में और चैतन्य में।	नेयागे बुनियादी भेद तना: पदार्थ ओडो चैतन्य रे
इस योजना हेतु आवेदक की वार्षिक आय ग्रामीण	ने योजना लगीन दारखास नीय: वार्षिक आय हातु
कर मुख्यमंत्री से हस्तक्षेप कर उन्हें न्याय दिलाने का अनुरोध	रिका केद मुख्यमंत्री ते हस्तक्षेप केते इनी: के न्याय एमो:रअ: विनती
यहां उत्तर भारतीय तथा स्थानीय भोजन दोनों मिलता है।	नेता: रे उतर भारतीय ओडो स्थानीय मंडी ओम बरना: नमो:वा
यह हरियाली बूटी तभी अपना असली रंग लाती थी।	ने हरीयार बूटी इमतंग गी अया: असली रंग अऊ तइनाय
हिन्दुस्तान की बेहतरी के लिए प्रयास करने वालों का समूह	हिंदुस्तान र:अ बेहतरी लगिन प्रयास तन कोआ: टोला
शेरॉन का एक और सफल ऑपरेशन	शेरॉनआ:अ मियद ओडो सफल ऑपरेशन
शव सुबह से ही रेल लाइन के किनारे पड़ा था।	लाश सेत:अ तेगी रेलवे लाइन गेना रे पड़व कन तइकेना
बच्चे बड़ी कक्षाओं में पहुंचने को होते।	होन को मरङ क्लास रे सेटेर तन को तइना
यह चापलूसों का बाड़ा बन गया है।	नेया चापलूस कोआ: बाड़ा बइया कना
हालांकि मैं मेरे रात्रिभोज मेरे स्टाफ और चाची	हालाँकि आइंङ आइङअ: अयूबजोम आइङअ: स्टाफ ओडो काकी
दिल्ली तो हरियाणा से बाहर है।	दिल्ली दो हरियाणा ते बाहरी रे मेना:
महफिल में खानकाही कब्बालों ने अपने पाकीजा कलाम पढ़े।	महफ़िल रे खानकाही कब्बाल को अकोवा: पोवीतर किताब को पढ़व जना
व्यापार और प्रबंधन के बा कार्यक्रम	व्यापार ओडो प्रबंधन र:अ तयोम कार्यक्रम
बेबी लिसा के बिना एक क्रिसमस	बेबी लिसा र:अ बेगर मियद क्रिसमस
वेल्डर के लिए हाइड्रोलिक पावर पैक लुका	वेल्डर लगिन हाईड्रोलिक पावर पैक उकु
हमने दोहराया भी नहीं बात को।	अले कले दोहराव केदा कजी: के
आंखों में नरमी लिए तेरा इन्तेजार हम करते हैं।	मेद रे नरमी इदीकेद अमअ: इंतजार यइंग अइङ
ब्राउज़ सभी उपभोक्ता सामान मार्केट रिसर्च	ब्राउज सोबेन उपभोक्ता सामान मार्किट रिसर्च
और न ही समूह या झुंड बनाती हैं।	ओडो कय बइया समूह ओडो झुण्ड
उम्र के फासले के कारण दूरी सी बनी रही।	उमर र:अ फासला रेअ: कारण दुरी बइया कन तइकेना
एकल शिक्षक वाले विद्यालयों के शिक्षक प्रशिक्षण से मुक्त रहेंगे।	एकला इनितु वाला स्कूल रेन इनितुको प्रशिक्षण रे मुक्त को तइना
माधुरी भी माँ के पास बैठी रहती है।	माधुरीओ उमा तअ: रे दुबाकन तइनाय
कई जन्मों के बंधन का वादा कर	चिमीन जन्म रेअ: तोनोल र:अ वादा केते
मंच का संचालन इमरान आलम एपी बहादुरगंज ने किया।	मंच र:अ संचालन इमरान आलम एपी बहादुरगंज रीका केदाय
जो यारों का था यार बड़ा	जे ची यार कोअ: यार तइकेना मरङ
उनका मजबूत समर्थन और विरोध ही कुशल नेतृत्व था।	इनि:अ मजबूत समर्थन ओडो विरोध गी कुशल नेतृत्व तइकेना
तस्वीरें में देखें गेल की पारी	तस्वीर रे नेलेपे गेलअ: पारी
पसीने से कैसे भीगे हुए हैं।	बलबल ते चिलका लुमा कन मेनाइया
उनमें दैनिक वस्तुओं का मूल्य अंकित है।	एना रे दैनिक वस्तु कोरा: गोनोङ छबा कना
दो बबलसिहं गाना गा रहे थे	बरन बब्लसिंह कीन दुरङ तइना
मुझे उनसे मज़ा भि नहिन मिल पता।	आइंग के इनी: ते मजाओ का नम दड़िओआ
स्टूडेंट ने यह फोटो इंटरनेशनल ट्रिप के दौरान उतारी थी।	स्टूडेंट ने फोटो के इंटरनेशनल ट्रिप इमतङ थौइ: लेदाय
आपकी मित्रता शब्दों की ही देन है।	अमा: मित्रता शब्द र:अ देन गी तना:
सबसे हाल ही में हुआ इवेंट Балашова	सोबेना: हाल रेगी होबाजना इवेंट
भारत में नदियां साहित्य में भी विशिष्ट स्थान रखती हैं।	भारत रे नाई को साहित्य रे विशेष ठयद को दोहोया
इस पर अरविंद ने सीबीआई को इसकी शिकायत दी।	नेया रे अरविन्द सीबीआई तअ: रे नेया र:अ शिकायत केदा
आपकी प्रतिर्किया के लिए बहुत बहुत आभार	अमअ: प्रतिक्रिया लगिन बहुत थीमबा जोवर रुवड़
उधर सुरेश गाण्ड को गीली करने में लगा हुआ था।	एनते सुरेश गांड के लुम नङ लगव कन तइकेनाय
अपने इन गुरुओं की खूबियों को उन्होंने आत्मसात किया था।	अकोवा: ने गुरु कोअ: खूबी के इनी: आत्मसात क़द तइकेना
स्कोटलैन्ड टेरियर लंकाशायर एड़ी लगानेवाला बड़े	स्कॉटलैंड टेरियर लंकाशायर एड़ी लगाव नी: मरङ
कैमरन श्री अकाल तख्त साहिब पर भी माथा टेकने गए।	कैमरन श्री अकाल तख़्त साहिब तअ: रेओ मोलोंग तिरुब सेन केनाय
कितना गुस्सा है मुझे भी रघुवीर सहाय की तरह	चिमीन घुसा मेनअ: आइंग केओ रघुवर सहाय लेका
इसीलिए उसे विश्वसनीय कर्मचारियों का चयन करना पड़ता था।	नेया नङ इनी: के विश्ववास लेकन कर्मचारी कोके सला होबाओ: तइना
मेरे पास इलाहदीन का चराग़ तो है नहीं।	आइंग तअ: इलाहदीन र:अ चिराग दो बनो:आ
प्राचीन काल में कर्णाट नामक एक राग प्रचलित था।	नङ दो परिया रे कर्णाट नुतुम मियद राग प्रचलित तइकेना
जीवन की सारी रातें ख़रीदीं हैं उन्होंने बहुत सस्ते में।	जिनिद र:अ सोबेन अयूब कीरिंग कदय इनी: खूब सस्ता रे
आज वह बच्चे भी फ़िल्में देख रहे हैं।	तिसिंग एन होन कोओ फिल्म को नेल तना
क़तरह व मोज व हबाब में	कतरह ओडो मोज ओडो हबाब रे
इसके बाद सिसली के माउंट ऐटना का नंबर आता है।	नेया तयोम ते सिसली रेन माउंट एट्ना य:अ नंबर हिजु:आ
द्वारा विकसित और होस्ट की गयी	पड़ते विकसित ओडो होस्ट रिका जना
उनके व्यक्तित्व में एक नया ही निखार था।	इनी:अ व्यक्तित्व रे मियद नवा गी निखार तइकेना
यह कहानी आप अन्तर्वासना डॉट कॉम पर पढ़ रहे हैं।	ने कहानी अम अन्तर्वासना डॉट कॉम रेम पढ़वेन तना
फैय्याज अहमद से पूछताछ जारी है।	फय्याज अहमद ते पूछताछ जारी मेना:
न मालूम वह कभी मिली थी या नहीं।	इदु इनी: जा दुलड़ नपम कन तइकेनाय ची कगी
यही अविश्वास वहां त्रिशंकु विधानसभा बनवाता रहा है।	ने अविश्वास गी एनता: रे त्रिशंक विधानसभा बइ तइकेना
ये अपुन की चॉइस का मामला है।	नेया अपन: चुनाव र:अ मामला तना:
हेल्थ प्लान के लिए आप एक फैमिली फ्लोटर ले लें।	हेल्थ प्लान लगिन अम मियद फैमिली फ्लोटर इदी केम
यह गर्व पतिव्रत की अचल धुरी है।	ने गर्व पतिव्रत र:अ अचल धुरी तना:
इस पर सरकार की बाध्यकारी नीति हो।	नेया रे सरकारा:अ बाध्यकारी निति तइन का
उसके लिये कोई देसी स्टोर ढूँढना पड़ता था।	ऐना लगिन जान देसी स्टोर दंडा होबाओ: तइना
निर्मल बाबा की मुसीबतें जल्दी कम नहीं होने वाली हैं।	निर्मल बाबा य:अ मुसीबत जल्दी कम का होबाोओ: ते:अ
रही बात कश्मीर की आजादी की।	तना:अ कजी कश्मीर रे:अ: आजादी र:अ:
अचल सपत्तिमें निवेश सबसे चोखा है।	अचल सम्पति रे निवेश सोबेनते बेस तन:अ
यह नया रिश्वतखोरी अधिनियम एक जुलाई को लागू हुआ है।	ने नवा रिश्वतखोरी अधिनियम मिद जुलाईएते लागु जना
वहीं डॉलर में भी मजबूती है।	ऐनारे डॉलर रेओ मजबूती मेनअ:
विज्ञान संचार और सार्वजनिक सगाई में एमएससी	विज्ञान संचार ओडो सार्वजनिक सगाई रे एम्एससी
किसने मां का कहना नहीं माना।	ओकोए उमाय:अ कजी: कय मनतिङ जना
उसका मुंह खुला का खुला रह गया।	इनि:अ: मोचा खोलव र:अ खोलव तइ जना
आखिर राष्ट्रभक्ति भी कोई चीज होती है।	आखिर राष्ट्रभक्ति ओ जन चीज तइना
सरगुजा में खुलेगा लोक निर्माण विभाग का नया परिक्षेत्रीय कार्यालय	सरगुजा रे खोल:वा लोक निर्माण विभाग र:अ नवा परिक्षेत्र कार्यालय
इससे किसी का भला नहीं होगा।	नेया ते जेतय:अ का भला:अवा
क्या ज़माना आ गया है दोस्त भी दुश्मन लगे।	चिकन जमाना हिजु: जना गति कोओ बैरी को अटकर जना
बीकानेर की बातों पर बटोरी तालियां	बीकानेर र:अ कजी रे तेला केदाय तपड़ी
जिलाधीश को ज्ञापन देना है।	जिला हकीम के ज्ञापन एमो: मेनअ:
अच्छी संगती की प्राप्ति का योग है।	बेस संगीत नमो: र:अ योग मेनअ:
किसी को भारी किसी को हल्का बताइए।	आय के हंबल ओडो जाय कोके रंबल उदुबेम
हम कोई कम डरपोंक थोड़ी हैं।	अले कोई कम डरपोक बंगलेया
उठ रही हैं आग की लपटें	रकब तना सेंगेल र:अ लपट
इनकी कविताओं में स्त्री की मुमुक्षा का	इनी:अ कविता रे एरा य:अ मुमुक्षा र:अ:
मिका को थप्पड़ मारकर उसने क्या गलत किया?	मिका थपड़ाव् केद इमि: चिकिना:यगलती केदा
आप एक स्थायी सेवा के रूप में करना चाहेंगे?	अम मियद स्थायी सेवा र:अ रूप रेम रिका सनङआ
यह संभावना गांव में अब भी बची हुई है।	ने संभावना हातु रे ना: जकेद बचव कना मेन:अ
बल्कि राजनीतिक तौर पर अलग लाइन है उसकी।	मगर राइजतंत्र रे एट:अ लाइन मेना: इनी:अ
समसामयिक दौर में प्रतीकात्मक आंदोलन हो रहे हैं।	समसायिक दौर रे प्रतीकात्मक आन्दोलन होबा:ओ तना
अपने प्रारब्ध के प्रति निश्चिन्त।	अपन: प्रारब्ध लगिन निश्चिन्त
आजकल दोनों चीजें एक साथ मिलना तो मायने रखती हैं।	मिमिर बरन चीज मिदते नमो: दो मायने दोहोयाय
करने के लिए अपने स्वयं के	रिका लगिन अपनगी अपन के
लिएंडर पेस ने भारत की उम्मीदों को जीवित रखा है	लियेंडर पेस भारत र:अ भरोसा के जीद दोहो कदय
आठ दस साल पहले ही छूटे हैं।	आठ-दस सिरमा सिदा गी छुटव कना
आस्था के नाम की मची है लूट	आस्था रे:अ नुतुम र:अ मचव कना लूट
विदेशी कर्जे भी शायद समाप्त हो चले थे।	विदेशी कर्जा ओ शायद छबा कन तइकेना
यह कमाल किसका है? चुनाव प्रणाली का।	ने कमाल ओकोया: तन:अ?चुनाव प्रणाली र:अ
आवाज के पहले उनके आँखों का प्रश्न था।	आवाज ते सिदा इनी:अ: मेद र:अ सवाल तइकेना
वर्जन नासिक से प्याज आने लगे हैं।	वर्जन नासिक ते प्याज़ हिजु: एटे: कना
किसान मित्र योजना माननीय अकेलेश मुख मंत्री चालू करे	किसान मित्र योजना माननीय अकेलेश मुख्यमंत्री चालू काय
किसी तरह की अनहोनी के लिए बिल्कुल निश्चिंत रहें।	जा लेकन अनहोनी लगिन एकदम बेफिकिर तइनपे
आसपास के नज़ारे पर्यटकों को खूब आकर्षित करते हैं।	आस-पास र:अ नजारा पर्यटन कोके खोब आकर्षित कोवय
केन्द्रों पर लम्बी लम्बी कतारें लगी हैं।	केंद्र कोरे जिलिंग जिलिंग पंक्ति लगव कना
बदलाव लागू करने के लिए बटन	बदलव लागु लगिन बटन
फिर धीरे से एक लिफाफा उनकी तरफ बढ़ा दिया।	एनेते मड़िते मियद लिफाफा आए: पड़ बढ़व तदा
वहां सुनवाई नहीं हुई तो हाईकोर्ट में अपील की।	एनेत:अ रे सुनवाई का होबा जन रे हाईकोर्ट रे अपील केदा
कोई एक नाम भी तो नहीं है इनका।	जान मियद नुतुमो दो बनो:आ नी:ज:अ
हडडी रोग जनित समस्याएं खडी हो गयी है।	जङ रोग लेकन समस्या को तिंगू जना
नवरात्रि यानी सौन्दर्य के मुखरित होने का पर्व।	नवरात्रि मतलब सौंदर्य र:अ मुखरितो: र:अ पर्व
क्या वह पहले से अधिक विचारशील है?	चिआ:इनी: सिदायते थीमबा विचारशील मेनाइया
हंसते फूल लोग समेट कर ले जाते हैं।	लंदातन बहा होड़ोको समेटव केद को इदी केअ:
अब तीन घंटे में खाते में आ जाएगा पैसा	ना: दो अपि घंटा रे खाता रे पैसा हिजु: को:आ
ह म कर्म के चक्र में क्यों उलझते हैं?	अबु कमी र:अ चक्र रे चीना: नङ बू उलझा:वा
आज फिर घटाओं ने उसकी याद दिलाई	तिसिंग ओडो रिमिल: घटा को इनि:या यईद औ केदाय
मैंने हर चीज निर्दोष भाव से किया।	आईंङ दो सोबेन चीज निर्दोष भाव ते रिका केदा
आज भी यह स्थिति बदस्तूर जारी है।	तिसिंग ओ ने स्तिथि बदस्तूर जारी मेन:अ
देने की कोशिश करता है कि उसे हुआ क्या है।	एम् र:अ कोशिश तनय ची इनी: के चीन:अ होबा कना
जब छोड़ा था मैंने तुम्हारा आँगन	जे इमतङ बगी क़द तइना अमा: रचा
इस पत्र ने फइनमेन को दुखी किया।	ने चिट्टी फइनमेन के दुकू एम् तइजा
फ्रंट और साइड तिकोना को जन्म देती है	फ्रंट ओडो साइड तिकोना के जन्म एमेयाय
अपने स्मार्टफोन पर लाइट के सिटी देखें #	अम:अ स्मार्टफोन रे लाइट र:अ सिटी नेलेम
हमसे बेहतर कोई प्यार मिले तो बताना	आईङअ: ते अदिका दुलड़ नमो: रे उदुबेम
नरेंद्र मोदी काले मंच से हुंकार भरते दिखेंगे।	नरेंद्र मोदी हेंदे मंच ते हुंकार भरव तन नेलो:वय
उन्होंने कहा कि बच्चे सबसे मूल्यवान स्रोत होते हैं।	इनी:यय कजी केदा ची होन को सोबेन:ते कीमती स्रोत को तइना
चाहे कोई सूंघने वाला हो या न हो।	चाहे जाय सुकुद वाला को तइना चाहे कको तइना
मैंने यू आर एल पर क्लिक किया।	आइंग यु आर एल के दबाओ ल: यांग:
वहां ऐसे संस्थान खोलना धंधा बन चुका है।	एनता: नेका संसथान खोलाओ धंधा बाई जाना:
उनका यह सोचना सही साबित हुआ।	इन्कुआ: ने सोचाओ सरती जाना:
किसी के पास कोई जवाब नहीं है।	जेतइ त: जे जवाब बनोगा
ब्रौड्बैंड के साथ गेम्स प्लान शुरु किया	ब्रॉडबैंड रा: साथ गेम्स प्लान हो एटेग जाना:
बाद में उन्होंने स्टेशन मास्टर को रिहा कर दिया।	तयोम ते इनिग स्टेशन मास्टर के रिहा केदा: को
कुदरत का खेल भी निराला है।	कुदरत रा: एनेग हो चिमीन निराला मेना:
ब्राउजर हिन्दी में यहाँ डाउनलोड करें।	ब्राउजर हिन्दी रे नेता डाउनलोड ए पे
इसमें मंत्री जी ने भी एक गाना गाया।	नेया रे मन्त्रि हो दुरङ्ग कदय
हम अपनी अपनी शादी करने की वजह बता रहे है।	अले अपन आड़दी रा आ कारन उदुब तना ले
इसलिए वे मीडिया के ख़ास तो हैं ही।	एन लाई इनको मीडिया रआ खास को तन को
छह लाख परिवारों के पास वास की भूमि नहीं है।	छह लाख परिवार लाई ताइन लाई ओड़ा बनो गा
समय बदला कलम और दवात भी बदल गयी।	समय बदलाव जाना हर जोम हो बदली जाना
साइमंड्स को टीम में जगह नहीं मिली	साइमंड्स के टीम रे जगह का नाम जाना
वह एक बड़े भोज पर डाल	ऐना के मीआग जोम रे दुली पे
निर्णय जिला कमेटी को भेज दिया गया है।	विचार जिला कमिटी के एम् केदा को
हम मूल संरचना करने के लिए डिजाइन और सामग्री एक	अले मूल रचना हर डिज़ाइन सामान मीआग
सिपाही को जिला अस्पताल में भर्ती करा दिया गया है।	पल्टन के जिला अस्पताल रे भर्ती कदा को
उन्होंने वहां एक रात भी गुजारी।	इनिंग मिंग नुबा हो तइन जानय
इनका सालाना कारोबार करोड़ों रुपये का है।	इनकुआ सालाना कामी करोड़ टाका रे मेना
ज्यादा ना जानने पर भी पता नहीं क्यूँ राहुल अपने	थीमबा काय सारि रे हो इदु ताम राहुल
जानिए कैसे बन सकते हैं अपैरल मैनेजर।	सिखाओ पे चिल्का को बाइएको लीजा मैनेजर
फीस की बात वे करते ही नहीं और	फीस रआ जागर गी काय जगाराय
शाहरुख ने फैंस को दी ईद की मुबारकवाद	शाहरुख फैंस के ईद लाई धन्यवाद लाआय
वोट के लिए धमकाए तो दें सूचना	वोट नातिन तेको बोतोङ केपे रेदो सूचना ओमेपे।
में काम करने में कठिनाई नहीं है।	काि नागेन बालाय बनो:गा/बानो:आ।
कई स्टार टीवी चैनलों में भी धन लगा रहे हैं।	इसु स्टार को टीवी चैनल कोरेओ: टाका को लागाओजादा।
कांग्रेस के लिए चुनाव नतीजे मिश्रित उपलब्धियों वाले रहे।	कांग्रेस नातिन चुनाव नातिजा...............
रोती भी रही और हंसती भी।	इआमोए इआमतान आर लांदाओए लांदा तान।
क्या धीरज के खिलाफ अर्जुन सबूत जुटा पाता है?	चाना:? धीराजा: खिलाफ आर्जुन साबूत कोए: नाम दाड़िआ।
मॉल बनाने हेतु वाणिज्यिक भूखण्डों की भव्य नीलामी।	माॅल बाइए नांगेन किरिङ आकरिङ ओते कोरा: माराङ निलामी।
बिना सूचना बदल दिया बस रूट	बेगार सूचन/उदुबतेगे बास होराको बादली केदा:।
वह केवल बहना जानती है।	आए: बाना माइरे इतुआना।
जबकि ब्रह्म स्वयं भी इस परिस्थिति से डरता है।	जबकि ब्रहमा आए:गे नेआ पारिस्थिति ते: बोरोआ।
इस पोस्ट पर भी आपकी प्रतीक्षा रहेगी।	नेआ पोस्ट रेओ: आमेञ तांगिमेआ।
इससे शरीर में ताकत व स्फूर्ति आती है।	नेआते होड़मोरे पेड़े: ओड़ो: फुर्ती हिजुआ।
मुसलमान वोटरों की तरफ से लालू को चौतरफा समर्थन मिला।	मुसालमान वोटर को सागा:तेओ लालू के सोबेन सागा:ते देंगा नाम जाना।
फूल पत्तों के बदन के गुदगुदाते हैं	जो: साकाम को:ए गेतेकोआ।
उत्तराखण्ड राज्य आन्दोलन के शहीदों को श्रद्धांजलि	उत्तराखंड राज्य आंदोलनरेन शहीद कोके श्रद्धांजली।
क्या हिन्दी गल्प की परंपरा मोनोलिथिक है?	हिन्दी गल्प रा: परम्परा मोनोलिथिक ताना: चि?
गूगल के एक इंजीनियर यूडि मैनबर ने पिछले हफ़्ते	गूगलरेन मिआद इजीनियर यूडि मैनबर सेनो:जान आठाउरि।
दिया जाए फिर कुछ किया जाएगा।	ओमो:का एन तायोमते जाना: रिका दाड़िओआ।
इससे मरीज की जान बचायी जाती है।	नेआतेे रोगीकोआ: जी बानचाओताना।
इस मुल्क में दंगे ख़ुद कभी नहीं हुए।	ने दिसुमरे दंगा आए:तेगे चिहुलाओ का होबा:काना।
दोनों आदमियों के पास टहलुवे थे।	बारान होड़ोकिन ता: टहलुवे ताइकेना:।
उसकी वैयक्तिकता और भी खतरनाक है।	आएगा: आपनआ:गे लेल मोड़ोगे खतरनाक ताना।
इनका पूरा नाम पोलायिल जोसफ थॉमस है।	निआगा: पूरा नुतुम पोलायिल जोसफ थॉमस ताना।
चन्देलों के साथ दुर्गावती का भी नाम लिया जाता है।	चन्देल कोलो:ते दुर्गावती ताकिना नुतुमो आगुओताना।
इस घटना से जौनपुर का सियासी पारा चढ़ गया।	नेआ घटनाते जौनपुररा: सिआसि पारा राकाब जाना।
आज भी मेरे जेहन में उसकी याद ताजा है।	तिसिङ जाकेद आञागा जी रे आएगा याद ताजा गेआ।
नाजायज सवाल उठाए जा रहे हैं।	नाजायज सवालको राकाबो:ताना।
मेरे आखिरी दोस्त थे डॉ ग्रान्ट।	आञागा टुन्डु सोंगे ताइकेना डॉ ग्रान्ट।
अमर उजाला के राष्ट्रीय संस्करण में पण्डित जी	अमर उजालारेआ: राष्ट्रीय संस्करणरे पंडितजी।
इसके बनैर तले आन्दोलन करने का फैसला किया।	नाकिना: अनायाररे आंदोलनरा: फैसलाजाना:
जिससे मेरे होठों में दर्द होने लगा।	ओकोना:ते आञागा लाचोरे हासु होबाजाना।
एक गाँव में एक बढ़ई रहता था।	मिआद हातुरे मिआद बढ़ई ताइतानकेना।
रेस्टोरेन्ट के बाहर एक कारडियेक एम्बुलेन्स हमेशा खड़ी रहती है।	रेस्टोरेन्ट बाहर मिआद कारडियेक एम्बुलेंस जानाओ तिंगुआकान ताइकेना।
यह कष्ट होता रहे उसमें दुख नहीं है।	नेआ बालाए होबा कानो:का नेआरे जेतान दुकु बानोगा।
छोटी चुटकी अमचूर डालकर चमचे से मिला दें।	मिद पिचा अमचूर ओम केआद चम्मच ते मेसातापे।
उन्होंने बर्खास्त किया और राष्ट्रपति ने उन्हें बहाल कर दिया।	आकिनकिन बरर्खास्त किआ ओड़ो: राष्ट्रपति ताकिन किन बहाल रुआड़ किआ।
इस मंदिर में होती है प्रेम की देवी की पूजा	ने मंदिररे होबाओआ प्रेमरेन देविआ: बोंङगा।
इधर शब्बो मस्त हो गई थी।	नासा: शब्बोए मुलाओ लेना।
बॉलीवुड स्टार ऋतिकरोशन शनिवार को गुजरात की संस्कारी वडोदरा पहुंचे।	बॉलीवुड स्टार रितिक रोशन शनिवार हुलाङ गुजरात रेआ संस्कारी वडोदराते तेबा: ला:।
भारत एक बहुत बड़ा देश है।	भारत मिआद माराङ दिसुम ताना।
पिछला साल दुनियाभर में स्वतः स्फूर्त जनांदोलनों का साल था।	सेनो:जान सिरमा गोटा दिसुमरे स्वत: स्फूर्त आंदोलनरा: सिरमा ताइकेना।
मेले में भीड़ ही भीड़ थी।	मेला रे बेसे भीड़ ताइकेना।
कई वर्ष पूर्व की घटना है यह।	इसु सिरमा सिदा रेआ: घटनताना निआ।
यहां तक का ट्रांसफर हो गया हैं।	नेता: जाकेदरेआ: ट्रांसफर होबाकाना।
पानी या ढांकता हुआ तेल विशेष ट्रे	दा: चा दापलाकान सुनुम।
एनटीपीसी ने बीएसईएस को दिए नोटिस वापिस लिए	एनटीपीसी बीएसईएसके ओमाका;इ नोटिसे आगु रुड़ा केदा।
इस साल हाथियों ने जमकर तबाही मचायी थी।	ने सिरमा हाथिको बेसेको ताबाहीला:।
विष विज्ञान और औद्योगिक स्वास्थ्य समाचार	विष विज्ञान ओड़ो: औद्योगिक स्वास्थ्य समाचार।
शोचा की आप लोगों को फोटो दिखाऊँ।	उड़ु:केदाञ चि आपेके फोटोञ लेल रिकापेआ।
मैंने भतीजे को चूमते हुए भाभी को धन्यवाद दिया।	आञा भतीजाके चो:तानलो बुउके धन्यवाद ओमाइजाना।
आल्हा मेरे जिगर का टुकड़ा है।	आल्हा आञा: जीरेन केचा:तानि।
आपके किये गए कार्यों की सराहना होगी।	आमागा रिकाकान कामिकोरा: नुतुम होबाओआ।
एक घंटे का विशेष साइंटिफिक सेशन रखा गया।	मिद घंटारा: विशेष साइंटिफिक सेशन जोगाओकाना।
उसका ब्रेन डैमेज हो चुका है।	आएगाा दिमाग रोपोएआकाना।
किसी तरह हायर सैकेन्ड्री तक इसको जबरदस्ती पढ़ाया।	जाआलेका नी:के हायर सैकेन्ड्री हबि: जाबारदासतीञ पाड़ावकिआ।
उसे रोटी दे दी जाती है यही लोकतंत्र है।	आएके जोमेआ: मेन्ते लादे: ओमोआ एना:गे लोकतांत्र ताना।
यह एक प्रायोगिक तथ्य है।	नेआ मिआद प्रायोगिक तथ्य ताना।
जिस पर उन्होंने पंचायत सचिव को तलब किया।	ओकोनारे आकिन पंचायत सचिवकेकिन तलब किआ।
समान डोमेन नाम विवाद समाधान नीति	बराबरी डोेमेन नुतुम समाधान नीति।
दूसरी ओर अवसरों की भी प्रचुरता होगी।	ओड़ो: अवस कोयो: सांगि नामो:आ।
अब पहले चल सकेगा हार्ट अटैक का पता	ना:दो सिदारेगे मुंडिवा हार्ट अटैक होबाओ मेने:आ।
इसी के बल पर वे आगे बढ़ते गए।	नेआ पेड़े:तेगे आए आयारते: सेन इदिकेदा।
को सोमेश के घर पर रही।	सोमेश ओड़ा:रेगे ताइन जाना।
में माँ अंग्रेजी लेखन के अध्ययन	अंग्रेजी ओनोलरेआ: पाड़ाओ।
आप कहाँ से पढ रहे है	आम कोता:तेम पाड़ाओतान।
कष्टों व परेशानियो से बहुत दूर।	बालाए ओड़ो: सादाओकोआते इसु सांगिन।
सुदेहा संतान की बहुत ही इच्छुक थी।	सुदेहाके होनरा: इसु सानाङ ताइकेना।
उस मोड़ से शुरू करे फिर ये जिन्दगी	बिनियुराते एटे: रुआड़ेम नेआ जिदान।
पुलिस को भविष्य में काफी सफलता मिलेगी।	हिजु समय पुलिसको इसु सफलता को नामेआ।
ये हमारे कर्मचारियों को प्रशिक्षण देते हैं।	नि: आलेआ कामितानकोके इतुने: उदुबा कोआ।
उसे संभालना मुश्किल हो रहा था।	आए:के सामड़ाओ बालाए होबाओ ताइकेना।
बिजनेस डेज में पवेलियन ऐसे विजटर्स से भरा रहा।	बिजनेस हुलाङकोरे पवेलियन नेकान विजटर्स को पेरेआकान ताइकेना।
यह ऑर्गेनिक प्रोडक्ट्स स्टोर पर आसानी से मिल जाता है।	नेआ ऑरगैनिक प्रोडक्ट्स दोकान कोरे राबालतेगे नामोआ।
रेलवे को नहीं मिल रहे डाक्टर	रेलवेरे काको नामो:तान डॉक्टर
मेले का उद्घाटन जिला कलक्टर विष्णु चरण मल्लिक ने किया।	मेला रा: एनेटे जिला कलक्टर विष्णु चरण मल्लिक ताकिनकिन रिका केदा।
सिर्फ अहसान जताने के लिए मत आना	एहसान ओमे नांगेन बाइर आलोम हिजुआ।
नरम टुथब्रश लेकर नियमित रूप से ब्रश करते रहें।	नरम डाटाब्रशते जानाओ ब्रशेनमें।
लेकिन यह सही होगा बहुत सी अन्य जगहो में	मेनदो नेआ बुगिनगे होबाओआ एटा: टायादकोआते।
अब तो नीतीश सरकार एक तरह से विपक्ष विहीन है।	ना;दो नीतीश सरकार मिदलेकाते बेगार विपक्ष तेगे मेनाई।
यह पोस्ट मैं पोस्टपोन कर सकता था।	आञ नेडा आयारतेञ रिका दाड़िआ।
पर सुजोय के साथ तो कोई बँधन नहीं था।	मेनदोो सुजोयलो दो जेतान बंधन का ताइकेना।
बल्कि दूसरे दिन सुबह उसने पाल	:बल्कि तायोम हुलाङ सेता
संत कबीर की रचनाओं में साखियाँ सर्वाधिक पायी जाती है।	संत कबीररा: रचनाकोरे साखियाँको पुरा: उतर नामो:आ।
अमरकंटक पहुँचकर मेरा पहला लक्ष्य नर्मदा उदगम स्थल था।	अमरकंटक तेबा: केआद आञा: मिआद लक्ष्य नर्मदा उद्गम (उड़ुङ एटे) टँयाद ताइकेना।
मैं चांद निकलने का इंतजार करने लगता हूँ।	आञ चान्डु उड़ुए:रा:ञ तागिआ।
उस समय इसके क्षेत्र में अफगानिस्तान भी आता था।	एन सोमाए नेआ क्षेत्ररे आफ्गानिस्तानओ जामा ताइकेना।
फिर हम लोग दिल्ली भी इकट्ठे ही आ जाया करेंगे।	एनकेआद आबु दिल्ली तेओ जामागेबु हिजु: सेनोआ।
आगे चलकार ऐसे विवाहों पर प्रतिबंध लगने आरंभ हो गए।	आयारते नेकान आड़ानदिकोरे टेनेकाद लागाओ एटे:जाना।
जबकि नपा अध्यक्ष पुराना नौगढ़ में ही निवास करती है।	जबकि नापारेन अध्यक्ष पुरना नौगढ़रेगे ताइनताना।
नोकिया टैबलेट देगा आईपैड को टक्कर	नोकिया टैबलेट टक्करे ओमाइआ आइपैडके।
मेयर संजय चौहान ने कहा कि प्रस्ताव अच्छा है।	मेयर संजय चौहान ताकिनकिन जागार केदा चि प्रस्ताव बुगिनगेआ।
इनका वृद्धि और संभवत जनन से विशिष्ट संबंध रखता है।	निकुआ सांगि ओड़ो: संभवत: जनन लो: बुगिन संबंध ताइना।
करुणानिधि ने भी रामसेतु के अस्तित्व को नकार दिया था।	करुणानिधि ताकिनो रामसेतुरा: अस्तित्व का:ए मानातिङलेना।
और यह इतनी आसानी से सुलझने वाला नहीं है।	ओड़ो: नेआ राबालते राड़ाव लेका बानो:।
अन्ना हजारे का उदय इसी वैकल्पिक राजनीति का उत्कर्ष है।	अन्ना हजारे ताकिना तुरान नेआ वैकल्पिक राजनीति रा: एनेटेगे ताना।
एडवोकेट मट्टू तर्कशील इकाई के प्रमुख नियुक्त	एडवोकेट मट्टू तर्कशील इकाईरेन प्रमुख बाइजाना।
आयुर्वेद में टमाटर को अत्यंत लाभकारी बताया गया है।	आयुर्वेदरे जोलबाटा (टमाटर) इसु बुगिन काजिआकाना।
वे गिनती में अधिक थे और मैं अकेला था।	आकोलेकारे सांगिको ताइकेना ओड़ो: आञ एसकार गेञ ताइकेना।
पास में कोई बर्तन तो था नहीं।	जापा:रे जेतान बर्तनको का ताइकेना।
अच्छा दिखने के लिए जरूरी है अच्छा महसूस करना।	बुगिन लेलेन मेनते जारुड़ुगेआ बुगिन उड़ु:।
बंकिम का सर्वाधिक लोकप्रिय उपन्यास आनंदमठ है।	बंकिम ताकिना सोबेनकोआते सांगि सुकुआन उपन्यास आनंदमय ताना।
कुरजां को मैं ने अपना दुशाला दे दिया था।	कुरजांके आञ आपान उयुनतेआञ ओमाञ लेना।
इसी प्रकार यदि क्रोध प्रकृतिस्थ हो	नेकगे जोदि खिस आयागा मेनागा।
पान और गुटके की पीक के	पान ओड़ो: गुटकारा: बे:को।
दो साल बाद कोठी चमकने लगी।	बारा सिरमा तायोम कोठी चामाकाओ जाना।
कैसे के रूप में स्वादिष्ट के रूप में क्लासिक्स में	सिबिलरे पुरना सिबिल (क्लासिक्स) लेका।
इसके लिये जिलाधिकारी की कोर्ट में मुकदमा चल रहा है।	नेअ नांगेन जिलाधिकारीआ कोर्टरे मुकदमा सेसेनताना।
देश की न्याय व्यवस्था भ्रष्टतम संगठित व्यवस्था है।	देशरा: नयाय व्यवस्था भ्रष्टतम संगठित व्यवस्था ताना।
न जाने कहाँ से ज़िन्दगी में आ जाता है दर्द	इदो जीदानरे कोआते हिजुआ हासु।
यही कारण है कि आभूषण केवल	नेआगे कारण ताना चि सामड़ोमको।
इतने भर से परिस्थितियाँ बदलकर कहीं से कहीं चली जाएँगी।	निमनाङ भाइररेगे परिस्थितिको बदलीकेआते कोआ कोते सेना।
अपने अनुभव से उन्होंने बोला था।	आपान अनुभवते जागारला:।
आशीर्वाद की तो इस देश में सभी को ज़रूरत है।	आशीर्वादरा:दो ने दिसुमरे सोबेन को जारुड़ु मेना:।
भाजपा राष्ट्रीय अध्यक्ष राजनाथ सिंह कल बालोतरा आएंगे	भााजपा राष्ट्रीय अध्यक्ष राजनाथ सिंह ताकिन गापा बालोतरा किन सेनोआ।
उनके शासनकाल के ऐसे ढेरों उदाहरण हैं।	आकिना शासनकालरे नेकान इसु उदाहरणको मेनागा।
मामला सिर्फ वोट बैंक का नहीं है।	मामाला वोट बैंकरा भाइर का ताना।
के द्वारा इसको सरलता से स्वीकार करने से है।	नेआके राबालते आगुले एनाङ।
मुझे आश्चर्य हुआ कि वह मुझे देखकर बिलकुल नहीं डरा।	आकाददा जाना चि आ:ए आञ लेलते मिआदो का:ए बोरो केदा।
दिन में इसे कुछ दिखाई नहीं देता।	नि: सिंगि मिआदो का:ए लेलेआ।
अब हमारे परिवार को किसी चीज़ की कमी नहीं होगी।	ना:दो आबुआ परिवारके जेतानारा: कामिको का होबाओ:आ।
इन्द्र के पुत्र का नाम क्या था?	इन्द्रगा: होनकोड़ा: चाना नुतुम ताइकेना।
और ध्यान टूटने की वजह सोचने लगा।	ओड़ो: धेआन ओचोगोरा: को:ए उड़ु:ताना।
यह संग्रहालय पर्यटकों के लिए प्रतिदिन खुला रहता है।	नेआ संग्रहालय होनोर लेलतानको नांगेन जानाओ नि:गे ताइना।
के अवैध उत्खनन एवं अवैध परिवहन रोकने के अधिकार।	उकुदानाङते खादान उर ओड़ो: उकु दानाङते गाड़ी चालाओको रोकाओ (धेंका) रा: आधिकार।
जबकि आत्मा नित नूतन है।	जाबकि आत्मा इसु सुगाड़ा मेनाआ:
अब भी दिलकश है तेरा हुस्न मगर क्या कीजै	नागो आमगा होड़मो सुगाड़ा लेलेलेका मेनागा: मेनदो चाना:ञ चिकाएआ।
हकीकत है वायुसेना के पास एक भी बीटीए नहीं है।	सारतेगे चि वायुसेनाको ता: मिआदो बीटीए बानोगा।
दिवाली के दोहों वाली स्पेशल पोस्ट	दिववालीरा: दोहा कोरा: स्पेशल पोस्ट।
भारत के वैभव को प्रमाणित करता आलेख।	भारत रा: बुगिन
एक आदर्श भारतीय शहर के लिए हमारी दृष्टि	मिआद आदर्श भारतीय शहर नांगेन अबुआ लेलेनमेद।
यह उसकी बरसों की कमाई थी।	नेआ आयागा चिमिन सिरमारा: कमाई ताइकेना।
शिक्षा और स्वास्थ के क्षेत्रों में बदहाली है।	शिक्षा ओड़ो: स्वास्थ्यरा: क्षेत्ररे बदहाली गेआ।
किसी की समझ में कुछ नहीं आया।	जेताए काको मुंडि दाड़िजाना।
किया जो पाई के वास्तविक मान	पाइरा: वास्तविक मान।
झील के जलस्तर पर नजर रखी जा रही है।	झीलरा: दा:रा: स्तरको लेल जोगाओताना।
इस दौरान पुलिस अधिकारियों की सांसें फूली रही।	ने दालजोलारे पुलिस अधिकारी कोआ सायाद चेतानरेगे ताइनकेना।
उप्र और बिहार में महिलाएं सरस्वती की पूजा करती हैं।	उ.प्र. ओड़ो: बिहाररेन कुड़िहोड़ोको सरस्वतीके बोङाइआ।
आपका दिल की गहराईयों से शुक्रिया	जी बिताराते आमागा शुक्रिआ।
क्या वह अधिकारी आपका परिचित हो तभी बात बनेगी।	चानाा एन आधिकारी आमागा चिपनाए ताइना तोबे कामि बाइओआ।
इसलिये आप अपने मन्त्रियों सहित पधार कर उन्हें कृतार्थ कीजिये।	एना मेनते आमा आमा:मांत्रिको लो:सेन केआते आकोके कृतार्थकोम।
संस्थापित करने की आवश्यकता नहीं है।	संस्थापित रिकारा: जारुड़ु बानो:।
वहां से हमें डोमेस्टिक एयरबस से फुकेट जाना था।	हानताते आलेके डोमेस्टिक एरबसते फुकेट सेनोगा: ताइकेना।
लेकिन प्रभाष जोशी बनने के लिए कलेजा चाहिए।	मेनदप प्रभाष जोशी बाइ नांगेन कारजा चाहि।
← कैसे तैयार सर्दी के लिए अपने घर	चिलकाते बाइओआ राबाङ दिन नांगेन ओड़ा:।
नीबू हाईबॉल गिलास लंबे पेय नीला कुराकाओ नींबू पानी	नींबू हाइओबाॅल नुएआ जिलिङ गिलास नीला रिका केआद आगुएमे।
इसलिए इन्हें आरटीआई के दायरे में लाना होगा।	एनामेनते एनाके आरटीआइ रेआ दाएरारे आगुहोबावा।
आगे देखते हैं क्या होता है।	आयारतेेबु लेलेआ चाना: होबाओआ।
कुछ लोगों ने अग्रिम पैसा जमा करा दिया।	तारा होड़ोको सिदारेगे टाकाको जामाकाद।
हम राखी की शादी देखना चाहते हैं।	आञ राखीआ आड़ानदि लेल सानाङ जाञा।
लालू ने मंहगाई का ठीकरा भाजपाई दुकानदारों के सिर फोड़ा।	लालू महंगाइरा: ठीकरा भाजपा दुकानदार कोआ: बो:रे लादिकेदा।
ऑपरेटरों का वेतन सरपंचों की जेब में	ऑपरेटर कोआ: वेतन सरपंच कोआ: थाइलरे:।
इन सब कमियों के कारण लगातार आंदोलन हो रहे हैं।	ने सोबेन कामिको तेगे लागातार आंदोलन होबबाओताना।
पारा शून्य से ऊपर टिकने को तैयार नाही	पारा शून्य तेआद चेतान का टेकाओताना।
चाय के साथ तो वे घंटों गप्प करते रहते थे।	चाय नू तानलो: आए: इसु खोने जागार बांकाड़ा ताइकेना।
अगर उन्हें पसंद आता है तो।	आए सुकुतान रेदो।
वह चुपके से सड़क पर आकर खड़ा हो गया।	आए: हापेते हिजु:केआद सानडाकरे: तिंगुनजाना।
तोस्काना प्रांत में तोस्काना वर्ग की बोलियाँ बोली जाती हैं।	तोस्काना प्रांतरे तोस्काना: जागारगेको जापागारा।
ग्रामीणों ने घटना का राजफाश करने की मांग की।	हातुहोड़ोको घटनारा: राजफाश मेनतेको आसेजाना।
संसदीय पत्रकारिता में उत्कृष्ट योगदान के लिये पुरस्कार योजना	संसदीय पत्रकारितारे उतकृष्ट योगदान नांगेन पुरस्कार योजना।
इलेक्ट्रिक लाइन और सिग्नलों को तोड़ दिया।	इलेक्ट्रिक लाइन ओड़ो: सिग्नलकोको फेंदोड़केदा।
बनारस हिंदू विश्वविद्यालय से डॉक्टर ऑफ़ लॉ	बनारस हिन्दु विश्वविदयालय तेआद डाॅक्टर ऑफ लाॅ।
सौर ऊर्जा का तापीय ऊर्जा में रूपांतरण बहुत सरल है।	सौर ऊर्जा तापीय ऊर्जारे बादली इसु राबालगेआ।
उत्कृष्ट शिक्षा के माधयम से पहुंच में सुधार	उत्कृष्ट शिक्षारा: ते तेनाबारे सुधार।
परन्तु पूण्डरी थाने में एक भी आईडी जमा नहीं हुई।	मेनदो पूण्डरी थानारे मिअदो आइडी का जामाजाना।
छत्तीसगढ़िया ब्लॉगर्स मीट के पार्श्व से	छ्तीसगड़िआ ब्लाॅगर्स मीट सांगाते।
यह समताप मंडल में प्राकृतिक रूप से बनती है।	नेआ समताप मंडलरे प्रकृतिकते बाइयोआ।
इन्होंने रस और अलंकार पर तीन	आकिन रस ओड़ो: अलंकाररे अपिआ।
नारी में भी नैतिकता का भारतीय परम्परागत भाव तिरोहित हो	कुड़िहोड़ो कोरेओ नैतिकतारा: भारतीय परम्परागत भाव मेनागा।
परन्तु उनकी माँग ड्राइवरों की हैसियत से बहुत ज्यादा थी।	मेनदोो अकोआ मांग ड्राइवर कोआ:लेकाते इसु सांगि ताइकेना।
सत्य की अपनी पूजा में मुझे उससे सहायता मिली।	सारतेरा: अपान बोङारे आया:ते देंगा नामजाना।
कोई उत्तेजना अथवा उन्मत्तता का माहौल नहीं रहता है।	जेतान उत्तेजना चा उन्मुक्तारा: माहौल का ताइना।
चव्हाण ने दी अन्ना को चुनौती	चव्हाणाए ओमाइ जाना के चुनौती।
पाप का फल दुःख भोगने से नष्ट हो जाता है।	पापर: फल दुकु जिला:तेरे चाबावा।
दिग्विजय सिंह कुछ खामोश से हैं।	दिग्विजय सिंह ताकिन हुड़िङ हापे नो गेआकिन।
स्रोतों के अभाव में इनका इतिहास उल्टी यात्रा करता है।	स्रोतकोरा:कोमिते निकुआ इतिहास उल्टा सा:ते सेसेना।
दरोगा जी की मौसी को खोजने में देर नहीं लगी।	दारोगाजीया: मौसीके दांड़ारे का हेड़ाजाना।
इसके कंदो का विधटन बहुत तेजी से नही होता।	नेआ रा: विघटन इसु तेजीते होबाओआ।
आयोजित करने हेतु मार्गदर्शिका एवं बजट आवंटन।	आयोजित नांगेन मार्गदर्शिका ओड़ो: बजट आवंटन।
मानसून सत्र शुक्रवार को समाप्त हो रहा है।	मानसून सत्र शुक्रवार हुलाङ चाबाओताना।
तपस्वियों सी हैं अटल ये पर्वतों की चोटियाँ	तपस्वीको लेका केटे: मेना: ने बुरु चुटिको।
जिससे इसका कोई हल निकल सके।	ओकोनाते नेआरा: जेतान हल उड़ुङोका।
अब मैं इसके स्कूल के जीवन की तरफ आता हूं।	ना: आयागा स्कूल जीदान सा:ञ सेनो:ताना।
इससे आम नागरिकों के स्वास्थ्य पर विपरीत प्रभाव पड़ता है।	नेआते होड़ोको ना: स्वास्थ्यरे उल्टा प्रभाव होबाओआ।
व्यापारियों को यातायात और सुरक्षा सम्बन्धी सुविधाएँ प्राप्त थीं।	व्यापारीको यातायात ओड़ो: सुरक्षा संबंधीसुविधाको नामला:।
एक दिन वे बाल कटवाने गये।	मुसिङ आए: उब लाटाबेने सेनो:जाना।
वे शीघ्र ही इस संकट से उबरेंगे।	आकिन सेकड़ा ने सकटा:ते उबराओआ।
चूँकि गलत है तो उसपर सवाल उठाना उचित है।	गलत गेरेदो आए:आ सवाल राकाब उचित गेआ।
वे सिर्फ कार्टून नेटवर्क पर ही नजर आते हैं।	आकिन कार्टून चैनलरे भइरकिन लेलोआ।
जलभराव के चलते नमाजियों को दिक्कत का सामना करना पड़ेगा।	दा:डिङ रेआते नमाज पाड़ाओकोको सादाओआ।
जयललिता की जिद ले डूबी अटल सरकार को	जयललितागा जिद अटल सरकारके डुंबुइकिआ।
अब तो हिंदी में दुनियाभर की वेबसाइट मौजूद हैं।	ना:दो हिन्दीते दुनियाभररा: वेबसाइट मेनागा।
गुझियों को गोठते समय ध्यान रखें कि वे खुलें नहीं।	गुझिआको बाइतानलो: धेआन ओमोका चि एनाको आलोका राड़ाओका।
तरह खीच कर वर्तमान से जोड देते हैं।	राचा:केआद वर्तमान लो:को जुटिदेआ।
आनन्दित रहना परमेश्वर की इच्छाओं में से एक है।	रासिका ताइन भोगोमाना: मिआद सानाङ ताना।
यह विश्व पाँच महाभूतों के प्रपंच का ही विपरिणाम है।	नेआ विश्व मोड़े महाभूतकोरेआ: प्रपंचरा:गे परिणामताना।
हार्डी प्रत्येक सप्ताहांत उनसे मिलने जाते थे।	हार्डी जानाओ आठौरी टुनडुरे आए:लो नापामे सेनो: ताइकेना।
हर काम से जुड़े अपने अनुभव बताए।	सोबेन कामिरे नामाकान अनुभवको उदुबेपे।
कोई लेखक किसी भी क़ौम का चेहरा नहीं होता	जान लेखक जेतान कौमरा:(जाति का) चेहरा का ताइना।
उनके घर बाजे शहनाई लेखक के घर सोग	आया: ओड़ा:रे शहनाई साड़िताना आर लेखका ओड़ा:रे दुकु।
विमल विवेक बुद्धि दैया की।।	विमल विवेक बुद्धि ओमेतानि।
श्रीकृष्ण जन्मस्थान पर आधी रात को कान्हा का प्राकट्य हुआ।	श्रीकृष्ण जोनोम टंयदरे ताला नुबा: कान्हा लेलजाना।
वे लोग लालटेनें मशालें और हथियार लिये थे।	आको लालटेन मशाल आर हथियारको साबला:।
इसलिए इनमें जोखिम का खतरा बरकरार है।	एनामेनते नेआकोरे जोखिम रा: खतरा को नामो:आ।
अब मन में यही ठन गई है।	ना:दोो जीरे नेआगे ठानाओजाना।
साथ में राखाल नाम का सेवक था।	मिदते राखाल नुतुम रेन दासि: ताइकेना।
उसकी दृष्टि पीतल के एक घड़े पर पड़ती है।	आयागा: मेद मिआद पीतल चाटुरे: टो:जाना।
उलझे बालों वाला और पुराने गन्दे कपड़ों वाला।	छितिर-बितिर उब वाला ओड़ो: पुरना हुमु लिजा वाला।
पायलटों से बातचीत के बन रहे आसार	पायलटकोलो: जागाररा: आसार बाइओ:ताना।
कस्तूरी का व्यापार सदियों पुराना धंधा है।	कस्तूरीरा: व्यापार इसु पुरना धंधातान।
मैं इलेक्ट्रॉनिक ऐंड कम्युनिकेशन इंजीनियरिंग में डिप्लोमा कर रहा हूं।	आञ इलेक्ट्रोनिक आर कम्यूनिकेशनरे डिप्लोमाताना।
जींस टी शर्ट पहने उससे आधी उमर की लड़की।	जींस टीशर्ट तुसिङाकान आयागाते आधा उमररेन कुड़ि।
इस बात को कैसे नजरअंदाज किया जा सकता है।	नेआ जागार चिलकाते का लेलेनगे बाइ दाड़िओआ।
वायु सेना से भी मदद मांगी गई है।	वायुसेना कोआतेओ देंगा आसेअकाना।
वर्तमान मंदिर का निर्माण आदिशंकराचार्य ने आठवीं शताब्दी में कराया।	ना:रा: मंदिररा: बबइ अदिशंकराचार्य ताकिन आठवीं शताब्दीरेकिन बाइरिकाला:।
दिल्ली के सिर बहुत बाद में चढ़ा।	दिल्लीरा: बो:रे इसु तायोमते दे:जाना।
व्यक्ति क्या कर सकता है कि भगवान की उम्मीद है?	होड़ो चाना:ए चिका दाड़िआ चि भोगोमान गे मिआद भोरसा।
यह तो एक आम आदमी है।	नि:दो मिआद आम होड़ोतानि।
कोई रोकनेवाला है उसे? कोई नहीं।	जांए रोकाओ तानि: मानाइ आए:के? जेताए कागे।
इनमें माउस का इस्तेमाल ना के बराबर होता है।	नेआरे माउसरा: कामि का उतारगे होबाओआ।
संजीदगी ने मारा है हिंदी कविता को।	संजीदगीते गोएआकाना हिन्दी काविताको।
संवाददाता सम्मेलन में लडकी का भाई भी मौजूद था।	संवादाता सम्मेलनरे कुड़होना: हागाएओ; ताइकेना।
इस पुनीत कार्य में शिक्षकों की भी सहमति थी।	नेआ बुगिन कामिरे शिक्षक कोआओ हेगे ताइकेना।
इसके लिए हमें भीतर देखने की ही ज़रूरत थी।	नेआ नागेन आकुके बितार लेलगे ताइकेना।
परसों शनिवार को समीरलाल जी से बार फ़िर मिलना हुआ।	शनिवार हुलाङ समरीलाल जी लो: ओड़ो: मिसा नापाम होबालेना।
जैिकट उतार दी और कुरसी पर बैठ गई।	जैकेट ओचो:केदा ओड़ो कुरसीरे दुबजाना।
रास्ते में साधारण मकानों से लेकर आलीशान बिल्डिंगें थीं।	होरा कोरे साधारण ओड़ा: कोलो:ते आलीशान बिल्डिंग कोयो ताइकेना।
«बांझपन समस्याओं रासायनिक पदार्थों से संबंधित हो सकता है	बांझपन समस्या रासायनिक जिनिस ते संबंधित ताना।
ये सब सोच ही रही थी कि फोन आ गया।	नेआकोञ उड़ुतानगे ताइकेना आर फोन हिजु:जाना।
वो रुककर प्रभु को ग़ौर से देखने लगा।	आ:ए तिंगुकेआद प्रभुके लेल गरङ किआ।
चिकित्सा के लिए बहुत सार डिस्पेंसरीज भी थे।	चिकित्सा नांगेन इसु डिस्पेंसरीको ताइकेना।
यह सुल्तान उल आरफीन के शिष्य थे।	नि: सुल्तान उल आरफीन ताकिना चेलाए ताइकेना।
वे हिंदी से एमफिल करना चाहते हैं।	आ:ए हिन्दीते एमफिल पाड़ावे नामतान।
और बाकी सज्जन शिष्यों के कंधों पर सवार थे।	ओड़ो: बाकी सज्जनको चेला कोआ: तारानरेको दुबा:काना।
बिना फायदे के स्थानांतरण और यात्राएं होंगी।	बेगार फायदारा: स्थानन्तरण ओड़ो: यात्राको होबाओआ।
ऐसे गीतों को सुनना अच्छा लगा।	नेकान दुराङको अयुम सुकुगे आटकारजाना।
विदेशों में भी प्रसिद्ध है गया का तिलकुट	विदेशको रेओ नुतुम गाराङाकाना गयारा: तिलकुट।
ये षड़यंत्र करने लगे है।	नि: षडयंत्रए एटे:तेदा।
एनजीओ के काम को देश की जनता जानती है।	एनाजीओ कोआ कामिको दिसुमरेन जानताको मुनडितादा।
खूब मिला चैन इस दिल को	इसु चैन नामकेदा ने जी।
पर जब कभी राह मे तुम्हें न मिले जीत	मेनदो जां हुलाङ होरारे काम दाड़िजानरे।
तब तक वह खांटी माक्र्सवादी बन चुकी थीं।	एन जालो:आए खांटी मार्क्सवादी बाइ सिदालेना।
लगता कि तारे आसमान से नीचे उतर आए हैं।	नेका आटकारो:ताना चि इपिलको ओतेतेको हड़गुआकाना।
फिर कश्मीरी पंडित धर्मनिरपेक्ष बन गया।	ओड़ो़ मिसा कश्मीरी पंडितको धर्मनिरपेक्षको बाइजाना।
ये विवेक से काम नहीं लेते हैं।	नि: विवेकते कामि काए: आगुेएआ।
एक ऐसा ही मामला यहां देखने को मिला।	मिआद नेकाना:गे मामला नेता: लेल नामजाना।
उनसे लडना है और उन्हें पराजित भी करना है।	आएलो:गोपोएमेना: आर आए:के हारातिङएआओ मेना:।:
रिजल्ट निकला तो हमारा नंबर साठ बच्चों में सत्तावनवाँ था।	रिजलट उड़ुङ जाना दो आञागा नम्बर आपि हिसिरे बार हिसि गेल एआ टांयादरे ताइकेना।
और अपने न्यूज पेपर की हैडिंग	ओड़ो: आपान समाचार पेपररा: हैडिंग।
फिलहाल देखा जाना अच्छा लगता है उसे।	फिलहाल लेलरिकान बुगिने: आटकारेआ आए:।
और उसमें पहला स् वर्ण बहुत अद्भुत लिखा है।	ओड़ो: एनारे महला स वर्ण इसु बुगिने ओलकेदा।
परिषद् में शिकायत दर्ज करने की नियत प्रक्रिया है।	परिषदरे शिकायत ओलरिका मिआद नियत प्रक्रिया ताना।
यह बाद में बना लिया जाएगा।	नेआ तायोमते बाइरिकाओआ।
पहेली संकेतों के रूप में रहेगी।	पहेली संकेतरेआ रूपरे ताइन।
मैं शायद एक व्याकरण परीक्षक भी सुझाव?	मिआद व्याकरण परीक्षकआ सुझाओ जा।
मुहब्बत की कशिश से दोस्तों पत्थर पिघलते है।	जी रा: दुलाड़रेआ पेड़े:ते दिरि जाकेद लेआ गिड़िवा।
गुरू अंकल ने भी यह सब नोट कर लिया था।	गुरु अंकल ताकिनो नेआकिन ओल जोगाओला:।
दूरदर्शन के लिये शांति सीरीयल का लेखन	दूरदर्शन नातिन शांति सिरियलरा: ओनोल।
वह अपने स् थान पर खड़ी है।	आए: आया: टायादरेगे तिंगुआकाना।
ऐसा रोज दिन में दो बार होता है।	नेका गोटा सिंगिरे बारसा होबाओआ।
भोजन थोड सूखी ऑच पर पकाया जाता है।	मांडि हुड़िङ आँच रेको इसिनेआ।
हमेशा सिर्फ हिंदी फिल्मों की बात करना गलत है।	जानाओ जानाओ खालि हिन्दी फिल्म कोरेआगे जागार का बुगिओआ।
अट्ट से इसकी रिश्तेदारी नहीं है।	अट्टलो आञाग रिश्तेदारी बानोगा।
गहराई कार्बनिक बागवानी युक्तियाँ और ट्रिक्स ली	इकिर कार्बनिक बागवानी तरीका ओड़ो: ट्रिक्स को:ए इतुन जानाए।
हालांकि यह प्रथम श्रेणी का मुकाबला नहीं था।	हालांकि नेआ प्रथम श्रेणीरेआ: मुकाबला का ताइकेना।
ऐशवरीया राय की चुदाई बी पी एशबरिया राय क	एश्वर्या रायरा: बी.पी. सांगिजाना।
इसको खरीदने के इच्क्षुक लोग यहाँ बुक करा सकते हैं।	नेआ किरिङ सानाङतानको नेता: बुकिङको दाड़िआ।
लेकिन फिर भी यह उनकी खुबसूरत अदा है।	मेनदो नेआओ आयागा सुगाड़ा आदाताना।
रीयल एस्टेट में कुछ तेजी आने की संभावना है।	रीयल स्टेटरे हुड़िङ तेजी हिजुरा: संभावना मेना:।
हमारा पहला करवाँचौथ एक आयोजन जैसा था।	आलिङा पहला करवा चौथ मिआद नेगलेका ताइकेना।
आज का समय राजतंत्र का नहीं जनतंत्र का है।	तिसिङरा: समय राजतंत्ररा:कागे लोकतंत्ररा: ताना।
आतंकी हमले के बाद चैंपियंस लीग टली	आतंकी हमला तायोमते चैंपियन्स लीग होका जाना।
छोटे लोग इसमे पकडे जा रहे है।	हुड़िङ होड़ोको नेआ रेको साबो:ताना।
इस संकलन के संपादन में बहुत परिश्रम किया गया है।	नेआ संकलनरा: संपादनरे इसु पेड़े टोगाकाना।
हम दोनो अब एक दूसरे को चूमने लगे।	ना:दो आलिङ चोगेनजाना।
सफर है यह जो पूरी जिन्दगी का यूं साथ चले।	नेआ सेसेन आलाङा जीदान भाइररा: ताना। मिसातेगे लाङ सेनेआ।
इस खोज का परिणाम क्या हो।	नेआ खोजरा: परिणाम चाना।
अपने को उनके फार्महाउस में डर लगता था।	आयागा फार्महाउसरे बोरोगेञ आटकारेआ।
बुद्ध भी आनंदित होकर यह सब देख रहे थे।	बुद्ध तानिको रासिकान लो: नेआ नेआकोकिन लेल ताइकेना।
परन्तु इसका एक पारलौकिक अर्थ भी देखने को मिलता है।	मेनदो नेेआरा: मिआद पारलौकिक अर्थ लेल नामो:ताना।
कोलकाता की भी कुछ यही स्थिति रही।	कोलकाता रागो स्थित नेका गेआ।
आज उसे अपने मुख में रख सत्कार किया है	तिसिङ आएके जापा:रे जोगाओ केआदे: माइन किआ।
फोटो जर्नलिस्ट रघु रॉय का विशेष व्याख्यान»	फोटो जर्नलिस्ट रघु राॅय ताकिना विषेश व्याख्यान।
पर अभी मध्य को भी नहीं पहुँची।	मेनदो ना: ताला तेओ अउरी: तेबागोआ।
संस्कृत वर्ण द में मूलतः विभाजन का भाव है।	संस्कृत वर्ण द रे विभाजन रा: भाव मेना:।
बाघ और आदमी की समरसता की कवायद प्रवीन कुमार भट्ट	कुला ओड़ो: होड़ो कोआ तालारे समस्यतारा:कवायद प्रवीण कुमार भट्ट।
इस लिपि को इस मुकाम तक पहुँचाने	नेआ लिपिके निमिन चेतान तेबाए।
चीन फेनोटाइप फेनोटाइप भारतीय उपमहाद्वीप विविधता	चीन फेनोटाइप भारतीय उपमहाद्वीप विविधता।
उनका मरीज किडनी की बीमारी से पीडि़त था।	आयागा मरीज किडनी रोगते: सादाओतानकेना।
इसका प्रभाव ज्ञानजी के कामकाज में भी अवश्य पड़ा होगा।	आयागा प्रभावजानची ताकिना काजि कामिरेओ जरुड़ु होबाकान गेआ।
नवनीत जी और आखर कलश को बधाई	नवनीत जी ओड़ो: आखर कलश जी ताकिन बधाई।
उसमें खड़े लोगों ने पूछा कि कहाँ जाना है?	तिंगुआकान होड़ोकोको कुलिजाना चि कोता: सेनोगा मेना:।
वैसे तो हर समय में लड़कियां छली जाती रही है।	नेका रेयो कुड़िहोड़ोको जानाओको होसोड़ आगुओताना।
यह अवसर अन्ना हजारे साहब ने प्रदान किया।	नेआ अवसर अन्ना हजारे साहब ताकिनकिन ओमतादा।
बाबू क?लाईंट को छिपा के फाईल पहू?चाता	दीपा: उकुकेआते फाइल को:ए इदि तुकातानकेना।
भूतेश्वर महादेव का शिवलिंग नाग शासकों द्वारा स्थापित किया गया।	भूतेश्वर महादेवरा: शिवलिंग नाग शासकको सागाते बाइलेना।
बीच के समय में आप पृथ्वी पर बिता रहे हैं।	ताला समयरे आम ओते दिसुमरेम ताइनताना।
एक ऐसी ही बिल्डिंग का नजारा आपका सौरभ शर्मा	मिआद नेेकान बिल्डिंगरा: नजारा सौरभ शर्मा।
उन्होंने साथ ही बताया कि ऑस्ट्रेलिया	आकिन एनलो: तेगेकिन उदुब केदाचि ऑस्ट्रेलिया।
तमन्ना जो पूरी हो ख्वाबों में	सानाङदो नेका चि कुमुरे पारिगे नामोआ।
यथासंभव सिर को पाँवों से छूने का प्रयास करें।	दाड़िओ:रेदो काटाते बोओ:जा: रा: कोशिशेपे।
छेम कोप हजरत अली जब जुल्फिकार कमर कस्यो॥	छेम कोप हजरत अली जब जुल्फिकार मायाङ कासाओकेदा।
गेल के तूफ़ान में बह गया पंजाब	गेलरा: होयो दुदुंगररे लिङिजाना पंजाब।
इसीलिए हिंदवी स्वराज्यकी स्थापना हो पाई।	एना मेनतेगे हिंदवी स्वराज्यरा: बाबाइ होबा दाड़िजाना।
फिर भी आप यह पढे एसी प्रार्थना करता हूं।	इमिनरेओ आम नेआ पाड़ाओमे निआगेय आरजीताना।
डॉक्टर ने यह उल्टी बात बोली	डाॅक्टर नेआ उल्टा जागारे: जागारकेदा।
ब्लॉग जगत में पंगेबाज जी की कमी खलती है	ब्लाॅग जगतरे पंगेबाज जीआ कामि आटकारो:ताना।
इसके अलावा गौमुख इलाके के चप्पे चप्पे से वाकिफ है।	निआते आलावा गोमुख इलाकारेआ सोबेन टायादलो चिपना मेनाइ।
डब्ल्यूटीओ के अंतर्गत इन दोनों की प्रतिस्पर्धा मुमकिन नहीं है।	डब्ल्यूटीओ सागारे ना:रा: प्रतिस्पर्धा मुमकिन बानो।
राज्य की झोली हैंडबाल में क भी खाली नहीं रही।	राइजरा: थाइला हैडबाॅलरे चि हुलाओ खाली का ताइआकाना।
सोचने समझने की ताकत खत्म कर रहा है।	उड़ु विचार राआ: पेड़े चाबा गिड़ि जेदा:ए।
इतना तापकि आज यह बारिश भी कम लगती है।	निमनाम लोलो: चि तिसिङरा: गामाओ का मुडिओ:ताना।
अब सब कुछ लेखन है और सब कुछ कम्युनिकेशन है।	ना:दो सोबेन ओलकेआते मेना: ओड़ो: सोबेन तेबागो: लेका मेनाआ:।
संत महंत भरमाये जा रहे है।	संत महंतको गियु: गिड़िताना।
श्मशानघाट में कुत्ते रो रहे हैं।	होड़ो़ ओंडोरता: सेताको रा:ताना।
वह बिहार का निर्विरोध स्वामी बन चुका था।	आए: बिहाररेन निर्विरोध स्वामी बाइजानतेआ।
मेरे लिए वह जीवन का सबसे बड़ा धक्का था।	आञा जिदानरे आञा नांगेन नेआ सोबेनकोआते माराङ तो:द।
हालातों ने उसे मनोरोगी बना दिया था।	बलाएते आए मनोरोगी बाइजाना।
इसके बावजूद डीएसपी के परिजन गुस्से में हैं।	नेआरा: बावजूद डीएसपीआ: ओड़ा:होड़ोकोको खिसतानकेना।
इस्लाम की पताका और ऊंची हुई।	इस्लामरा: पताका ओड़ो: चेतानजाना।
और यह नाम उन्होंने नहीं चुना था।	ओड़ो नेआ नुतुम आए: काए: सालाला:।
तभी आप सफल हो सकते हैं।	तोबे एनाङ आम आयारतेम सेन दाड़िआ।
गर्मी में बीमारी से बचने के कुछ उपाय	जेटे: सिंगि रोगकोते बानचावेनरा: हुड़िङ उपाएको।
करवाचौथ बीतते न बीतते दीवाली आ गई।	करवाचौथ पारोमेतानलो:गे दिवाली हिजु:जाना।
वह लिव इन रिलेशनसिप को स्वीकार करती है।	आए: लिव इन रिलेशनशिप को:ए पातिआ।
ऋण लेने की कोशिश करेंगे किन्तु प्राप्त नही हो पायेगा।	रिड़ि आगुरा: कोशिश होबाओआ मेनदो का नामोआ।
उनमें हीरोइनों के साथ मेरी जोड़ियां पसंद की गई हैं।	एनाकोरे हिरोइनकोलो: आएगा जोड़िको सुकुआकाना।
बावला जी ने पुश्तैंनी पेशे को भी बड़ी आसानी से	बावला जी ताकिन पुशतैनी कामिकेओ इसु राबालते।
सूरदास की राधा कई अवस्थाओं में पायी जाती है।	सूरदासा: राधा इसु रोकोमते नाम दाड़िओआ।
हमारा क़द नहीं लेते तो आदमक़द नहीं होते	आञागा कद का आगु:इजानरे आदमकद का बाइजानतेआ।
तब उसके प्रस्ताव पर कोई खास ध्यान नहीं दिया गया।	एन समय आयागा प्रस्तावरे जेताए धेआन काको ओमकेदा।
लघु डिलक्स नकली मोती और क्रिस्टल देखो मोती केवल एक	लघु डिलक्स नकली मोती ओड़ो: क्रिसटल लेलेमे मोतीगे ताना।
मायावती सरकार में इसी कोतवाली के	मायावती सरकार रे ने कोतवाली के।
कि तूने भी गमे दुनिया से हार मानी है	चाना आमो: ने दुनियातेम हारातिङाकाना।
यों कांग्रेसियों की लड़ाई में कमलनाथ का पलड़ा भारी।	काँग्रेसीकोआ लड़ाईरे कमलनाथ ताकिना पालड़ा हामबाल मेना:।
शिक्षा मंत्रालय ने शुक्रवार को इसकी जानकारी दी।	शिक्षा मंत्रालय शुक्रवार हुलाङ नेआ जानकारी उदुबकेदा।
वह दाता नहीं है अपितु भिक्षुक है।	आए: हाटिङेतानि का बल्कि कोए:तानि।
उन्हें भोजन से भी अरुचि हो गई।	आए: मांडि जोम राटि ओरुचजाना।
हम प्यार को धारण कर धार्मिक बन गए।	आए: प्यार आपनाओकेआद धार्मिकेञ बाइनजाना।
इसके बाद ही कीमत तय करने की बात हुई।	नेआ ताायोम एनाङ गोनोङे रेआ जागार होबाजाना।
एसईओ एक पूरी तरह से अनुकूलन की	एसईओ बागिनलेकाते: आकलनकेदा।
आपको उसमें कुछ भी करने की ज़रूरत नहीं होती है।	आमके एनारे जेतानारिकाएआ: बानोगा।
सभी सवालों के जवाब असली में	सोबेन सवाल कोरेआ जवाब सारतेरे।
खाने के लिए लड्डू के पैसे भी देता है।	जोमे नांगेन लड्डूरा: गोनोङोए ओमेआ।
पटनावासियों को मोबाइल काफी रास आ रहा है।	पटनारेन होड़ोको मोबाइल इसुको सुकुताना।
जहाँ पतंगें कट कर गिर आया करती थीं।	ओकोता:रे पतंगको हादो:केआते उयुतान ताइकेना।
पंचांग में एक बहुत ही शुभ समय का उल्लेख है।	पंचांगरे मिआद इसु बागिन हुलाङरा: ओला:काना।
यह कदंब का पेड़ अगर माँ होता यमुना तीरे।।	नेआ कदमरा: दारू एआङ यमुना आतोमरे ताइनजान होनाङ।
प्रेम रस का उद्भव होने लगा।	प्रेम रासेरा: उद्भव होबालेना।
इसे पढकर मेरा उत्साह बढता है।	नेआ पाड़ाओकेआते आञागा रासिका सांगिओआ।
आज सोने में दबाव के साथ कारोबार हो रहा है।	तिसिङ सामड़ोमरा: कारोबार दबाव लो:ते होबाओताना।
इस धर्म का पालन करती बुद्धी ऐक	नेआ धरमके मानातिङतान बुद्धि मिआद।
मृतक जिले के राजद के जिलाध्यक्ष थे।	मृतक जिलारे राजदरेन जिलाध्यक्ष ताइकेना।
स्वाभाविक है कि दूसरे सेवक की खोज हो।	स्वाभाविक मेना: चि एटा: दासिरा: दांड़ा होबाओला।
मुद्राराक्षस के अनुसार राज्य के वास्तविक शासक चाणक्य थे।	मदाराक्षसा लेकाते राज्यरेन सारते शासकदो चाणक्यए ताइकेना।
बदन में फालतू चर्बी कहीं नहीं थी।	होड़मेरे फालतू चर्बी जांताओ का ताइकेना।
विनाश का कारण बनता जा रहा है	विनाशरा: कारण बाइ इदिओताना।
उसके सुडौल स्तन तन कर बाहर उभर आये।	आयागा सुगाड़ा कुड़ाम(स्तन) तानाओ लो:ते लेल नामो:ताना।
तो बन्द कमरों में नग्न होती हैं।	बानद कुठरीरे हुलुङगे ताइना।
मात्र एक शब्द ही पर्याप्त है	मात्र मिआद शब्दगे पर्याो्त मेना:।
इसे कस्टमर की मर्जी पूछे बिना लागू कर दिया गया।	निआ के कस्टमरकोके बेगार कुलितेगेको लागाओतेदा।
शनि हर प्राणी के जीवन में महत्वपूर्ण भूमिका निभाता है।	शनि सोबेन प्राणीकोआ जीदानरे जारुड़ु भुमिकाए निभाओएआ।
मैंने भी वहीं पहली बार यह गाना सुना था।	आएओ नेआ दुराङ एटे:रे हानतागेञ आयुमला:।
लोग दौड़कर आए तो पिकअप चालक उतरकर भाग गया।	होड़ोको दाउड़िकेआतेको हिजुजान चि पिकअप चालाओतानि हाड़गुकेआद निरजाना।
बड़े लेबल की फ़ाईल पर चक्कर भी बड़ा होता है।	माराङ लेबलरा: फाइल चक्कर कोयो माराङगे ताइना।
वहां के शिक्षक बहुत योग्य होते हैं।	हानतरेन मास्टरको बेसे सेंड़ानको ताइना।
मैं तो दुनिया के लगभग हर देश में गई हूं।	आञ दुनियारा: लगभग सोबेन दिसुमकोतेञ सेनाकाना।
इसी को देखकर मिस्टर रिजले ने यह नतीजा निकाला हैं	नेआको लेलकेआतेगे मिस्टर रिजले नेआ नतीजा कोए: उड़ङतादा।
हसीन कैसे कैसे देखो नाज़ करते हैं	हसीनको चिलकान चिलकान लेलेम चिलकाको नाजएआ।
तुम ऐसा क्यों सोचते हो कि मैं नहीं आऊंगा।	आम नेका चाना मेनतेम उड़ुगेआ चि आञ काञ हिजुआ।
सुबह उठने की उसकी पुरानी आदत थी।	सेता: बिरिद आयागा पुरना हेवा ताइकेना।
की हर पल तुम ही याद आओ	जानाओ सोमाए आमगेम हुनारोआ।
हमारा जीवन मानवता के लिये है दानवता के लिये नहीं।	आबुआ जीदान मानवता नांगेन ताना दानवता नांगेन कागे।
भक्त की मदद जगन्माता तो हमेशा करती रहती हैं।	भक्तकोआ देंगा जगन्माता दो जानाओ जानावे: रिकाएआ।
लौटकर रस्सी खोलते वह लगातार रोता रहा।	हिजु:केआते बायार राड़ा:तानलो: इआम तानगे: ताइकेना।
पुराने प्रविष्ठियों को आसानी से पढ़ा जा सकता है।	पुरना प्रविष्ठिको राबालतेगे पाड़ाओ दाड़ओआ।
देव पूजन की वस्तुओं के अर्थ	देव बोङा सामपोड़ोरा: अर्थ।
हमारे पास उस समय टीवी नहीं था।	आञता: एन सोमाए टी.वी. का ताइकेना।
इसके बावजूद दौलत की भूख मिटती नहीं है।	एना तायोमतेओ दौलतरेआ रेगे: का ताइकेना।
मैंने वही किया जो करना चाह रहा था।	आञ एना: गेञ कामिजाना ओकोआञ सानाङ ताइकेना।
टीम भावना के साथ काम हो।	टीम भावनाते कामि होबाओका।
पाकिस्तानी लोगों ने हमारा अत्यंत गर्मजोशी से स्वागत किया।	पाकिस्तानरेन होड़ोको आलेके इसु गर्मजोशीतेको स्वागतकेन लेआ।
परंतु मध्याह्न के बाद आप अधिक सहनशील बनेंगे।	मेनदो तारासिङ तायोमते जिला पेड़े सांगिओआ।
हालांकि विभागीय स्तर पर इसकी पुष्टि नहीं हो पाई है।	मेनदो विभाग सागाते नेआरा: जेतान पृष्टि का होबाकाना।
ताऊ तू मेरे लिए सिफारिश कर ना।	माराङअबा आञा नातिन सिफारिशताम।
कहा गया कि ऐसा कुछ नहीं हुआ है।	काजिजाना चि नेका जेताना का होबाकाना।
मुड़ कर अतिथि को हैरत से देखा।	हेताकेआद कुपुलके हैरततेञ लेलकिआ।
वह कौन है और कहां रहता है?	आए: ओकोएतानि: ओड़ो: कोतारे: ताइना।
मैंने कलापक्ष पर अपनी बात कही।	आञ कलापक्षरे आपान जागारेञ जागारकेदा।
कई लाखों लोग इस तम्बाकू फसल पर आधारित हैं।	चिमिन लाख होड़ोको ने ताम्बाकू चासातेको जीदेन ताना।
प्रबल आक्सीकारक की तरह कार्य करने वाला।	केटे: आकसी कारक लेका कामितान।
यह विशेष जानकारी नीचे वाली चाची ने दिया।	नेआ विषेश इनितु लाताररेन चाची ओमाञजाना।
यदि दूसरे को दे देना चाहे सो तो उचित नहीं	जोदि एटा:नि:के ओम सानाङताना दो नेअ का बुगिनताना।
अतः उसे ही उपहार स्वरूप भेंट।	दो आए:केगे उपहारलेका ओम।
सभी सम्मेलनों में कलेक्टर अनिवार्य रूप से उपस्थित रहें।	सोबेन सम्मेलनकोरे कलेक्टरको जारुड़ुतेको ताइनका।
व्यंग्यजल भूत प्रेतों को भज रही दुनिया	व्यंग्यजल भूत प्रेतों को भज रही दुनिया।
इस योजना के तहत जताखेड़ा गांव	ने योजना सागाते जाताखेड़ा गाँव।
सपंति है जो युवा है।	संपत्ति मेनाइ सेपड़ेद गेआए:।
आतंकी कोलकाता जेल से छूट जाता है।	आतंंकीको कोलकाता जेल तेआदको उड़ुङेतानगेआ।
दार्जीलिंग से मेरा एक भावनात्मक लगाव भी था।	दार्जीलिंगलो आञागा मिआद भावनात्मक लगाव ताइकेना।
जन जा कर मशीन का कोई बटन दबा आता है।	जांएगे सेनकेआद मशीनरा: बटनको दबाओता:।
सुहृद मंडली जोरि तहाँ कीनों बड़ों समाज।	शहद मडला जार ताहा काना बड़ा समाज।
चल री सजनी अब क्या सोचे	दोलाङ गातिङ ओड़ो: चाना ला उड़ुगा।
हमारी वाणी के दो मालिकों से चार बातें	आलेआ वाणीआ बारिआ मालिकलो: उपुनिआ जागार।
स्माइली तो मुझे भी बहुत पसन्द हैं।	मुगुइ लानदाएआदो आञओ सुकुइआ।
मगर इन एहतियातों से तआल्लुक मर नहीं जाते।	मेनदो ने सावधानी कोते तआल्लुक का गोयोआ।
अब सत्ता का विश्वास भी गया।	ना दो सत्ता रा: विश्वासो टुनडुजाना।
सर्वप्रथम कृति शीर्षक की चर्चा करना संदर्भित होगा।	सोबेनकोआते सिदा कृति शीर्षकरा: चर्चा नेआरा: जामागे ताना।
अब इसे तक ठंडा होने दें और अंगुली डाल कर	ना:दो नेआ राड़ेको:का ओड़ो: डाडो सांजुएमे।
लेकिन इसके बाद सफल फि़ल्मों का ताँता लग गया।	मेनदो नेआ तायोमते सफल फिलिम कोरेआ तांता लगाओजाना।
पुलिस ने ट्रक की तलाशी ली।	पुलिस ट्रकरा; तलाशी आगुकेदा।
घर छोड़ने के बहाने आबरू लूट ली	ओड़ा: बागे बानाते इज्जत रे: किआ।
उस समय मुझे सब कुछ सामान्य लगता था।	एन सोमाए सोबेन बुगिनगेञ आटकारकेदा।
इन का भी वही अर्थ है।	नेआरा:ओ नेआगे अर्थताना।
ना ही ठूँठ अपनी पुरानी रौनक को लौटते हैं।	ठूँठ आपान पुरना रौनकते काको रोआड़ दाड़िआ।
कुछ देर बाद हमने कपड़े पहन लिये।	हुड़ि़ङखोन तायोमते आले लिजाले: तुसुङकेदा।
चेरहे पर मूछें अच्छी लगती थी।	मुटानरे गुचु सुगाड़ा लेला।
इसका उपयोग नहीं किया जा रहा है।	नेआरे: उपयोग का होबाओताना।
सैकड़ों श्रद्धालु बने महापूजा के गवाह	सैकड़ों श्रद्धालुको बाइजाना महापूजारा: गवाह।
चूँकि इमाम महदी अलैहिस्सलाम का ज़हूर	चूँकि इमाम महदी अलैहिस्सलाम रा: बिष।
तो इसे सिद्ध कर पाना संभव ही नहीं है।	नेआके साबित सम्भवगे बानो:।
मानव अधिकार आयोग की सख्ती से अफसरों में हड़कंप	मानव अधिकार आयोगआ कड़ाइते ऑफिसकोरे हड़कंप।
रूप से प्रेम मिलता है और प्रेम से दुर्लभ	रूपते प्रेम नामो:आर प्रेमते दुर्लभ।
जो कर्मचारियों की कमी के चलते प्रभावित हो सकते है।	कर्मचारीकोआ कमीरा:ते प्रभाव होबा दाड़िओआ।
ॐ ईश्वर का निकटतम नाम है।	ॐ ईश्वरा जाड़े: नुतुम ताना।
रूस के दो विपक्षी नेताओं को जेल	रूसरेन बारिआ विपक्षी नेताकिन के जेल।
अगले पल में फिर रोने लगता है।	आयारते सेकड़ागे इआम तोरसाेएआ।
इसलिए स्तनों की तलाश चलती रहती है।	एना: मेनते स्तनकोआ दांड़ा सेसेनाकान ताइना।
सहायतार्थ धनराशि एकत्रित करने में अनेक बच्चों ने सहयोग किया।	देंगा नांगेन टाका जामारे इसु होनकोको देंगा जाना।
उसमें भी मर्सडीज सबसे प्रिय थी।	एनाकोरेओ मर्सडीज सोबेन कोआते सांगि सुकु ताइकेना।
मुख्यमंत्री को बौध्द धर्म गुरुओं के	मुख्यमंत्रीके बौद्ध धर्मगुरु कोआ:।
तुलसी ठाणों पर भी दीप प्रज्ज्वलित किए गए।	तुलसी पिड़िगिकोरेओ टाटी को जुलजाना।
व्यवहार की एक गंभीर समस्या से खेल जगत परेशान है।	व्यवहाररा: गंभीर समस्याते इनुङ दिसुम परेशान मेना:।
यह आपको स्वस्थ भी रखता है।	नेआ अमके स्वस्थ्य जोगाओमेआ।
मतदाता को कान में चोट लगी।	मतदाता लुतुररे टो:जाना।
जंगलों में रहने वाली ये जनजातियां विलुप्त हो रही हैं।	बिर कोरे ताइनतान ने जनजातिकोको अदो:ताना।
पर इस सबके बावजूद वह अडिग था।	मेनदो नेअ कोरा तायोमतेओ आए: आड़िगगे ताइकेना।
आगे कोई रास्ता ही नहीं है।	अयारते जेतान होरागे बानो:।
जैसे हमारे पूर्वजों के सांसों की	चिलका अबुआ पुरखा कोआ: सायादको।
कल कुमार राहुल जी से फोन पर बात हुई।	होला आञागा राहुल जी लो: फोनरे जागार होबालेना।
इसीलिए लोग पॉलिटिकल करेक्टनेस की बात करने लगे हैं।	एनामेनते होड़ोको पाॅलिटिकल करेक्टनेसरेआ जागारकोको जागारा।
हम इससे क्या सीख ले सकते हैं?	आबुु नेआते चाना:बु इतु दाड़िआ।
मीडिया में पूंजी का प्रवेश नई बात नहीं	मीडियारे पूंजीआ: बोलो नावा जागरा का ताना।
पाशुपत मत नकुलीश पाशुपत के नाम से प्रसिद्ध है।	पाशुपत मत नकुलीश पाशुपत नुतुमते प्रसिद्ध मेना:।
में एकल परिवार हाउस के बाथरूम	एसकार परिवार ओड़ा: रा: बाथरूम।
दृश्यता बढाने हेतु टर्फ की बाउंड्री गुलाबी रंग की है।	सांगिनाते लेल नामो:का मेनते टर्फ रा: बाउंड्री गुलाबी रंगरा: मेना:।
हर कोई शोर के फंदे में है।	सोबेनको काकालारा: टेकदरे मेनाकोआ।
मुझे दो महीने से ज्यादा हो गए थे।	आञागा बार चानडु:ते ला: होबालेना।
तट पर कई साधु धूनी जमाये पड़े थे।	गाड़ा अतोमरे इसु साधुको जामानको ताइकेना।
दूसरी बाधा पानी टंकी की थी।	दूसरा टेकाद दा: टकीरा: ताइकेना।
कर नए ढंग से व्यवस्थित कर सकते हैं।	कर नावा ढंगते व्यस्थित दाड़ओआ।
उनके चंगुल से अपने को बचाए रखना होगा।	आयागा चंगुलते आपान बानचाओवेन लागातिङा।
एक आवर्तक खमीर संक्रमण बहुत कष्टप्रद हो सकता	मिआद आवर्तक खमीर संक्रमण इसु कष्टरा: होबा दाड़िओआ।
नागरिकों ने निर्माण कार्य जल्द शुरू करने की मांग की।	हातु होड़ोको बाबाइ कामि सेकड़ा एटे:को आसेताना।
चालक ने मीटर का हिसाब छोड़ दिया।	चालाओ नी मीटररा: हिसाबे बागे केदा।
नदी का प्रवाह बढ़ने लगा था।	गाड़ा लिंगि सांगि इदिओ ताइकेना।
मैं ने कहा वह मुझे घर से अदालत ले चले।	आञेञ काजिआइजाना आञके ओड़ागाते अदालत इदिङमे।
कुछ अधूरे काम भी आपको पूरे करने होगें।	तारा नुबा कामियो: आमके पुराओ लागातिंङा।
टीम को सभी छह कंकाल मिल गए हैं।	टीमको सोबेन तुरिआ कांकालको नामला:।
उलट उच्चारण का फल भी उलटा।	उल्टा उच्चारण रेआ फल उल्टागे।
यहां रजिस्टर तक मौजूद नहीं था।	नेता राजिस्टर जाकेद का ताइकेना।
शेयर मार्केट एक जुआ है।	शेयर मार्केट मिआद जुआ ताइकेना।
प्रत्यक्षवाद का तर्क है कि विज्ञान को उन्हीं चीज़ों	प्रत्यक्षवादरा: तर्कतानाचि विज्ञानके एस जिनिस
और होली के हुड़दंग में मेरा साथ कर।	ओड़ो: होलीरा: हुड़दांगरे आञओ जामाञमे।
राजस्थान सरकार ने कोर्टफीस बढ़ा दी।	राजस्थान सरकार कोर्टफीस सांगिकेदा।
सवाल प्रिफरेन्शियल ट्रीटमेन्ट का नहीं है।	सवाल प्रिफरेन्शियल ट्रीटमेंटरा: का ताना।
गंदगी के चलते मच्छरो का प्रकोप बढ रहा है।	गदगीरेआ:ते सिकिड़िकोआ प्रकोप सांगिओताना।
एक अप्रैल नए आर्थिक वर्ष को शुरू करता है।	एक अप्रैल नावा आर्थिक सिरमारा:ए एने:टेआ।
द्विवेदीजी उन्हीं के यहाँ ठहरे थे।	द्विवेदिजी आयागा: हेनडेगे: ताइकेना।
बेटे को सुधारने के लिए उसने उसका विवाह कर दिया।	होनकोड़ाके सुधराओ मेनते आए: होनकोड़ाके आड़ानदि किआ।
इस बार एक बोतल ओल्डमोंक का इन्तजाम करके रखना।	नेस कोराङ मिद बोतल ओल्डमोंकरा: इनतेजाम केआतेम जोगावेआ।
बर्फबारी में भी गर्मजोशी से होगा मतदान	बर्फबारी रेओ गर्मजोशीते होबाओआ मतदान।
नदियों पानी पर सभी राज्यों का बराबर हिस्सा है।	गाड़ारा: दा:रे सोबेन राज्यकोआ बराबारी हिस्सा मेना:।
नहीं तो घोड़े और मैदान वही रहेंगे।	कारेदो सादोम ओड़ो: मैदान हानतारेगे ताइना।
मैं अपनी कविता पर अधिक यकीन करता हूं।	आञ आपान कवितारे पुराञ भरोसाया।
यहां क्यों चले आए मेरे पास?	नेता चाना: मेनतेम हिजुजाना आञ जापा:।
दरिद्रों के लिए भी यह समृद्धि का युग था क्योंकि	गरीबको नांगेनो: नेआ समृद्धिरा: जुग ताइकेना चिआ:चि।
इन तिथियों के अधिष्ठाता निर्धारित किये गये हैं।	ने तिथिकोरा: सानागि निर्धारित काना।
अदालत का निर्णय सर्वोपरि है और उसका पालन किया जायेगा।	अदालतरा: निर्णय सर्वोपरि ताना ओड़ो: एनारा: मानातिङ लागातिङ।
प्रत्यक्ष निश्चय कराता है और परोक्ष अनिश्चय में डालता है।	प्रत्यक्ष निश्चय रिकाएआ ओड़ो: परोक्ष अनिश्चयरे सांजुआ।
न्यू जलपाईगुड़ी से हम सिलीगुड़ी पहुंचे।	नावा जलपाइगुड़िआते आले सिलिगुड़ीले तेबाला:।
इसके अलावा इसके भाव में भी काफी अंतर है।	निआतेे आलावा नेआरा: गोनोङरेओ अंतर मेनागा।
थोड़ा बहुत खालिस्तानियों से भी है।	हुड़ि़ङ इसु खलिस्तानी कोआतेओ मेना:।
निसंदेह अल्लाह सारे ही गुनाहों को माफ कर देता है।	नसंदेह अल्लाह सोबेन गुना कोए: मापेआ।
यहां आप वाजिब दरों पर टैक्सी सेवा ले सकते हैं।	नेता: आपे वाजिब गोनोङते टैक्सी सेवा पे आगु दाड़िआ।
वह निर्जन प्रदेश में रहता था।	आए: निर्जन प्रदेशरे ताइना।
चाहे ना चाहे दोनों का संगम हो ही जाता है।	सानाङ चा का सानाङ बारानकिना नापाम होबाओगेआ।
हम अपनी फ्रेंचाइजी की ओर से यहां पर हैं।	आञ नेता: आपान फ्रेनचाइजी सा:ते मेनाञा।
उनके लिये जंगल सब कुछ है।	आया नातिन बिरगे सोबेना:ताना।
मैं यू एक बहुत कुछ पूछना	आञके इसु कुलिआ: मेना:।
कुचामन के लाडलों ने फहराया परचम	कुचामना: लाडलाको फहराओकेदा परचम।
टैक्स ऑडिट व्यवस्था को सरल किया जाएगा	टैकस ऑडिट व्यवस्था के राबालोआ।
यह जानकारी अग्निशमन विभाग के अधिकारियों ने दी है।	नेआ जानकारी अग्नीशमन विभागरेन अधिकारीकोको उदुबला:।
लड़की बहुत अच्छा लग रहा था	कुड़िहोन बेसे सुगाड़ाए लेलो: ताइकेना।
इन्ही वादियों में बिखरे मनका न गूँथ सकूँ	ने पिड़ि कुटड़ी कोरेगेञ ताइनजाना जी रा: उड़ुको काञ रिका दाड़िजाना।
प्रति है की दर से खेत में करें	नेका हिसाबते आड़िरे: रिकाएपे।
उस दिन मैं भी एक भाई था।	एन हुलाङ आञो मिआद हागाञ ताइकेना।
। अकसर पूछे जाने वाले सवाल पूछा	जानाओ कुलितान सवालगे कुलि जाना।
मंदिर का जिक्र कल्हण की राजतरंगिणी में भी आता है।	मंदिररा: जिक्र कल्हाण
मछली और अंडा खाने को मना किया है।	हकु हर अण्डा जोम रेन मन तना
अब क्यों याद आया मदनी को	नां चीना लाई मदनी के याद जाना
यह आंकड़े ग्लोबल पीस इंडेक्स ने जारी किए हैं।	नेया रिपोर्ट ग्लोबल पीस ने जारी ला आए
लेकिन होनी को कुछ और ही मंजूर था।	मगर होनी के अलग ही मंजूर ला आए
यह जानकारी अल्मोड़ा शाखा प्रभारी कमलेश मेहरा ने दी।	ने आ जानकारी अल्मोड़ा शाखा रेन कमलेश ने उदुब लाए
योगीजन सदा उनकी स्तुति करते हैं।	योगीजन जताई गी मनरंग याको
यह मंदिर पत्थर की अनोखी मूर्तियों के लिए प्रसिद्ध है।	ने मंदिर डिरि रां अनोखा मूर्ति लाई प्रसिद्ध मेना
कुआँ का प्रदूषित पानी पीना पड़ता	कुआ ऱ आ इतकण दाआ नु होबा व
आज अंग्रेजी हटाओ के लिए कोई जगह नहीं है।	ने समय रे अंग्रेजी हटाओ लाई जेतन थायड बनो
लक्ष्मण राव अपना नाटक उन्हें भेंट न कर सके।	लक्ष्मण रओ आया नाटक के काय भेंट धड़ी यदा
शॉपिंग माल का भविष्य राजधानी रायपुर मे	शॉपिंग मॉल रा आ भविअस्या राजधानी रायपुर रे
उन्होंने एक बार फिर इस किरदार को जीवंत किया।	इन ईंग ओड़ो मीसा किरदार के जीवंत केदाय
विचित्र दृश् य सम् मुख उपस्थित हुआ।	विचित्र लांदा रा आ अयूर ते उपास्थि जाना
य्ह देश पअह्लय अस्तित्व मे नहए थ।	ने दिसुम सिदा अस्तित्वा रे का ताईं केना
इसके बाद श्री रामाधार साहू कचान्दूर द्वारा	ऐना रा आ तयों रामाधार कछूँदर ते
हल सर्वर के उन्नयन के बाद त्रुटि संदेश मिल	हल सर्वर रेन ुत्यं रा आ तयों त्रुटि सन्देश जाना
लौटी तो काफी देर हो गई थी।	रूअड़ जान रे बहोत देरी होबा जाना
जवाब में अतिथि ने सिर्फ उसे वितृष्णा से घूरा।	उत्तर रे पेड़ा दो हे मेद ते आरिद कीजै
मैने कहा कि भगवान हमें बचाने नहीं आने वाले।	अंग काजी केदांग ची सिंग बोंगा बचाओं लाई काय हिजुआ
ऐसे ही पत्थर पूरे आंगन में बिछे हुए हैं।	ने लेका गी दिरी को गोटा रचा रे मेना
अख़बारों में बुरा कम लिखा जाए	अख़बार रे बुरा कम गी ओलो च
सबसे अच्छा रिस्पॉन्स कहां मिला?	सोबन को ते बेस जवाब नाम जाना
हिन्दी में जिसे आलोचना कहते हैं यह आधुनिक विधा है।	हिंदी रे चीना के आलोचना को कजिया ने या आधुनिक विधा तना
पोस्ट ऑफिस के एटीएम उगलेंगे नोट	पोस्ट ऑफिस र आ एटीएम ते टाका ओडोंग ओआ
पौधों में भी चूर्णातु पाया जाता है	दारू को ते यो चुनरतु नमोआ
वे सच्चे देशभक्त एवं ईमानदार नेता थे।	इनिंग सरती देशभक्त हर ईमानदार नेता ताईं केनाय
आज सावन के महिने का आखिरी दिन है।	इसिंग सावन र आ आखरी चंडू तना
दूसरे को नक् कारखाना शाही कहा जाता है।	एटा को के नौकर शाही को कजिया
मंहगा था इसलिए बहुत खुशी से उसे खाना शुरू किया।	गोनांग ताईं केना ऐना लाई दुलाड़ ते जोम एटेग केदाय
यह हिंदी फिल्मों का नया समाज है।	ने या हिंदी फिल्म रा आ नवा समाज मेना \
लेकिन एक दिन किसी बात पर दोनों झगड़ पड़े।	मगर मुसिंग इनकिन मियाग काजी रे लपडाई केना
फलतः पूंजीपतियों का मुनाफा बेशुमार बढ़ गया।	ऐना लाई पूंजीपतियों को आ फायदा बढ़ाओ जाना
किले का एक द्वार कुछ अधिक पुराना प्रतीत होता है।	किला र आ मीआग दुआर मरी अटकर ओआ
उसकी हँसी केवल उसके सिहरन को छिपाने का आवरण थी।	इन इ आ लांदा बोरो के छिपाओ लाई मीआग पर्दा ताईं केना
यह बात किसीने काका से कह दी।	ने बांकड़ ओकोय डो: ककम के उदुब केदाय
वहां मैं एम एस खान को लाया।	इंग एण्ता: रे एम एस खान के औ किजाइंग
ये शिव सैनिक बाल ठाकरे को श्रद्धांजलि देंगे।	नीकु शिव सैनिक बाल ठाकरे के श्रद्धांजलि एमाइएको
वरना एक मील का चक्कर पड़ता था।	का रे दो मि: मील घुमाओन होबाओ ताई केना
उस समय देश पर अंग्रेजों का शासन था।	एन इमतंग दिशुम रे गोर तेकोआ राइझ तै केना
इसका इलाज प्रारंभिक अवस्था में किया जाता है।	नेयगा रानू सुरु रे गी कमी धाबेयको
मनोरमा ने काशी की तरफ़ देखा।	मनोरमा कशी पड़ नेल केदाय
क्या आप अपने अन्य लिंक है?	आम ता: अदो: एटा तेया लिंक मना
जैसे बादल उधम मचा रहे हैं।	अदाओ तना बदरी को डेगाओ तना को
तो किसी को अपना मोबाइल बेच दो।	ऐंडे रे दो जाय को के अमा मोबाइल के अखरिंग तम
पहचान कर ही यह कार्य होना चाहिए।	उरुम के ते गी ने कमी होबाओ चाही
झारखंड में इस समय राष्ट्रपति शासन लागू है।	झारखण्ड रे ने इमतंग राष्ट्रपति गा राइझ मेना
की मौत होती है। डायरिया जैसी बीमारियाँ समुचित सफाई	गोयग: केनोगा डायरिया लेका बेमारी लागिन सोबन ता: साफा ताई
तुम्हारे साथ रियायत कर देते हैं।	अम लो: सस्ताआ के ते एमा में लेया
इससे भी कीमतें बढ़ रही हैं।	नेया तेहों गोनों बढाओ तना
वकील अपने आसामियों को फंसाकर रखते थे।	वकील आया असामी कोके पसे के ते दोहो को ताइनय
मम्मी की नजर बचा कर मैंने बैग में तकिया डाला।	उमा किन आ नज़ाइयर ते उकु के ते थइला/बैग रे सिरहाना के साजु कदाइंग
उन्हीं के वंशज सय्यद कहलाते हैं।	एनकोआ वंशज को के गी सैय्यद कजियाको
बगुला तो मक्कारी का प्रतीक है।	बकुला दो मक्कारी रा चीन्हा तना
बरस दिन में इसका फ़ायदा मालूम होगा।	बरस हुलांग रे नेयरा फयदा सरियोआ
इतिहास में ऐसे क्षण आते हैं।	इतिहास रे नेका समय हिजुगा
हम भी थे बाज़ार में पर हमको कुछ मालुम नही	आलेओ दो पीठ रे गी ताई केना ले एन्डे:ते अले चिनाओ काले सारि तना ले
वहां पहुंचे तो कुछ और ही निकला।	एनता सेटेर जना रे दो एटा: गी ओडोंग जना
फिर मैं उसको प्यार से समझाते हुए चूमने लगा।	एन्डे ते इनिग के दुलाड़ ते बुझाओ के ते चुमई ताइनिंग
खासकर बच्चे बहुत तेजी से इसके शिकार हो रहे हैं।	सोबेनेते सिदा हुडिंग होन को बेसे रोस ते निजय साब को तनय
उन्होंने जिजाम का जूता उठाया और सीधे बाजार में पहूँचे।	इनकूको जिजाम आ जूता के साब केदा को हर सोझ गई पीठ को सेटर जाना को
इसे इमरान की बड़ी सफलता माना जा रहा है।	नेआ के इमरान आ मरांग
छाल रोग आर्रथरायटिस वाले व्यक्तियों को होते हैं।	छाल बेमारी आर्रथरायटिस सिदायते होबा कन होड़ को के होबाओगा
सरल नहीं इसके कारण की कल्पना करना भी।	सरज बानो ऐना के सोचाओ बगैर
ये एकदम अधूरा और कटा हुआ है।	ने सोबेना अ धा हर हादा कन मना
विद्युतीय व चुम्बकीय शक्तियों का प्रतीक है।	बिजली हर चुम्बकीय शक्ति चीन्हा तना
नारी न केवल मनुष्य जाति की जननी है।	एरा न भइर होड़ो जाती रा जननी तानी:
कई बार समय से पहले नींद खुल जाती है।	मीसा मीसा समय ते सिदा दुडुम खोलाओ केनोगा
जादू टोना जैसा कुछ नहीं था।	जादू टोना लेका जेतइ चीज़ बानो
एलन को शरारत सूझती है।	ऐलान के मजाक सुझाव कना
इन विज्ञापनों के जरिए कंपनियां लोगों को लुभा रही हैं।	ने विज्ञापन ले ते ने कंपनी को लाफ उठाओ तना को
उसके हृदय में विश्वास है।	इ नजा शुरुद रे विश्वास मेना
किसने कह दिया कि आप कुछ ना कर रहे हो।	ओकोये काजी कदए ची अम चिनाओ कम कमी तना
बाबा ने कहा अरे ऊ जाबय न करे।	अबा काजी कदए ची इनिग:सेन गी काय सेना
वो तीन घंटे से पहले नहीं आने वाले थे।	इनिग तीन घंटाए ते सिदा काय हिजुगा
फुल पेज का शेष पेज अंदर था।	सोबन पन्ना रा बचव तेअ बिथर रे तै केना
यह एक फुल टाइम जॉब है।	नेआ मियद दीनभाईर रा कमी तना
राहुल समाजवादी पार्टी को घेरने का प्रयास कर रहे हैं	राहुल समाजवादी पार्टी के घेराव रा कोशिश तनय
कौन देश को सबसे ज्यादा चुना लगा सकता है?	ओकोय ढिशुम के सोबेन ते सिदा थीमबा चुना लगव धड़िआ
इसे बाद में ग्राम समाज में शामिल कर लिया गया।	नेया के तयोंम ते ग्राम समाज रे मेसा केदा को
भय की चरम सीमा ही दुस्साहस है।	बोरो रा चरम सीमा गी दुस्साहस तना
वह पूरी दुनिया को इसी नजरिए से देखता है।	इनिग सोबन दिसुम के ने नेपेल ते गी नेलेयाय
वह किस हद तक क्षेत्रीयतावादी हैं यह एक प्रमाण है।	इनिग ओकोन तय ते छेतरवदिता तनी नेया मिया प्रमाण तना
इससे रक्तविकार और रक्तपित्त नहीं होता।	नेया ते रक्तविकार हर रक्तपित का होबाओ आ
गाड़ी इलाहाबाद स्टेशन से एकदम सही समय पर छूटी।	गड्डी इलाहाबाद स्टेशन ते एकदमगि ठीक समय रे छुटाव जानय
उन लोगों को रिपोर्ट पर बहुत एतराज है।	एन होड़ो को के रिपोर्ट रे खोब गी एतराज मेना
जो उन्हें मेरी पसंदीदा बनाती हैं।	जे एनिग के सुकुअन बईया
भीड़ एत्मादउद्दौला थाने पर पहुँच गई।	भीड़ ऐतमादोउददौला थाना रे हिजु जाना को
ज़ाहिर है आप गरीब तो नहीं हैं।	जाहिर मेना आम दो रंगेज़ होड़ दो नहा लम
इसके बाद कोई व्यवस्था नहीं होती।	एनागा बाद रे जनाओ बेवस्था का होबाओगा
शादीशुदा शिक्षक ले भागा युवती को	अंडदीकन टीचर मियूड़ कुड़ी के इकी उदू किजय
पूर्व विधायकों के लिए मौजूदा व्यवस्था	सिदा ताई केन विधायक को लगिन न: रा बेवस्था
पूज्य पिताजी का स्वर्गवास हुए बीस वर्ष हो गए।	आइं आ अपुम गोयग जना ऐना गा बीस बरस होबा जना
इतिहास को न ही छेड़े तो अच्छा है।	इतिहास के कबु अड़ाए रे गी बेस मेना
कई बार असंतुष्ट दिल्ली दरबार में शिकायत करके आए।	चिमीन बइर कासुकूजन रे दिल्ली दुआर रे सिकाइत के ते हिजु जना
जिसने चोरी की वही जांच करे यह कौन सा नियम।	जे चोरहा कदए इनिग गी जंचेयाय नेया ओकोन ता:रा नियम तना
रामप्यारी तीतर के बच्चे की फोटो लगाई है।	रामप्यारी तीतर ओड़े गा होन गा फोटो लगाओ कदए
अनेकानेक दवाबों के बाद भी झुकी नहीं।	हमीन मि थिंबा रा दबाव गा बाद रे ओ कागि आइयूम जनाए
मुख के जख्मों में अंजीर का दूध लगाया जाता है।	मोचा रा
हमारे बड़े बेटे की शादी वहीं हुई है।	अलेआ मरांग होन गा आंड़दी एंता रे गी होबा कना
उसके बाद स्वामी चुप हो गए।	ऐना गा बाद रे स्वामी हापा जनाए
फ़ुटबॉल तो गभमेंट में सप्लाई के लिए हैं।	फुटबॉल दो गवर्मेंट रे सप्लाई लागिन मना
उन्होंने विद्यालय के सामने नारेबाजी कर प्रदर्शन किया।	एनकुको स्कूल ता रे गी नारेबाजी हर प्रदर्शन तई केना को
लेकिन मानकीकरण कैसे? यह लाख टके का सवाल है।	मगर नेया मानकीकरण चिल्का ते? नेया लाख टाका रा: सवाल तना
मैं एक कदम भी आगे बढ़ने में सक्षम नहीं था	अंग मिग कदम हो सेसन लाई पेडेग बानो
क्यूँ क्या कहते हैं प्रयास जारी रहे मेरा?	चीना पुछओ तनम? अंगा कोशिश ते लगाओ यांग
सूचना पर पुलिस ने पहुंचकर शव को बरामद कर लिया।	खबर नाम केते पुलिस
लेकिन देश का हित कहीं खो गया।	मगर दिशुम रा: मतलब आद जाना
उनकी खुशी का तो ठिकाना ही नहीं था।	आको रसिका ते पम्पु उतर जनाको
मैं कोई समाजशास्त्री या भाषा विज्ञानी नहीं हूं।	आञ दो समाजशास्त्र कारे दो भाषा कारे भाषा रेन सेडान होड़ो का तनाइङ।
दिल्ली की घटना के बाद वह आक्रोशित है।	दिल्ली रेन घटना आयुम केयाते इनि खैराव गिडि कनाए।
क्या आप बोरी में किताब घर लायेंगे।	बोरा थैलाः रे चि कितब आगुयम?
कुछ ही देर में उसने विडियो कालिंग दी।	हुडिङ कोन तयोम ते इनिः विडियो राः लिंक ओम लाएः।
विज्ञान प्रतियोगिता में आकाश सैनी एवं रवि सुथार अव्वल रहे।	विज्ञान रेयाः प्रतियोगिता रे आकाश सैनी अद रवि सुथार पहिला ठावं नम केदाए:।
दिक्कत बस ऊपर बैठे लोगों की नियत के साथ है।	बलाए दो चेतन रे दुबाकन होड़ो कोअ: उडु: कोते गे होबा:ओ अ।
बीसीसीआई ने निंबस से प्रसारण अधिकार छीना	बीसीसीआई निंबस ते प्रसारण रेआ: अधिकार रेपे: केदाए।
खैर अबरार की पंक्तियां महसूस करें।	अच्छा ना: दो अबरार रेआ ओलाकन पंति उडु:नम लगातिंगा।
भारत पर राज करना चाते हैं माओवादी नई दिल्ली।	भारत दिसुम रे माओवादी आको राइज सेसेन मोने जदाको।
फिर वह मुड़ा और नहर की ओर बढ़ गया।	अए ओड़ो: मिसा रुवाड़ा लेना अद् गडा साः सेनोः जनाए।
शोएब पाकिस्तानी क्रिकेटर है और सानिया मिर्जा भारतीय टेनिस खिलाड़ी।	शोएब पाकिस्तान रेन क्रिकेट खिलाड़ी तनि: अद् सानिया मिर्जा भारत रेन टेनिस खिलाड़ी तनि:
घर का सारा सामान फैला पड़ा था।	ओड़ाः रआ सोबेन जिनिस को नेसाः एनसाः तइकेना।
यूं तराशा है उनको शिल्पी ने	बइ निःने ले सुगाड़ बइआ काःइअ।
कन्याकुमारी मंदिर में भी दर्शन के लिए ड्रेस कोड है।	कन्याकुमारी मंदिर रेओ लिजा: तुसिंग रेआ: कोड (ड्रेस कोड) मेनागा।
मंन्दिरो को तीन भागों में बांटा जा सकता है।	मंदिर अपि ता: रे बु हाटिंग दडिआ।
वे जनता का मूड भॉंप नहीं पाए।	इनकु होड़ो कोअः जि रेआः कजि कको ठोर केदा।
इनमें अत्याधुनिक सुविधाओं की कोई कमी नहीं होगी।	नेआ रे ने सोमोए लेका गे सुविधा को मेना:।
पोटरो इस टूर्नामेंट में तीसरी बार उतरेंगे।	पोटरो नेआ टूनामेंट रे अपिया खोन हड़ागुना।
चार पैसे की मिठाई खाई और गिलास जूठी की।	चार पैसा रेआ मिटई जोमकेआते गिलास जुटा केदाए।
कितने कम पैसों मे वह गुज़ारा	चिमनाङ कोम पैसा तेगे आसुलेन तना।
उन्हें कुकिंग का भी उतना ही शौक है।	इनि मंड़ि उतु इसिन को मोने आ।
मैं आपकी बात से सहमत हूँ।	अमा: जगरकोते अइङ सहमत मेनाञ।
ये तो बादशाहों का जिक्र है।	नेआ रे राजा कोआ कजिको मेना:
जौनपुर में प्यास से तड़पकर एक की मौत	जौनपुर रे दा तेतञ ते होड़ो बंगाइ जना।
झारखंड की नौ भाषाओं में से पांच इसमें सम्मिलित हैं।	झारखंड रेन 9 भाषा/जगर कोर 5 जगर नेआ रे मेसा कना।
कौन कहता है वादे निभाए नहीं गए?	ओकोय कजितना चि कजिकना को का पुरा जना।
मैं जोश का एक नियमित पाठक हूं।	अइङ जोश जनाव गे पढ़ावा।
वेब दुनिया से जरा इसे भी पढ़ लें	वेब दुनिया ते नेआओ पढ़ाव लेम।
पार्टी ने पूरे मामले में सरकार पर निशाना साधा है।	पार्टी सोबेना रे सरकार सा: गे चुंड़ुल केदा।
क्या विपक्ष अपनी बात प्रखरता से रख पाएगा।	चिलका विपक्ष अएआ: कजि केटे नो: ते जोगाव दड़िआ?
उस दिन तंबाकू निषेध दिवस था।	एन सुलंञ तंबाकु निषेध दिवस तइकेना।
यह सब सोचकर ही मैंने अपना तबादला रद्द करवाया है।	नेअ को उड़ु: केआतेगे आइञ कमि टयद् बदलि काइञा: जना।
गट्टू से इस महोत्सव का आगाज	गददू ते नेआ दुनुब रेआ ककला।
रोजगार की दृष्टि से तो परिणाम शून्य होता है।	कमि नाला होरा ते लेल ले रे परिणाम जेताओ बनोः
माहिदपुर मंदिरों में गूंजे श्रीराम के जयकारे	माहिदपुर मन्दिर रे श्री राम कजि केदा को।
रोनेवाली एवं नहीं रोनेवाली आवाज निकालना	रा: तनकु‌ ओड़ो: का रा: तनकोआ: कजि उड़ुंग।
थॉमसन एक पब्लिक रिलेशन कंसलटेंट हैं।	थाॅमस मियद पब्लिक रिलेशन कंसल्टेंट मेना।
बाजार आपकी कविता का तो कहीं है नहीं जो आप	पिटि रज आमा: ओलाकन को कविता जेताव काको कुलि ताना।
जब कमरे पहुंचे तो देखा कि वह अन्ना मय था।	चिमतंग ओड़ा तेबा लेना सोबेन सा: अन्ना तकिन ना: जगर को जगर तन तइकेना।
वह अनमे मूल विचारों का दमन करना जानता है।	इनि: अया: मूल उड़ु: को टुंड़ु इतुआना।
कुड़ी बंगालन इस्तीफ़ा लेकर चल गयी।	बंगाली कुड़ी कमि बगे केआते सेनो: जनाए।
हम लोग सचमुच ही परेशान हैं।	अले सरते अले बलए गिड़िआकाना।
ये समझो कि ये इसका नया जीवन है।	ने कजि लेआबु चि नेआ नावा जीवन तना।
ये तत्व इतनी प्रचुर मात्रा में कृति	नेआ तत्व‌ इसु पुरा: मेनागा।
वह बांग्लादेश के सबसे अधिक कमाई करने वाले खिलाड़ी हैं।	इनि: बंगलादेश रेन इसु पुरा पैसा तेला‌ नि खिलाड़ी तनि:।
संबल लेकर हिंदु चेतना समरसता का मंत्र महान।	हिन्दु मोंतोर को सोबेन होड़ोको लोते मजा तइन मेनते मियद मरङ मोनतोर तना:
महिला को अपशिष्ट पदार्थ भी पिलाया गया।	कुड़ि मुतु दा: को आनु कि:आ:।
विकास कार्यक्रम के लिए ब्रांड बनाना	विकास कमि को नगे ब्रांड़ बइ।
टीकमगढ़ का वर्गीकरण इस प्रकार है	टीकमगढ़ रेआ हनाटिंग नेलेका मेना।
शासक वर्ग की ताकत का तिरंगा	शासक वर्ग रेन कोआ: पेड़े: रेआ: तिरंगा।
कमरे के बीच में एक बड़ा सा टेलीविज़न था।	ओड़ा बितर ताला‌ रेगे मरंग ‌टी बी लगावा‌कना।
एक कोने में खाली पड़ी कुर्सियों पर हम बैठ गए।	नेआ रे राजा कोआ कजिको मेना:
उसे मेरी मौत कहना बिलकुल पागलपन है।	इनि अइञ: गोनेए: कजि बालु लेका कजिओ:अ।
छोटे साहब भाभी से अंग्रेज़ी में पूछ रहे	हुडिङ सायोब बु लो: अंग्रेजी ते कुलि जा:इ केना।
हमने अपनी सांस थाम कर चलना शुरू किया।	आइंग सयद् केसेद् केआते सेन एटेः केदा।
यह छवि गैलरी फ्लैश की आवश्यकता	नेलकन छवि गैलरी फ्लैस रेआ: जरूड़ु मेनाः।
बेस्ट ऐक्टर अवॉर्ड ने ज्यादा हैरान नहीं किया।	बेस्ट एक्टर अवाॅडऺ बेसे कको‌ भकुवाव केए: कोआ।
दर्शकों को जिलेवार बिठाने के लिए अवरोधक लगाए गए हैं।	दर्शक तको जिला हिसब ते दुब मेनते दुवर केसेद तेआ बइआकना।
राधिका भी जमकर पढ़ रहे थे।	राधिका निमिर जोर पढाव तन तइकेना।
लेकिन ऐसा उन् होंने नहीं किया।	मेनदो इनकु नेका कको रिका ला:।
तीन डाक्टरों के खिलाफ मामला दर्ज	अपिया डाक्टर खिलाफ मामला दर्ज ‌केदाको।
इस बीच सजल स्वयं आपके पास कलकत्ता चला गया है।	ने‌ तला रे गे सजल अ:ए गे अम ता: कलकत्ता सेनो: जनाए।
लोग कहते है मे शराबी हू	होड़ोको को कजिआ चि आइंग अरकी नु तनि:।
सिद्धू अपने निवास पर पत्रकारों से बात कर रहे थे।	सिध्दु अया: ओड़ा: रे गे पत्रकार को लो जगर तन तइकेना।
मंच संचालन अविनाश शर्मा व सुनील श्रीवास्तव ने किया।	मंच रेआ: कारबार को अविनाश शर्मा ओड़ो: सुनील श्रीवास्तव तकिन रिका ला:।
बहरहाल अदालत ने कल के लिए फैसला सुरक्षित रख लिया।	अदालत होला नागेन फैसला सुरक्षित केदा।
कुछ पत्रिकाओं को चन्दा भेजना शुरू कर दें।	तरा मरा पत्रिका तको चंदा कुल एटे: केदा।
पुलिसकर्मी बैंक से रुपये निकाल कर आ रहा था।	पुलिस बैंक ते टका उड़ुंग केआते हिजु: लेना।
मत्त गजराज ने उठाकर उन्हें मस्तक पर रख लिया।	मरंग होड़ो इनि दोंदों केआते अएआ: बो: रे जोगाव कि: आ।
पिछले कई महीने से लगातार काम करके थक चुका था।	सिदा बेसे दिन ते कमि केआते लागा उतर जनाए।
वही लोग इस पेशे में आते	एन होड़ोकोगे नेआ कमि रे को मेना।
मेरे साहेब के नौकर खाना तो खूब पकाते हैं।	अइंगा सायोब: दसि मंड़ि सिबिल नो: गे बइआ।
श्री नेताम ने कमेटी बनाने से इंकार कर दिया।	श्री नेताम कमेटी बइ मेनते कएआ: जनाए।
हर रोज़ नये रजिस्ट्रेशन हो रहे हैं।	जनाव नवा रजिस्ट्रेशन होबाव तना।
यहां तक कि कई महीने बीत गए।	नेता: हमि चिमनंग चंड़ु: परोम जना।
पूना अन्तर्राष्टीय दौड के विजेता तेफेरी रेगासा को ई·ारीय भेट	पूना अंतरराष्ट्रीय निर विजेता तेफरी रेरेसा भोगवान सा: ते भेट नम केदा।
माँ की चिता के साथ गयी थी जल	एंगा लो: गे लो जनाए।
साथ रहना किसी को समझने की गारंटी नहीं है।	मिसा ते ताइन ओड़ो: इनि: बुजाव रेआ: ठेअकान बानो:
उन्हें अपनी दुकान की रक्षा करने का हक है।	इनकु अकोआ दुकान लेल जोगाव रेआ: अधिकार मेनागा।
फिर अध्ययन करने के बाद में नौकरी मिलती है।	एनाते पढाव केआते नुकरी नमोगा।
पवन शर्मा से गुप्तचर टीम पूछ ताछ कर रही है।	गुप्तचर टीम पवन शर्मा के कुलि जाइ:याको।
क्यों? अपना क्या जाता है?	चिलका अइंगा चना: सेनोगा?
।प्रेत व मैली विद्या का प्रभाव नष्ट हो जायेगा	प्रेत ओड़ो: एदका सेंड़ा रेआ प्रभाव छबा इदिओआ:।
भारत के भूतपूर्व राष्ट्रपति कलाम न्यूयार्क जा रहे थे।	भारत रेन सिदा राष्ट्रपति कलाम न्यूयार्क सेनो: तन तइकेना।
बदमाशों ने गाली गलौच के बाद महिला से मारपीट की।	बदमाश होड़ोको एपरंग केआते कुड़ि माउर कि: आ।
फिलहाल तो दोनों हैदराबाद में हैं।	निमिर बरनकिन हैदराबाद रे मेना: किना।
उसके बाद शुरु हुआ लोगों से चर्चा का सिलसिला।	एनाते ओड़ो: एटे: लेना होड़ोको लो: जगर बेड़ा।
ने उसे ऊपर से नीचे तक देखा।	इनि चेताना ते लतर लेल कि:आ।
उन्होंने कहा कि सुपरबग का नाम नई दिल्ली	इनि: मेन केदा चि सुपरबग आ: नुतुम नई दिल्ली
सुधि पाठक और ब्लाग लेखक इसे चेक करें।	सुधि पाठक ओड़ो: ब्लाग लेखक नेआ लेल लेका।
सवाल है आज इस मोड़ पर	सवाल‌ दो ना नेता: हमि गे।
मेरे कंधे से खून बह रहा था।	अइंआ: ति ते मयोम लिंगि तना।
दिन बहुत बेचैनी से कट रहा था।	सिंगि जां लेका परोमो: तना।
वहां पहले से ही काफी भीड़ थी।	एनता सिदा तेगे होड़ोको तइकेसा।
इन रेसों को दुनियाभर में देखा जाता है।	नेआ रेस गोटा दिसुम रेन को लेल तना।
बनने की बात आई तब हलचल मच गई।	बइ रेआ जगर आयुम केआते होड़ोको अकल बकल जना।
मैं घर पर पैंटी बहुत ज़्यादा नहीं डालती।	अइंग ओड़ा: रे सोबेन समय पैंटी काइंग तुसिगाकन ताइना।
जिंदगी तेरा ठिकाना मिलता ही नहीं	जिन्दगी आमा: ठेकान गे का नमोगा।
इसके लिए ग्रामीण क्षेत्रों में जनजागरण लाने की जरूरत है।	नेआ नगेन हातु टोला रे होड़ो एयोन कमि को लगातिंगा‌
मार्च पास्ट के दौरान एसडीओपी करणसिंह रावत भी उपस्थित थे।	मार्च पास्ट होबा:ओ सोमोए एसडीओपी करणसिंह रावत ताइकेना।
कार्यकर्ताओं को यही सबसे पहले निर्देश थे उनकी ओर से।	इनि: सा: ते कार्यकर्ता को नगेन कजि कमि को बइआकन तइकेना।
मुझ को ज़मीं से बेदखल तो कर दिया तुम ने	अइंगा: ओते तेगे उड़ुंग फरका किंअम।
उम्मीद है कि आप मुझे समझ सकेंगे ॥	उड़ु मेना चि अम अइंग बुजावअम।
दैनिक जागरण के पत्रकार को पितृशोक	दैनिक जागरण रेन पत्रकार तकिना: अपु बंगाइ जना।
एक धमाका गोपालदास बिल्डिंग में हुआ।	मियद धमाका गोपालदास बिल्डिंग रे होबा लेना।
संस्कृति बहुत ही व्यापक शब्द है।	संस्कृत बेसे गोनोआन टुंग मेना:।
फिल् म वालों का नहीं है।	नेआ फिल्म रे कोआ: का तना।
क्यों पिछड़ रहा है केएमपी का काम	चना: मेनते तयोम इदिओ: तना केएमपी कोआ: कमि।
किसी न किसी रूप में हमेशा तुम्हारे साथ रहूँगा।	जान हिसब तेओ अइंग अम लो: तइन गेआ।
वैज्ञानिक को विज्ञान वाली कथा अधिक अच्छी लगेगी।	वैज्ञानिक तको विज्ञान रेआ: कानि गेको सुकुआ।
यह सब कुछ बस कहने भर को रह गया।	नेआको कजि बइरि गे सरे: जना।
गन्ने या ईख का वार्षिक शुभारंभ।	गन्ना रेआ: सिरमा एनेटे:।
फीसदी महिलाएं खुले में शौच को मजबूर	इसु पुरा कुड़िको पिड़ि कोरे ना:गो पिड़ि सेनो: टोगो: तना।
अभी लगभग एक घंटा बचा था।	मेनदो मियद धंटा सरे: कन‌ ताइकेना।
अब यह मुश्किल हो गया है।	ना: दो नेआ बलए गेआ।
शरीर रचना विज्ञान शल्य चिकित्सा समुदायिक औषधि प्रबन्धन अध्ययन	होड़ोमो बनइ विज्ञान शल्य चिकित्सा समुदायिक औषधि प्रबन्धन अध्ययन।
चोर उचक्के हरदम जीते हम हैं हारे।	कुमुड़ु कोगे सोबेन समय गे अयर रेको तइना अबु काबु दड़िताना।
राजेंद्र को रिपुदमनसिंह कॉलेज में नौकरी मिल जाती है।	राजेन्द्र रिपुदमनसिंह काॅलेज रे नुकरि नम केदा।
अपने आलोचकों को क्या जवाब देंगे?	अले एपरंग तनको चना: ले कजिआ।
रंगमंच के प्रति सरकार के रवैए से कलाकार नाखुश	रंगमंच नगेन सरकार तकिना कजि ते कलाकार कको सुकुजना।
धन के संग्रह नहीं त्याग में सुख है	पैसा जमा रे दो का मेनदो ओमे रेगे रसिका दो।
और किसी दबाव में नहीं मजे से।	ओड़ो: जाए एटा: नि: कजि का सुकुआ।
योगारूढ़ होकर ही मन को शांत किया जा सकता है	योगा केआते जि रबल गे ठोरो: आ।
आप इस बात पर ध्यान मत दीजिए।	अम नेआ कजि अलोम पतिआ।
हमारी कामयाबी का गुणगान भी करते हैं।	अबुआ कमि हरआ ललेकेआते जगर तनाको।
जुनूँ ये मजबूर कर रहा है पलट के देखूं	जुनूं मजबूर जाइंंङ चि हेता केता केयाते लेल लाइंइ।
विधानसभा क्षेत्रों के लोग ही अपने प्रत्याशी का चुनाव करेंगे।	विधानसभा क्षेत्र रेनकोगे अकोआ: प्रत्याशी को साला याको।
अपनी प्रशंसा सुनकर उनके हर्ष का वारापार न	अइंआ प्रशंसा आयुमकेआते इनि जुदा रसिका ते बालुजना।
परिणामस्वरूप मनोविज्ञान की नई नई शाखाओं का विकास होता गया।	नेलेका ते मनोविज्ञान रा: नवा नवा कोतो को हरा इदिजना।
लोबसंग सांगये पद एवं गोपनीयता की शपथ ग्रहण करेंगे।	लोबसंग सागंये पद ओड़ो: गोपनीयता रेआ: शपथ आगुया।
पिछले दो दिनों में तुमने जीवन का हर सुख भोगा।	बरसिंग सिदा अम जिबोन रेआ: सोबेन सुकुम तेदा।
मेरी पसंदीदा ग़ज़लों में से एक है ये।	अइंगा: सुकुआन गजल कोरे नेआओ मेना।
इसके एक मीटर की लागत तकरीबन तीस हजार रुपए है।	नेआ मियद मीटर रेआ गोनोंग कजि लेरे तीस हजार टका मेना।
उसमें से ढेरों चीटिंयाँ निकलकर बाहर आ रही थी।	एनाते मोद् पुरा: मुइ: को उड़ुंग तन तइकेना।
प्रभात की किरणें मन्दिर के शिखर पर हँसने लगीं।	सेता: रा: मसकल मंदिर चुटि रे लांदा केदा।
फुटकल पद्यों की रचना की गई है।	फुटकल पद्य को रा: रचना ला: को।
एकल कृषि की बजाय हमें समग्रित कृषि करनी चाहिए।	मियद् चासा बति: दो मेसाकेआते चासा लगातिंगा।
वह जीवन और मौत के कगार पर झूल रहा है।	इनि गोजो: तना:ए जिदो: तना।
धमाकों को लेकर खुफिया एजेंसियां आशंकित	धमाका कोते खुफिया एजेसि उड़ु: रे को ठो: जना।
उस काल में इस नन्ही कदम ताल को समझना चाहिए।	एना सोमोय रे नेआ सेसेन को उड़ु: लगातिङ।
मोदी की रैली में गोयल ने किया खुद को प्रोजेक्ट	गोयल आ:ए गे मोदी तकिना : रैली प्रोजेक्ट ला:ए।
मैं तो यूँ ही मज़ाक कर रही थी।	अइंग दो सामागे कजि तन तइकेना।
नियमरक्षा हेतु किसी न किसी थाट के अंतर्गत सम्मिलित किया	नियमरक्षा नगेन जांन थाट बितर रे जमा केदा।
जो पेप्सी कोक के खिलाफ अभियान चला रहीं हैं।	ओकोए पेप्सी कोक़ रा: खिलाफ अभियान चलाव जदा।
अख़बारों में मुंह चिहाड़ के हंसते हैं।	अखबार रे लाचो गोंजे केआते लांदा या।
सोना इस दावे को स्वीकार न कर सकी।	सोना नेआ दावा का: ए मातिंग जना।
न ही उम्र का इससे कुछ लेना देना है।	उम्र रेआ नेआते जांन कजि कमि बनो:।
कांग्रेस प्रत्याशी का समर्थन करेगी सपा	सपा कांग्रेस प्रत्याशी के देंगा या।
दुनिया के सारे पाप व्यक्तिगत होते हैं।	दुनिया रेआ सोबेन पाप को अपाना: गे तइना।
आप एक अभ्यास उन्मुख रास्ते में	अम मियद् कने कने कमि होरा रे मा।
अपने केन्द्र की गहराई में तुम केवल आनंद स्वरूप हो।	अमा केंद्र रेन इकिर रे अम रसिका लेका मेना: मा।
छात्रवृत्ति प्राप्त करने हेतु निर्धारित प्रारूप पर आवेदन पत्र	छात्र वृत्ति नागेन बाअइकन प्रारूप रे अरजि सकम।
जीवन में आदर्शें को काफी महत्व देते हैं।	जीवन रेन आदर्श को बेसे माइन ओमेआ।
भर आई ये अखियाँ लेकिन नज़र नहीं तुम आए क्यों	अइंगा मेद् दा: पेरे: जना सेरेओ कम लेलो: जनम।
प्रश्न नारी की अस्मिता का नहीं	कजि दो कुडि कोआ: अस्मिता रेआ का तना।
नेता वह जो लड़ाई में आगे चले।	नेता दो इनि ओकोए अयर सेसेना।
नकवी ने कहा कि उन्होंने ऐसा कुछ भी नहीं कहा।	नकवी मेन केदा चि नेका जाना: का:ए कजि ला:।
आख़िर कभी तो शुरुआत होनी ही थी।	मेनदो जा इमतंग एटे:गो रेआ तइकेना।
पिताजी की बीमारी बढ़ती जाती थी।	आबा: रूआ लागो: तना।
इसे संसद के रास्ते ही आना चाहिए था।	नेआ संसद होरा रेगे हिजु: लगातिंगा।
पर बाहर की जाँच करें वाटर हीटिंग विशेषज्ञ वरिष्ठ सुरक्षित	बाहर रेन वाटर हीटिंग विशेषज्ञ वरिष्ठ सुरक्षा रेआ जां।
में डेढ़ साल पहले एक आलेख में	मियद सिरमा सिदा रा: मियद् आलेख रे।
इसलिए इस मृत देश में कैसे क्रान्ति का सूत्रपात करें?	ने गोयाकन दिसुम रे क्रांति रेआ : एटे; रूड़ाया।
कविता या ग़ज़लें तो मेरे बस की बात नहीं।	गजल ओड़ो: कविता अइंग सा: तेदो का होबा दड़ि:ओआ।
सीमेंट के दो प्रमुख कारखाने इसी क्षेत्र में स्थित हैं।	सीमेंट रेआ बरिया मपरंङ कारखाना ने क्षेत्र रे मेना:।
इसी नाम का एक प्रकरण भी है इस किताब में।	नेआ नुतुम रेआ मोयोद प्रकरण मेना: ने कितब रे।
तभी उनका और देश का मार्ग प्रशस्त हो पाएगा।	ने लेका रे इनि:आ ओड़ो: दिसुम रेआ: होरा निगो:आ।
लाल सिंह जैसे सदाबहार लोग अपनी जगह बना गए है।	लाल सिंह लेकन होड़ोको अपना: टयद् को बइआकेदा।
उनकी इस बात पर सब चकित रह गए थे।	इनिअ: नेआ जगर आयुम केआते इसु पुरा: उड़ु रेको टो:ओ जना।
अधिक खर्चा होने से हाथ तंग रह सकता है।	पुरा: खर्चा रे ति रेआ: बलय होबा: ओ:अ।
इसलिए वे नीतिगत मूल पर अड़े रहे।	एना नगेन ते इनि नीतिगत मूल रे के:टेए जना।
छोटे हंजरत को जलाल आ गया है।	हुड़िंग हजरत रे जलाल हिजु: जना।
इधर मीडिया पूरी तरह उनके विरोध में खड़ा था।	नेते मीडिया को केटे: नो: ते इनकुआ विरोध रे को तिंगचन जना।
उनकी पोस्टों में नाटकीय तत्व बहुत रहता है।	इनि: आ पोस्ट रे नाटक लेकन जिनिस को पुरा: लेका मेना।
चिदंबरम अब देश के गृहमंत्री हैं।	चितंबर निमंतग गृह मंत्री मेना:इ।
शिष्य के आश्चर्य का ठिकाना न रहा।	चेलाकोआ: आश्चर्य रेआ: जेतन सिमन गे बनो:।
लोकतंत्र के विभिन्न स्तंभों में महिलाओं के	लोकतंत्र कोरेआ: बिनगा बिनगा टयद् कुड़िहोन कोआ:।
युवक ने उन खटमलों को ठिकाने लगाया।	कोड़ा को मजिको गो:ए के: कोआ।
मैंने उसका हर सिचुएशन में साथ दिया।	अइंग इनि: सोबोन समय रे देंगा कि:आ।
कम से कम इस बारे में प्रयासों की	नेआ रे आंइग नेआ रे रिका रेआ: प्रयास केदा।
कुत्ता बड़ी रुचि के साथ उसे खा गया।	सेता पुरा: गे रसिका नो: ते नेआ जोम केदा‌।
पर वे नहीं आये तो नहीं ही आये।	मेनदो इनकु कको हिजु: जना दो‌ कको हिजु: जना।
सुष्मिता सेन ने इस फिल्म में	सुष्मिता सेन नेआ फिल्म रे।
ये दो कारण हत्या की वजह बताये जा रहे है।	नेआ बरिया कारण गो:ए रेआ: को उदुब जदा।
ये लोग अपने को देवपुत्र कहते थे।	ने होड़ोको आको बोंगा होड़ोको उदुबेन तना।
उनका भी वही दायित्व है सीएम को व्यस्त रखना।	इनकुआ ओ ओड़ो: नेआ गे जिम्मा मेना: चि सीएम तकिन व्यस्त जोगाव।
आपकी इस कर्मठता के आगे मैं नतमस्तक हूँ।	अमा: कजि कमि को अइंग अबिना: कटा सुबा रे तिरूबो: तना।
छोटी छोटी बातों पर युद्ध और खून खराबे होते थे।	हुपड़िंग हुपड़िंग जगर कोरेगे गोपोए: ओड़ो मयोम लिंगि तन लेका होबा:ओ तन ताइकेना।
बाद में पुलिस सभी लोगों को थाने ले गई।	तयोम ते पुलिस सोबेन को थाना इदि के‌ए: कोआ।
लेकिन इसकी फीस देखकर पसीना आ जाता है।	मेनदो नेआ रा: गोनोंङ लेआते बलबल गे उड़ुगोआ।
असहयोग और सविनय अवज्ञा आन्दोलन का आरम्भ किया।	असहयोग ओड़ो: सविनय अवज्ञा आंदोलन को एटे: केदा।
मैं इस ऊबाऊपन से मर रही थी।	अइंग नेलेका असादि ते बलय गिड़िआकना।
कभी अलग से इत्मिनान से लिखूंगा।	जां हुलंङ मड़िते बिनगा तेंङ ओलेआ‌
आखिरकार केंद्र ऐसा साहस क्यों नहीं जुटाता।	चना: मेनते केंद्र नेलेकन पेड़े: को चिलका ते काए उड़ुंग जदा।
मानना है कि इब्सन और चेखव से सैंकड़ों वर्ष पूर्व	मननतिंगो: तना चि इब्सन ओड़ो: चेखव आते सौ सिरमा सिदा।
इस लिए मैं चुपचाप आँखें बन्द करके सो जाती थी।	एना मेनते आइंग हापेन जश मेद् जापिद् केआतेंङ दुड़ुम तना।
शेर जब शिकार करता है तो सबके सामने करता है।	कुला जदि सेंलरा: दो सोबेन कोआ: सनमंग रे।
निवेशकों के लिए गाइड ख़रीदना वाणिज्यिक	निवेशक को नगेन गाइड किरिंग वाणिज्य।
कुछ समय पहले तक खुशहाल परिवार।	हुड़िंग लेका सोमय जकेद् रसिका ओड़ा:।
फेसबुक ने जैन मुनि के फोटो को बताया अश्लील	फेसबुक जैन मुनि आ फोटो : फोटो अश्लील उदुब केदा।
आप बटन दबा कर उसे सुन सकते हैं।	अम बटम ओता केआते आयुम दड़िआ।
लेकिन मैं उसकी बात को समझ रहा था।	मेनदो अइंग निकिना: जगर इतुआन ताइकेना।
कई बार बच्चे सीधे सवाल करते हैं।	मिसा मिसा दो होनको सोज गे को कुलिआ।
तुम्हारी सुकुमारता पर आश्चर्य हो रहा है।	अमा: बले:एनते दो भकुआओ गे टोरो: ओ तना‌।
सीएम का पीए बताकर ठगी करने वाला गिरफ्तार	सीएम आ: पीए कजि केआते होसोडो नि को सब किआ:।
पर कि किस मुश्किल में हे	ओकोआ: सोंगकोट रेमा:
वाद विवाद की स्थिति आपके हित में न होगी।	वाद विवाद रेआ सोमोय अम सा: अलो होबाव का।
उसे उन्होंने पांच सौ का एक नोट दिया।	इनि: इनकिन पांच सौ टका किन ओमा:इआ।
तब कम फ़िल्में फ़्लाप होती थीं।	एन सोमोय हुड़िगं लेआ गे फिल्मको फ्लॉप लेना।
उस स्थिति में चौकोर कुण्ड ही उपयुक्त थे।	एन सोमोय रे चारकोना कुंड गे बुगिन ताइकेना।
आते ही आते यारों क़यामत को क्या हुआ	हिजु हिजु तन गे को सोंगे को कयामत होबा जना।
आगामी पांच साल चीनी अर्थव्यवस्था का अहम रणनीतिक काल होंगे।	हिजु सिरमा चीन रेआ अर्थव्यवस्था जरूड़ु राजनीति सोमोय होबा:ओअ।
इसके अलावा उनके लोअर चेस्ट और लीवर भी कामन थे।	नेआते ते एटागा: लतर सा: कुड़म ओड़ो: लीवर मोद् लेका गे ताइकेना।
इस अवसर को चूड़ाकर्म संस्कार भी कहा जाता है।	ने लेकन कमि को चूड़ाकरम संस्कार कजिओ तना।
राज्य की ओर से सम्मान और निमंत्रण	राज्य सा: ते सम्मान ओड़ो: नियंत्रण।
फिर उसकी छोटी छोटी गोलियां बनाकर सेंक लेते थे।	ओड़ो: एना रा: हुपड़िंग हुपड़िंग गोलि बइकेआते लोलो जदा।
उसकी छाया मैं अपनी बेटी पर न	इनि: अ उंबुल अंइगा होन कुड़ि रे।
वरिष्ठ नागरिकों को अब मिलेगा घर बैठे सिलेण्डर।	हड़म बुड़िआको ओड़ा: रेको सिलेंडरनमेआ:।
जिसके बाद उसने निजी चिकित्सक के यहां प्राथमिक उपचार कराया।	एन तयोम ते एटे: रनु निजी डॉक्टर ता: को रिका किआ:।
इसमें चौंकाने वाली बात तो कुछ भी नहीं है।	नेआ रे बोरोआन‌लेका दो जेतन जगर बनो:।
यहां पर अमेरिका की सीआईए क्या कर लेगी?	नेता: रे अमेरिका सीआईए चना:ए रिका दड़िआ।
झुक कर टेड़ी हुई डाल के करीब	लिड़ु ते गांडेजन कोतो जापा:।
और छह कवर गाने की एक	ओड़ो: तुरिआ कवर दुरंड़ रा: मोयोद्।
इसका गुम्बद एंव तीन दरवाजे बनने बाकी थे।	नेआ रेआ: गुम्बद ओड़ो: अपिया दुअवर बइ रेआ सरे:कन तइकेना।
इतिहास अनहोनी घटनाओं से भरा हुआ है।	इतिहास का होबा:ओ तन लेका घटनाकोते पेरेकना।
जिससे आज हर देशवासी जुडना चाहता है।	ओकोआ ते चि तिसिंग दिसुम रे ताइंनतन होड़ो को सोबोन को जोटेन रेआ: सनंङ तना।
इसलिए उसने वहां से जाने का फैसला किया।	एना मेनतेगे इनि: एनता सेनो: रेआ साला केदा।
और ज्योतिबा फुले और सावित्री बाई को।	ज्योतिबा ओड़ो: सावित्रीबाई।
इस दौर में है जिसने भी ईमां बचा लिया	नेलेका सोमोए मेना: रेओ इनि अयआ: गियु: बनचव केदा।
सृष्टि का साररंगों की मृगतृष्णा कहीं	सृष्टि रेन सारंगो कोआ: मृगतृष्णा कोता:।
शनिवार को शव का पोस्टमार्टम कराया गया है।	शनिवार हुलांग गो:ए होड़ोअ: पोस्टमार्टम रिका जना।
गैर मुसलमानों के साथ संबंध पर	गैर मुस्लिम कोलो: सोंगेरे।
फिर किसी तरह उन्हें माइक के सामने लाया गया।	ओड़ो: जा लेकाते इनि: माइक सनमंग रेको आउ किआ:।
एक जगह कांवरिया का गीत था।	मिद् ता: कावरिया को रा: दुरंड़ ताइकेना।
इस बात को लेकर यहां तरह तरह की चर्चाऐं हैं।	नेआ जगरकोलो: ते नेता: रे रोकोम रोकोम जगर को मेना:।
सजा के ऊपर भी उन्होंने कई बातें नोट की हैं।	सजा चेतन रेओ इनकिन चिमिंनग गे जगर को ओला कदा।
कुछ बड़े नक्सली नेताओं के घर से आपकी चिट्ठी भी	हुड़िंग लेका मरंग नक्सली नेआ कोआ: ओड़ा: ते अबिना: चिठ्ठी सकम।
पुलिस आरोपियों पर नियमानुसार कार्रवाई कर रही है।	पुलिस को आरोपि कोरे नियम होरालेका ते को कमि जदा।
ग्रामीण परिवहन सेवा से बाजार तक पहुँच बढ़ी है।	ग्रामीन परिवहन सेवा नम केआते पिटि जकेग तेबा: रबल जना।
बस्ती के पहले घर दस्तक दी।	हातु रेआ सिदा उतर दुवर को सड़ि केदा।
इन्हें फांसी पर लटकाए जाने की जरूरत है।	इनि हकाइ रेआ: जरूड़ु मेना:।
फिर भी नैनो की खरीद कर रहा है।	सेरेओ नैनो किरिंगो: तना।
इसके लिए स्कूलो ने जागरूकता अभियान चलाया हुआ है।	नेआ मेनते स्कुल कोरे जागरूकता अभियान सेसेना कना।
गोवा पुलिस को भी पक्ष रखने को कहा गया है।	गोआ पुलिस कोगे पक्ष जोगाव रेआ को कजिआकना।
अनिल तो उसे अपनी आँखों पे बिठाकर रखता था।	अनिल इनि इसु दुलाड़ा ते जोगाव जाइ: तइकेना।
विदेश नीति का निजीकरण नहीं हुआ है।	विदेश नीति रेआ: निजिकरण का होबाकना।
जिसके रिसर्च का तरीका ज्यादा वैज्ञानिक हो।	ओकोआ ते दंड़ा रेआ: तरिका वैज्ञानिक होबा:ओअ।
प्रधान को राजनीतिक संरक्षण मिल रहा है।	प्रधान तकिन राजनीति सा: ते देंगा नमो: तना।
इफ्टडा चुनाव में उतरी कल्पना लाज़मी	इफ्टडा चुनाव रे हड़ागु जनाए कल्पना लाजमी।
उसके लिए यह कोई नई बात न थी।	इनि नगेन नेआ नवा जगर दो का तना:।
एक तरह से ओवरफ्रलो हो रहा है।	मोद् लेका ते ओभरफ्लो होबा:ओ तना।
कह कर रमेश थोड़ी देर के लिए रुक गया।	कजि केआते रमेश हुड़िंग कोन हापेन जना।
खेल निधि योजना में राशि जारी	खेल निधि योजना रे टका उड़ूगो होरा।
अलग करने का सोचना भी नहीं चाहिए।	बिनगा रेआ उड़ु: गे का लगातिंगा।
अब लालगढ़ में ज़मीन आसमान से तो आएगी नहीं।	ना लालगढ़ रे सिरमा ते दो ओते का दंग हिजुगोआ।
मामला अभी अदालत में चल रहा है।	मामला निमतंग कचाहरी रे सेसेंन तना।
आज मुझे ताजमहल सपने में दिखा।	तिसिंग आइंग ताजमहल कुमू रे लेल केना।
कार्बनडाइआक्साइड से सांस लेना मुश्किल हो जाता है।	कार्बन डाइऑक्साइड सयद ले रे बलय गेया।
परिवारवाद का आरोप कम ही लगेगा।	परिवारवाद रेआ आरोप हुड़िंग गे होबा:ओआ।
कंप्यूटर को करप्ट कर सकता है माइकल जैक्सन	माइकल जैकसन कंप्यूटर करप्ट दड़िआ।
फिर अंजीर भी सूची मे शामिल हो गयी।	एनाते अंजीर सूची रे जमान जना।
जब बीबीसी ने लोकप्रिय गानों का सर्वे करवाया।	चिलका बीबीसी आनायुम सुगड़ा दुरंड को रेआ ओनोल को रिका ला:।
एक हजार रूपये का जुर्माना भी लगाया।	मिद् हजार टका रेआ डंडे होबा जना।
शिविर का संचालन समाज सेवी आशीष बोस ने किया।	शिविर संचालन आशीष बोस रिका केदा।
मटर के दाने धोकर रख लीजिए	मटर जंग को चपि केआते जोगातम।
अलमारी में सायरा की गुड़ियाँ रखी हुयी थी।	अलमारी रे सायरा गुड़िया जोगाव कन ताइकेना।
रथचरण माने रथ का पहिया।	रथचरण कजि लेरे दो रथ रेआ चक्का।
फेसबुक में अपनी हिस्सेदारी बेचेंगे जुकरबर्ग	फेसबुक रे अया: हिस्सा अंकरिंएया जुकरबर्ग।
उसमें से आधे से ज्यादा रिठेलित हैं।	नेआ कोआ ते आधा ते पुरा: गरंग रिठेलित गेआ।
ऐसे दस्तावेज पीढ़ियों को सबक देते हैं।	नेलेकन दस्तावेज पीढि चेतन पीढि रे सबक ओमेआ।
इन तीनों क्षेत्रों में काफी उन्नत तकनीक की जरूरत है।	ने अपि टयद्‌ कोरे इसु पुरा : तकनीक कोरेआ: जरूड़ु मेना:।
सीसी कैमरे से होगी स्टेशन की निगहबानी	सीसी कैमरा तेगे स्टेशन रेआ: लेलभाल होबा: ओआ।
बाकी सांप तो तब भी सांप ही है।	कजि ले रे दो बिंग दो बिंग गेआय।
मुख्य गर्भ गृह बीच के कक्ष में हैं।	मुल गर्भगृह ताला ओड़ा: मेना:.
परन्तु अलग हुआ तो काला हो गया।	मेनदो बिनगा जन चि हेंदे जना।
लवली आनंद के पुत्र चेतन आनंद	लवली आनंद आ: कोड़ा होन चेतन आनंद।
अरशद से पहले ही बात हो चुकी थी।	अरशद लो: ते सिदा रेगे जगर होबा लेना।
मैं इसे अच्छी तरह जानती हूँ।	आइंग नि: के मजा लेका इतुआना।
स्त्री के असली रूप को सामने लाना होगा।	कुड़ि होड़ो कोआ असल रूप‌ सनमंग रे आगु होबा:ओ अ।
शैख मुहम्मद बिन सालेह अल मुनज्जिद	शैख मोहम्मद साहिल अल मुन्तजिद
उसने लड़के को प्यार भरी नज़रों से देखा।	इनि कोड़ा होन के इसु दुलाड़ा मेद् ते लेल किआ।
सुबह सौ रुपये में ले चलूँगा।	सेता: सौ टका तेंइग इदि मा।
जिसे वो छोड़ नहीं सकता।	ओकोआ इनि का:ए बगे दड़िआ।
वाल्मीकि और मनु ने भी उस ओर संकेत किये हैं।	बाल्मीकि ओड़ो: मनु तकिन एनसा: किन चुंड़ुल केदा।
पूरे देश का माहौल गरम है।	गोटा दिसुम रेआ माहौल लोलो कना।
स्किन पोर्स का कैसे रखें ख्याल	स्किन पोर्स रा: ख्याल चिलका बु जोगाव या।
विश्वविद्यालय में अर्थ और अमिट द्वारा आयोजित	विश्वविद्यालय रे अर्थ अमिट सा ते आयोजन।
कैसे संवरें बर्बाद हो चुकी जिन्दगियां।	चिलका बु समड़व या बगड़व तन लेका जिनिदको।
इस पूरे सफ़र मे आप पाठकों और प्रतिभागियों का भरपूर	ने सोबेन सफर रे अपे पढ़व तनकोआ: ओड़ो: प्रतिभागी कोआ गे देंगा।
अगले एक दशक में युवाओं की आबादी और बढ़ेगी।	अयर मोद् दशक रे दंगाड़ा दंगिडिं होनको को पुरा: गेको संगिओआ।
अनिल कुमार बाहर कार में इंतजार कर रहे हैं।	अनिल कुमार कार रे तांगि तना।
इन बहुओं को हो गया है शाहरुख मेनिया।	ने किमिन को शाहरूख मेनिया नम केद् कोआ।
आमने सामने पहुँचने पर हथगोले का प्रयोग प्रारंभ हो गया।	सनमंग तेबा: केआते ति ते थेरे लेकन बम को एटे: केदा।
इस घटना में उसे चोटें आई हैं।	नेआ घटना रे इनि: टो:आ कना।
स्थिति को नियंत्रित करने के लिये मार्शल बुलाये गये।	स्थिति नियंत्रण नगेन मार्शल रना: होबा जना।
इस मासूमियत के पीछे क्या राज था।	नेलेका सोज रेआ चिना: राज ताइकेना।
वरना ये नेता पूरा देश खा लेंगे।	नेका रेदो ने दिसुम नेता को जोम चाबाया।
आखिर स्लमडाग को ऑस्कर अवार्ड मिला है।	सेरेओ स्लमडॉग ऑस्कर अवॉर्ड तेला केदा।
बस एक बार टीम इंडिया की कप्तानी मिल जाए।	बस मोसा होनांग टीम इंडिया रेआ: कप्तानी नम ले रे।
मैं स्वयं भी बिल्कुरल डरपोक नहीं था।	आइंगो अइंग कांइंग बोरोए तआइकेना।
बॉलीवुड अभिनेत्री दीपिका पादूकोण वैसे तो मुंह से नहीं कह	बॉलीवुड अभिनेत्री दीपिका पादुकोण सेरेओ मोचा तेदो काए कजि ला।
उन्होंने गांधी की तरह मुकाबला नहीं किया।	इनकु गांधी लेका कको मुकाबला केदा।
वह अब बोल पा रही है।	इनि निमतंग जगर दड़िताना।
पाटिल होगे कृषि विश्वविद्यालय के नए कुलपति	पाटिल बइओवा कृषि विश्वविद्यालय रेन नवा कुलपति।
पेट में पानी की कमी रहने से छाले बढ़ते हैं।	लांइ रे दा: हुडिंग जन रे चबका संगिओअ।
किसी तरह टैगोर एकेडमी की तरफ से पहुंच ही गया।	जां लेका ते टैगोर अकैडमी सा: तेबा: जन गेआए।
फिल्म के प्रस्तुतकर्ता पंडित नित्यानंद झा हैं।	फिल्म रेन प्रस्तुतकरता पंडित नित्यानंद झा।
समुद्र तट पर उतरा की भीड़ हैरान	समुद्र तट रे इसु पुरा होड़ो लेल ते दंदा गिड़ि जना।
जबकि असल में वे हीरो नहीं।	मेनदो इनि असल हीरो दो का तनको।
न जाने क्यों मुसलमान ज्यादा बच्चे	इदु चिलका ते मुस्लमान होनको संगि गेआ।
आर्थिक लाभ का मार्ग प्रशस्त होगा।	आर्थिक लाभ रेआ होरा बुगिनोआ:।
हिन्दी पत्रिकाऍं व कुछ अन्य ठिकाने	हिंदी पत्रिका ओड़ो: एटा: टयद्को।
ये सभी ग्रामीण स्तर पर बनाए जाएंगे।	नेआ सोबोना: हातु टोला कोरे बइओ:आ।
तो जवाब मिलेगा कि बिल्कुल रेलमंत्री जैसी हैं।	दो कजि रूड़ा नमो: आ चि इनि रेलमंत्री लेका मेना:इआ।
भारतीय खिलौनों के दीवाने हैं विदेशी	विदेश रेन होड़ो भारत दिसुम रेआ खिलौना इसु सुकुताना।
वे ऐसे सुझाव चुपचाप सुन लेते थे।	इनकु नेलेकन उनुदुब् को हपे हपे आयुमाआ।
अपने देश को एक अन्ना हजारे बचा नहीं सकते हैं।	अबुआ: दिसुम मोयोद् अन्ना हजारे काए: बनचाव दड़िआ।
यह काम आधार कार्ड प्रणाली के जरिए किया जाएगा।	नेआ कमि को आधार कार्ड प्रणाली लेकाते रिका:ओआ।
होली की रंगभरी तैयारियों के साथ	होली रेआ: रंगा पेरे: तैयारी लो: ते।
बिना बोले ही नैन कह देते हैं कहानी प्यार की	बेगर कजि तेओ मेद् रे कजिओवा दुलाड़ा कानि को।
वापस गाँव लौटे तो गणेश जी के दर्शन करने गए।	हातु हिजु: रूआड़ा जन चि गणेश जी दर्शन नगेन सेनो: जना ले।
मेहमान सोशियाडेड को अपने किले की कमजोर चौकसी ले डूबी।	कुपुल सोसियाडेड तकिन आपना: किला रेआ नरा दुरा होरो तेगे डुंबुइ केदा को।
मेरे साथ तो कोई है भी नहीं।	अइंग लो: ते जेताए गे बंकुआ।
मैंने नौ वर्ष पहले जंगल फिल्म बनाई थी।	आइंग नौ सिरमा सिदा जंगल फिल्म बइला।
इस दृष्टि से अखंड भारत आज भी अखंड है।	ने लेका लेल ले रे दो अखंड भारत निमतंग अखंड गे मेना:।
उनकी सनीति एवं सुरुचि नामक दो पत्नियाँ थीं।	इनि:आ सनिति सुरुचि नुतुम किन बरिया कोनेया किन तइकेना।
प्रदेश के बीटीसी व बीएड अभ्यर्थियों के लिए है खुशखबरी।	प्रदेश रेन बीटीसी ओड़ो: बीएड नगेन सुकुआन जगर।
उनके तर्कपूर्ण भाषण से लोग अभिभूत हो गए।	इनिआ: तर्क पूर्ण जगर कोते होड़ोको पंपु गिड़िजना।
उन्हें नील की सफलता का पूरा विश्वास है।	इनकु नील तकिना : दड़िए रेआ: पुरा विश्वास मेना:।
सिंगल सिलेंडर स्पोर्ट्स बाइक पेश करेगी होंडा	सिंगल सिलेंडर स्पोर्ट्स बाइक उड़ुंग या होंडा।
सहारा देकर पीपल के ठूंठ से सटा कर बैठा दिया।	ताड़ि के आते हेसा: दरू जपा रेको दुब केदा।
इस बार आपको ऐसा क्या खास पता चला चला?	निसकन अम ओकोना: खास जगर इतु केदा।
ख़ास करके टेलीविज़न के मामले में।	खास दो टेलीविजन रेआ: मामला रे।
इस लोकरंजक खेल की सही परख	नेआ लोकरंजन इनुंङ रेआ सरते परख।
को संभावना और सांख्यिकीय का ज्ञान होता तो	संभावना ओड़ो: सांख्यिकी रेआ ज्ञान होबा:ओ रेदो।
हाल में उसे शुरु किया गया	निसकन गेको एटे: ला।
ब्रेकर जीना वैश्विक शहर की व्यवस्था दिन	ब्रेकर जीना वैश्विक शहर रेआ व्यवस्था हुलांग।
का सिलसिला शुरु होगा और आप उसे पटा लेंगे।	रेआ: सिलसिला एटे:गोआ ओड़ो: इनि: अम पटाव दाड़िआ।
और इसे करीने से एक सन्दूक में बंद कर दो	ओड़ो: नेआ संबड़व केआते बक्सा रे सांजु तम।
बहुत आभार इस साक्षात्कार को शेयर करने हेतु।	इसु पुरा: जोआर नेआ साक्षात्कार हाटिंग नगेन ते।
जयप्रकाश व लोहिया के प्रबल समर्थक हैं लालू	जयप्रकाश ओड़ो: लोहिया तकिना: इसु नोगो: देंगा तनकिन लालू।
पहली बार दिल ने कुछ सपने बुने	निसकन एनगं अया: कुमु लेल केदा।
सामने डूबता हुआ सूर्य भी दिखाई दे रहा हैं।	सनमंग रे डुंबुइ तन सिंगि लेलो: तना।
दिल्ली में कैंसर इलाज़ के लिए एक और अस्पताल खुला	दिल्ली रे कैंसर रानु रेआ ओड़ो: मोयोद् अस्पताल एटे: जना।
वे दोनों इस दुनिया में अकेले	निकिन बरनकिन ने दुनिया रे किन एसकर गेआ।
यह तो अत्याधुनिक क्लोनिंग की प्रौद्योगिकी	नेआ दो बेसे नवा उतर क्लोनिंग प्रौद्योगिकी।
फिर यह थैली तिजोरी या कैश बॉक्स में रख दें।	ओड़ो: नेआ तैला: तिजोरी कारे दो कैस बाक्सा रे जोगाव तम।
इधर चाको ने चिदंबरम से जवाब शुरू करवा दिया।	हनते चाको तकिन चिदंबरम ते कजि रूड़ा किन एटे: रूड़ा कि:आ।
लेकिन पाटिल परिवार की मुखिया इन दोनों से अलग है।	मेनदो पाटिल परिवार रेन मुखिया निकिन ते बिनगा गेआ।
स्टोरी को कायदे से सुबह चलाया जाना था।	स्टोरी सेता : रेगे होनां लेल रिका ताइकेना।
एक दिन मौत को भी तरस आ गया	मुसिंग हुलांग गोनोयो उड़ु: रे टो:ओ जना।
कितना शानदार और यादगार रहा है हमारा बचपन।	चिमनंग सुगाड़ा ओड़ो दुलाड़ा अबुआ हुड़िंग सोमोय।
चक्की एक तरह से सीमा पर स्थित है।	चक्की मोद् लेका तेदो सिमान रेगे मेना:।
लोभ में व्यक्ति स्वयं फंसता जाता है।	जुमुबड़ी रे होड़ोको फसेओ: गेआ।
उन्होंने मंगलवार को यह घोषणा की।	इनकु मंगर हुलां नेआ रेआ : उदुब केदा।
मिर्च खटाई को स्पर्श तक नहीं करते।	मरचि रे जोजो जकेद् कको चपु रिका या।
उसे कमरे में ही सहारा दे चलाता।	इनि ओड़ा: रे देंगा केआते सेनेआ‌
दोनों में बहुत सारी प्यार भरी बातें होती थीं।	बरनकिन किन रे इसु पुरा दुलाड़ा जगर होबा:ओ तन ताइकेना।
बालों में फूल गुलाब का।	उब रे गुलब् बा।
परसों की ही बात ले लो।	मुसिंग हुलांग रेआ: जगर गे पातिअउ का।
न कोई रशियन है न कोई तुर्की।	जाएं रशियनो बंकु ओड़ो: जांए तुर्की बंकु।
जागरूकता के लिए गीतों की भी की है रचना	एनेयोन नगेन ते दुरंग को रेआ: ओनोल को होबाकना।
पीछे सूरजकुंड है और हम दोनों खड़े मुस्का रहे हैं।	देआ कुड़म रे सूरजकुंड मेना: अर अलिंग तिंगुआकन चिलंग लंदा तना।
प्रयत्न करने पर रास्ता निकल आता है।	खेरकाई ले रे होरा उड़ुंगो: गेआ।
निकाह देखने के बाद पिता का निधन	निकाह लेल केआते अपु बंगा:इ जना।
इस बार योजना आयोग भी मैदान में आ गया।	निसकन योजना आयोग चुनाव रे हाड़ागुन जना।
जो काग्रेस के लिये राजनीतिक जमीन बना रहा हो।	ओकोए कांग्रेस नगेन राजनीतिक होरा बइजदा।
सुबह खाएं ये हेल् दी ब्रेकफास् ट	सेता: जोमे मे पेड़े:आन लोआड़ि।
वे साहित्य को मानवता की सबसे बड़ी पराकाष्ठा कहते थे।	इनकु साहित्य रेआ: मानवता सोबेनाते चेतन को मानातिंग तना।
शायद चूत का दाना रगड़ खा रहा था।	इनि:आ मूल कजि गे छबा उतर तना।
दूसरा फ़ायर करने का अवसर ही न दिया।	बरसा टोटे रेआ मौका गे काए ओम केदा।
रुपये की मजबूती से शेयर बाजार को खतरा	टका रेआ: गोनोंग ते शेयर पिटि रे खतरा।
जीवन की आंच में ज्ञान की धातु सिद्ध करो।	जिनिद् रेआ जुला रे सेंड़ा जिनिसको बाइए मे।
दोनों हाथों से माया बटोरी है।	बरन ति ते माया हांबुद हुडिं केदा।
नाटक के जरिए पेश किया बुराइयों को	नाटक होरा लेका ते लेल रिका जना एद्काना: को।
एक दिन खिचड़ी बनाई तो नमक डालना भूल गया।	मुसिंग लेटे बइ केना दो बुलुंग हेर रिड़िंग केदा।
क्या कहूं? बस इतना ही कि शानदार।	ओड़ो चिना: कजि आ निमुन गे सुगाड़ा।
वह भी विलीन हो गया है।	इनि:ओ अद् उतर जनाए।
उन्हें अपनों का हित देखना है।	इनकु आकोआ भलाई को लेल तना।
इसमें दर्ज़ जानकारियों की सत्यता असँदिग्ध मानी जाती है।	नेआ रे ओला लेकन उनुदुब को का लेका मानातिंगो: तना।
लेकिन यह एक वैज्ञानिक तरीके से होता है।	मेनदो नेआ मोयोद वैज्ञानिक होरा ते रिका तना।
इससे टाटा स्टील का एक्सपोर्ट बढ़ा।	नेआ ते टाटा स्टील रेआ एक्सपोर्ट पुरा: जना।
वहीं किशोरी को भी बरामद कर ली है।	एनता रे दंगिड़ि होन को नम किआ:
आपका हफ़्ता चकाचक शुरू हो इसके लिये शुभकामनायें।	अमा: ने हफ्ता पुरा सुगाड़ा नगेन ते अमके इसु पुरा: शुभकामना।
मौजूदा गतिरोध के मूल में यही वजह थी।	ने सोमोय रेआ: होरा टेनेकद् नेआ गे तआइकेन।
कोई मतदाता गंदगी से प्रभावित होकर वोट नहीं देता।	जेतन मतदाता को एद्कन लेलते कको भोट संजुया।
जिसके कारण प्लांट महंगा दूध खरीद रहा है।	ओकोआ कारण ते प्लांट गोनोंग तोआ: किरिंङ जदा।
इस अद्वितीय महापुरुष में सबको बरबस बाँध लेने की अद्भुत	का लेलो: तन पेड़े: को ने महापुरुष ता रे मेना: एना तेगे तोल जा: कोवाए।
दूसरे दिन ही उनमें होली खेलने का रिवाज है।	इनकु गपा तेरे गे होली इनुंग रेआ: चोलोन मेना:।
ट्रक से कुचलकर दो सगे भाइयों की मौत	बोको बया ट्रक तेकिन तेन गो:ए जना।
इस गांव के गोंड आदिवासियों की एक परंपरा थी।	ने हातु रेन गोंड आदिवासी कोआ: मोयोद् परम्परा तइकेना।
खैर दूसरे दिन हम गये स्कीइंग देखने।	गपा तेरेगे आलिंग स्कीइंग लेल लिंग सेन केना।
बीजेपी में शामिल होने लगे थे।	बीजेपी रेको जमान तन ताइकेना‌।
हत्या का प्रमाण ढूंढती अभी तलक संसद है।	संसद ना: सनते गो:ए रेआ प्रमाण दांड़ा तना।
मिजोरम में कांग्रेस सत्ता में है।	मिजोरम रे कांग्रेस सत्ता रे मेना:इआ।
और फिर अब हजारों साल से याद कर रहे हैं।	ओड़ो: निमंतग हजार सिरमा ते उड़ुअगु तना।
ख़्वाब में आते हैं आने का करते हैं वादा	कुमु रे हिजु: तनाए हिजु रेआ कजि तना।
अब सिर्फ वार्ता करने से कुछ नही होने वाला।	जपागर ते बइरि जेता:ओ का होबा:ओवा।
यह एक तरह का सभ्यता का उन्माद है।	नेआ मियद् सभ्यता रे उन्माद मेना:।
इनसे समाज में भय का माहौल बनता है।	नेआ ते समाज रे बोरोअन रेआ होरा बइ:ओ तना।
मगर सर्वहारा के शासन या एकतन्त्र का अर्थ	कजि लेरेदो सर्वहारा रेआ: शासन कारेदो एकतंत्र रेआ: माने।
कतारबद्व पड़ी लाशों को अपनों को इंतजार था।	गोए:कन होड़ोकोआ: होड़ोमो कुपुलको तांगितना।
मुझे तो गांव वालों ने झूठा फंसा दिया।	आइंग दो हातुरेन को समागेको फंसे किंआ।
पिंजरे पर लिपटे हुए कपड़ों को हटाया।	पिंजरा रे पतेद्आअन लिजा: को फरका केदा्।
मूल बात बसाहट की गोलाकार व्यवस्था है।	मूल कजि दो बसाहट रेआ: गोलाकार व्यवस्था मेना:।
जहाँ ईश्वर को लिखी जाती है पाती	ओकोता: भोगबान गे को ओल कुलिआ सकम।
क्या किसी इस्लामिक देश में ऐसा सम्भव है?	चिलका नेआ जांन इस्लामिक दिसुम रे नेलेका रिका दाड़ि:ओआ?
इससे वह भयंकर शब्द करता हुआ पृथ्वी पर गिर पड़ा।	नेआते इनि बोरोआन गे टुंग लो:ते ओते रे उयु: जना।
लैसिक सर्जरी चश्मे अथवा कॉन्टेक्ट लेंस का अच्छा विकल्प है।	लसिक सर्जरी चश्मा ओड़ो: कांटेक्ट लेंस नगेन मोयोद मजा कजि तना।
यह एक बहुत ही कठिन निर्णय है कि पीसीबी	नेआ मोयोद हबंल नो: गे कनकजि तना: पीसीबी।
सियार की आवाज को यह जनजाति अशुभ मानती है।	ने जनजाति को तुयु रा:आ एरे को मनातिंगा।
जिसे शायद आनेवाला भविष्य स्वयं उजागर करे।	ओकोआ होबा दड़ि:ओआ हिजु: सोमोय गे कजिआ।
नायक को तबतक उसमें कोई दिलचस्पी नहीं होती।	नायक ना:अ सनते इनि रे जान सुकु बनो:।
थोड़ी देर के बाद दरवाजा खुलता।	हुडिगं कोन रे दुआर नि: लेना।
साथ में अपना संक्षिप्त परिचय और फोटों भी भिजवा दें।	एना लो:ते अमा: हुडिंग परिचय ओड़ो: फोटो कुलतम।
उसकी स्थिति जनता के सेवक की होती है।	एनका कजिको जनता कोअ: सेवातनको लो: होबा:ओ गेआ।
गुणवत्तायुक्त शिक्षा उपलब्ध कराने का दायित्व इसी विभाग पर है।	गुण रेआ जगर कोआओ: सेंड़ा को नमो: रेआ कमि नेआ विभाग रेनको नमाकदा।
तब बंबई था अब मुंबई हो गया है।	एन सोमोय रेन बबंई ना: मुम्बई कजिओ:अ।
उनका मकसद इसके साथ सट्टेबाजों को झटका देना भी था।	इनकुआ सनंग सट्टेबाज को डोंडो बइ ताइकेना।
आज नाश्ते में सुजी का हलवा एवं उत्तपम दिया गया।	तिसिंग लोआड़ि रे सुजी रेआ: हलवा ओड़ो: उत्तपम को ओम ला:।
भूटान का राष्ट्रीय खेल कौनसा है।	भूटान रेआ: राष्ट्रीय इनुंग चिना: तना:।
आधुनिकतम सभी संविधानों में इन अधिकारों का समावेश है।	ने सोमोय रे सोबोन संविधान कोरे अधिकार कोरेआ: जोनोटो मेना:।
राहुल गांधी कांग्रेस पार्टी में दूसरे नंबर के नेता हैं।	राहुल गांधी कांग्रेस पार्टी रेन। बरिआ नंबर रेन नेता तनि:।
स्वीकृत किये गये संशोधन के दो प्रस्ताव इस प्रकार हैं	सलाकन बरिया संशोधन रैआ: प्रस्ताव नेलेका मेना:।
जिस अंदाज में मुझे करना चाहिये।	ओकोआ अंदाज रे आइंग कमि लगातिंगा।
मेघ के ताण्डव से त्रस्त प्रकृति	दा: गमा ते बलयओते एंगा।
इसके पीछे चाय की दुकान हुआ करती थी।	नेआ तयोम रे चा दुकान ताइन तन ताइकेना।
पैंसिल से बना है यह चित्र।	नेआ चित्र पेंसिल ते बइआकना।
अबे चाय में चीनी तो दे।	इनि: चा रे चीनी ओमाइपे।
जिसके चलते हमें हजारों वर्षों की गुलामी झेलनी पड़ी।	ओकोनिआ ते चि अबु हजार साल जकेद गुलाम बु तआगकेना।
समाचार पत्र का जन्म इट्ली में हुआ था।	समाचार पत्र रेआ: जोनोम इटली रे होबा लेना।
वी और एक के सहयोग से विश्व समुद्रतट परियोजना	वी ओड़ो: मियद् होड़ो देंगाते विश्व समुद्र तट परियोजना।
के विभिन्न अवसरों पर भी वृक्षों की सजाने की प्राचीन	बिनगा बिनगा अवसर रे मुनू दारु सजाव।
रिलायंस एंटरटेनमेंट भी इसी राह पर है।	रिलायंस एंटरटेनमेंट नेआ होरा रेगे मेना:।
सुराज संकल्प यात्रा को बनाएंगे ऐतिहासिक	सुराज संकल्प यात्रा ऐतिहासिक बइएआ।
दूरदर्शन की पूर्व उपमहानिदेशक जय चंदीराम को लाइफटाइम अचीवमेंट पुरस्कार	दूरदर्शन सिदारेन महानिदेशक जयचंद राम लाइफटाइम अचीवमेंट पुरस्कार नम केदा।
वे भारतेन्दु युग के प्रमुख साहित्यकार थे।	इनि भारतेन्दु रेआ: सिदा ओनोल गोमके ताइकेना।।‌
क्या सीटी स्कैन सुरक्षित एवं पीड़ारहित है?	चि सीटी स्कैन बुगिन ओड़ो: हासु बनो: लेका चि।
बहरहाल हम वापस लौट रहे थे।	सेरेओ अले रूड़ातन ताइकेना।
परंतु यह आज की हकीकत है।	मेनदो नेआ तिसिंग रेआ : सरते कजि।
गांव जहां से आ रहा धान	हातु ओकोता: ते हिजु: तना बाबा।
कश्मीर यूनिवर्सिटी में रविवार को खूब बवाल हुआ।	कश्मीर यूनिवर्सिटी रे रविवार हुलांग पुरा: ककला होबा जना।
इस जे एच के मोड़ पर	ने जे एच के कुनुचाए रे।
स्कूल जाते बच्चों से बाय कर लूं।	स्कूऊ सेनो: तन होनको लो: जगर बेड़ा।
फिर बात काटते मुख्खु मौसा ने	ओड़ो: उब लटब् तनलो: मुख्खु मौसा।
आज हाथी बसपा और साइकिल सपा का चुनाव चिन्ह है।	तिसिंग हाती बसपा ओड़ो: साइकिल सपा रेआ चुनाव चिना: तना।
विकास के लिए उपयुक्त वातावरण का निर्माण	विकास नगेन उपयुक्त वातावरण रेआ बनइ।
तो संविधान में फिर फेरबदल होगा।	ओड़ो मिसा संविधान रे फेरबदल होबा: ओआ।
तालाबों व पोखरों का संरक्षण किया जाएगा।	तालाब ओड़ो: बंदा कोआ संरक्षण होबा:ओआ।
ये दोनों हमारे बुजुर्ग़ साउथाल के सबसे पुराने पंजाबी हैं।	निकिन बरनकिन आबुआ: पुरना हड़मकिन साउथाल रेन पुरना पंजाबी किन।
इससे वास्तुदोषों से रक्षा होती है।	नेआ ते वास्तुदोष कोते बंचाव दड़िआ।
यह घर पांच मंजि़ल की है।	नेआ ओड़ा: मोड़ेआ मंजिल रेआ: तना:।
हम सब प्रवासी बटा अप्रवासी हैं।	अबच सोबेन को प्रवासी बटा अप्रवासी बु मेना: बुआ।
अनुज बिदवे की याद में छात्रवृत्ति	अनुज बिदवे किना: उड़ु: रे छात्रवृत्ति।
कार्यक्रम का प्रारम्भ अतिथियों के स्वागत के साथ हुआ।	कार्यक्रम रेआ एटे: कुपुल कोआ: दरोम लो: एटे: लेना।
क्योकि ये ओछी वोट की राजनीति है	चिलका ते चि नेआ एद्कन वोट रेआ: राजनीति तना:।
कॉल गर्ल्स के जरिए होती थी फिक्सिंग	काॅल गर्ल्स को सा‌ ते होबा तन ताइकेना फिक्सिंग।
कलीम इस दुनिया में नहीं है।	कलीम गोए: जना।
रेखा को इसी घड़ी का इंतजार था।	रेखा ने सोमोय रेआ तंगि तन तइकेना।
बहता हुआ जल ही सराहा जाता रहा है।	लिंगि तन दा: मनतिंगोआ:।
यह सर्वविदित है कि हमारी उच्चशिक्षा का स्तर गिरा है।	नेआ सरते जगर चि अबुआ चेतन रेआ पढ़व रेआ स्तर उयु: तना।
बच्चों की फीस माफ कराने स्कूल दौड़े जाते।	होन कोआ: फीस माफ नगेन ते स्कूल निरो: आ।
कुछ धंधली दिखाई दे रही है?	हुड़िंग लेका कुआसी गे लेलो: तना।
सीबीआई को गुलामी से मुक्त किया जाए	सीबीआई को गुलामी ते रड़ा लगातिंगा।
मुख्य मतभेद दो तरह के वर्गों में है।	मूल मतभेद बरन सा: ते मेना:।
एक माफ़ीनाम नए कबाड़ी मनोज पटेल से	मोयोद माफीनामा नवा कबाड़ी मनोज पटेल सा: ते।
बात उत्सवों के प्रतीक चिन्हों की है।	कजि दो परब को रेआ चिना कोआ: तना।
उसके आह्वान पर शायद नजरिया बदले और सक्रियता बढ़े।	इनि:आ आह्वान ते जा: लेल रेआ: होरा बदलीओअ ओड़ो: कमि जोर नोगो:अ।
बस अपने काम में लगा रहा।	अया: कमि रेगे आचुआकन ताइकेना।
क्षेत्र में डेढ़ फुट तक बर्फबारी हुई है।	एनसा डेढ़ फुट हमि: बर्फ उयु: लेना।
मैं जब भी ठोकरें खाता हुँ नया मुकाम मिलता है	चिमतंग गे टेसा:ओ नाइंग इमतंग नवा होरा नमोगा।
बुद्धपुरुष का तुमने क्या अर्थ ले लिया है?	बुद्ध पुरूष अम चना: बुजव जनम।
उन अधिकारों के सामने वोट कोई चीज़ नहीं।	एन अधिकार को सनमनग रे वोट जेताना बनो:।
इसके पीछे ठोस राजनैतिक कारण भी थे।	नेआ रे ठोस राजनीति कजि ओड़ो: कारण को मेना
चुनावो की जानकारी देगा गूगल का पोर्टल	चुनाव रेआको उदुबेआ गुगल रेआ: पोर्टल।
लेकिन भगवान सब अच्छा कर देंगे।	भोगबान सोबेना बइ रूड़ा या।
जिसको हम जान कर समझ कर	ओ‌कोए लेल रूम केआते।
कुछ पत्थर हम पर फ़ेंक गए	हुडिंग दिरि अले सा: थेर ला:को।
बड़ा दम है इसकी आवाज़ में।	इसु सुगाड़ा दुरांगा।
आखिरकार बीते रविवार को पुलिस को इसकी जानकारी दी गई।	सेरेओ परोम जन रविवार हुलांग नेआ कजि पुलिस को उदुब कि:आ।
इतने में उसने पानी छोड़ दिया।	निमनंग रेगे इनि: दा: अड़ा: केदा।
पीड़िता चाहती है कि दोषियों को सजा मिले।	पीड़िता सनंग जा:इआ चि दोषी को दंडे नमे काको।
उनका बाल भी बाँका नहीं हुआ है।	इनि:आ जाना:ओ का बगड़व जना।
फ़्लावरी ऑरेंज पिको भी दो तरह की होती है।	फ्लावरी ऑरेंज पीको बरिया लेका ताइना।
का प्रयोग करके सिकोड़ें करने का प्रयास करें या	नेआ रेआ प्रयोग केआते लाटुम रेआ कमि मे।
जैसी भी हूँ तेरी बाबा जैसी भी हूँ तेरी~~~	जा लेका रेओ अमा : लेका गे बाबा।
पूछो न मुझसे कि क्यों खड़ा दरो दीवार पर	आलोम कुलि आ चिना: मेनते तिंगुआ कनाइंग अमा पचरि ता:।
मूट के दौरान किया हर एक काम	मूट सोमोय गे सोबेना‌ कमि केदाइंग।
रसेल ग्रांट ने बेहद वजन बढ़ा लिया था।	रसेल ग्रांट बेसे मोटो जाना।
हम सब वास्तव में आत्मा हैं।	अइंग असल रे दो बोगां।
वह मुझे कुतरने के बाद उस पर जा चढ़ेगा।	इनि: आइंग गेर केआते एना रे देएगा।
आंखें मिलीं दुनिया की नियामत मिल गई।	मेद् नम केआते दुनिया रेआ सोबेना : नम केदांइग।
साथ ही इसमें ब्लूटूथ फीचर भी एड किया जाएगा।	नेआ रे ब्लूटूथ फीचर को जोड़ेआ।
एकाएक मुन्नी उधर से जा निकली।	एनजा: लो: गे मुन्नी एनसा: ते उड़ुंग लेना।
भाई तुम साईन करते हो या नहीँ	दादा अम सहि यम चि का।
कांग्रेस को आतंकवादियों की चिंता सता रही है।	कांग्रेस आंतकवादी कोआ उड़ु केआते बलय कना।
मकैनिक से कार की जांच जरूर करवाएं।	कार रेआ जांच नगेन मैकेनिक ता‌ इदि लगातिंगा।
सब बढ़िया तरीके से चल रहा था।	सोबेना मजा सेसन तना।
इसलिए यह मामला अदालत में विचाराधीन है।	नेआ मेनते ने मामला अदालत रे उड़ु नगेन मेनागा।
पूरे कार्यक्रम में कहीं कोई कल्पनाशीलता नहीं थी।	नेआ कार्यक्रम रे सोबेना बेगर उड़ु:केआते ताइकेना।
तस्वीरों में देखते हैं दोनों फिल्मों की कहानी।	फोटो रे लेलो:आ फिल्म रेआ: कानि।
पुरूष और स्त्री दोनों की एक्पेक्टेशंस काफी बढ़ गयी है।	कुड़ि ओड़ो: कोड़ा बरनकिना: जरूड़ुको ला: इदिओतना।
तू देख मैं अभी सिगरेट खरीद कर लाता हूं।	कम लेलेमे अइंग ना: सिगरेट किरिंग केआते आगुया।
वे हंसें तो उसकी आवाज भीतर तक जा सकती थी।	इनकु लंदा केदा दो इनकु बितर जकेद् ककला अयुम दड़िओअ।
एक रात वह फिर यात्रा पर निकल पड़ी।	मुसिंग निदा इनि: ओड़ो: सेन केदा।
कक्षाओं ग्यारहवीं और बारहवीं के लिए द्वितीय अवधि यूनिट टेस्ट	कक्षा 11वीं 12वीं नगेन बरपाली यूनिट टेस्ट।
कोई डिस्टर्ब करने वाला तो न होगा वहां।	जेताए बाधा ओमको बंकुआ एनता: रे।
लेकिन अमरीन और लोकेश अलग होने को तैयार नहीं थे।	मेनदो अमरीन ओड़ो लोकेश बिनगन रेआ: ककिन तेआरेन जना।
यह आकार में साधारण अल्सर से बड़े होते हैं।	नेआ रेआ मरङ साधारण अल्सर ते मरंङ ताइना।
बीमार माँ कि दवा के सपने	रोगतन एंगा रानच रिका रेआ: ऊड़ु:
अन्य भाषाओं की जानकारी अच्छी बात है।	एटा जगर कोरेआ: इनितु लगातिनगा।
मैं पंजाब सरकार से रिटायर्ड इंजीनियर हूं।	अइंग पंजाब सरकार आते रिटायर्ड इंजीनियर मेनाइंग।
स्टॉक छवि & स्टॉक फोटोग्राफ़ी सूत्रों का कहना है	स्टॉक छवि ओड़ो: स्टॉक फोटोग्राफी सूत्र कोआ: कजि तना:।
नकली पुलिस बन घूमता एक युवक दबोचा	नकली पुलिस बाइअकन कोड़ा को सबकिआ।
मुझे नहीं लगता जरूरत पड़ने वाली है।	आइंग नेलेका कांइग टोर जदा चि जरूड़ु होबा:ओआ।
सात सौ रुपये प्रति किलो पर पहुंचा मैंगो स्टीम	सात सौ टका मिद किलो रे तेबा: जना मैंगो स्टीम।
देर शाम तक कई दुकानें खुल गयी थीं।	निदा जकेद चिमनंग दुकानको नि: ताइकेना।
उन्हें उसी तरह से ढालना होगा।	इनकु एन लेका गे ताइन होबा:ओआ।
संप्रेषण की दक्षता ऊँचे स्तर की।	संप्रेषण रेआ दक्षता चेतन उतर रेआ:।
पूरे मसले को एक और उदाहरण से समझ सकते हैं।	गोटा कजिको ओड़ो मोयोद् उदाहरण तेबु बुजाउ दड़िआ।
ऑटो ऋण पर ब्याज दरें कम	आॅटो ऋण रे ब्याज रेआ गोनोंग हुड़िंग।
चूड़ा राखी भाभियों की चूड़ियों में बाँधी जाती है।	चूड़ा राखी बु कोआ: सकम रे को तोलेआ।
हमारी इन इन्द्रियों को अश्वों की उपमा दी गई है।	अबुआ ने इन्द्र को अश्र्वकोआ उपमा ओमाकदा को।
मंगलवार सुबह बच्चे का शव जंगल में मिला।	मंगलवार हुलंग सेता: बिर रे गोएआकन होन को नम जना।
न तो समष्टि है और न व्यक्ति है।	समष्टि कागे होड़ोओ का गे।
भगवान् उनकी आत्मा को शान्ति प्रदान करे।	सिंग बोंगा इनि:आ आत्मा शांति का।
प्रदर्शनी का उद्घाटन रामगढ़ जिप उपाध्यक्ष	प्रदर्शनी रेआ: उद्घाटन रामगढ़ जिप उपाध्यक्ष।
उसे टिल्लू की आवाज फिर सुनाई दी।	इनि: टिललु सड़ि ओड़ो: आयुम केदा।
पर जब अपन अपना घर नहीं संभाल पा रहे।	मेनदो अइंग अइंगा: ओड़: दो कांइंग संमबड़व दड़ितना।
तो वो गुस् सा तेरे ऊपर उतार देगी।	तोबे इनि: अया: किसिं अमरे हड़ागुया।
चेहरे पर भारतीय प्रभाव दिखाई दे रहा था।	मेदमुड़ा रे भारत रेआ प्रभाव लेलो: तन ताइकेना।
तब तुम छायाओं के पीछे भाग रहे हो।	एन सोमोय अम उम्बुल तयोम ते निर तन तइकेना।
एमआईएम विधायक कादरी के खिलाफ जांच आदेश	एमआईएम विधायक कादरी रेआ विरोध रे जाच रेआ: आदेश ओम केदा।
लादेन को अमेरिका अब भी खोज नहीं पाया है।	अमेरिका ना: जकेद तादेन काए: दड़ा दड़िया तना।
शिक्षा पूरी कर वे उसी स्कूल में शिक्षक बन गए।	पढ़ाव चबाकेआते मास्टार बआइन जना।
कह रसूल भारतवासी से यही बात समुझाई	कजिकेयाते रसूल भारत रे ताइनतन को एना गे बुजाव जा: कोआ।
प्रक्रिया के तहत हेटरोडाइन रंग अपने आप को	प्रक्रिया होरा ते हेटरोडाइन रंगा केना।
अल्क़ाबों की ऊँची पुकारें सुनाई देने लगीं।	अल्काबा: चेतन ककला‌‌ आयुम जना।
तुलसी ने गीता को अपना मार्गदर्शक बनाया है।	तुलसी दुरंगको अएया होरा उनुदुब बाइ तदा।
वे दक्षिणपंथी रूझान वाले समाजवादी वैचारिकी के ताउम्र पैराकार रहे।	दक्षिणपंथी रुझान रेआ: समाजवादी वैचारिकी ताउम्र पैराकार ताइकेना।
जड पर कुल्हाडी पडती तो पूरा पेड थर्रा जाता।	रेद् रे कुल्लाम ते मा:आ ले रे गोटा दारू एकला:ओआ।
सब काम उलटे करने लगता है।	सोबेन कमि उलटा गे रिक या।
तो सीमा के उस पार चलो सभ्यता जहाँ कुचली जाती।।	दो सीमान एनसा परोम दोला ओकाता: संसकिर आदो:तना।
रिपोर्टर का एलान सुनकर तमाशबीन परेशान हैं।	रिपोर्टर: ककला आयुम केआते लेलतनको बलु जना।
विस्तृत चर्चा मे निगेटिवीटी ही सामने आयेगी	जिलिञ नो: जगर ले रे का जगर कोगे नमो:आ।
अभी तक जिले में शांति बनी हुई है।	ना: जकेद जिला रे शान्ति गे मेना:।
तो फिर यीशु का क्या मतलब है?	दो ओड़ओ यीशुअ: चिना: मने।
देश का विभाजन उन दोनो की वजह से हुआ था।	दिसुम रेआ: हाटिङ इनकुआ: जलाते होबा लेना।
प्रणयकांत बुत बने हुए उसके पास खड़े थे।	प्रणयकांत मुरती लेका जपा: तिंगुन‌ जना।
पाक कला केले खट्टे क्रीम रोटी	पाक कला कदल जोजो क्रीम लद्।
उन्होंने कहा भीड़ तो मैं भी जुटा लेती हूं।	इनि: मेन चि होड़ोको जमा दड़िआ।
भरत ने माता का चरण स्पर्श किया।	भारत एंगा: काटा चपु किआ:।
और दोनों ही ललित मोदी की नींद उड़ाए हुए हैं।	बरनकिन ललित मोदी तकिना: दुड़ुम अरकिद् केदा।
वे बड़े प्रेम से सुशीला से बरतते थे।	इनि: सुशीला लो इसु दुलाड़ा ते जगर आ।
रूप स्वयं अपनी शब्द शक्ति से धारण करता है।	गुण अपन तेगे टुंग पेड़े: नमा।
ऐसे भी पाकिस्तान कहता तो यही है।	सेरेओ नेआ पाकिस्तान कजि गेआ।
इससे आरक्षित श्रेणियों के लिए उपलब्ध रोजगार प्रभावित होंगे।	नेआकोते आरक्षण रेन टयद् को सोकबोआ।
गीता के अठारह अध्यायों का सार	गीता रेन अठारह पाठ रेआ: सार।
इसे बाँट दूंगी तो मेरे पास बचेगा ही क्या?	नेआ हाटिञं केरे आइञ ता: रे जेताओ का सरेगोआ।
साहित्य में अभी उस ओर लोग सोच रहे हैं।	साहित्य रे ना: एनसा को उड़ुगो: तना।
सुनते हैं आप विवादों में रहना पसंद करते हैं?	आयुम तदाइञ चि विवाद रे ताइन सुकुमा।
ब्रिटिश सरकार ने दोहरी नीति अपनाई।	बिरटिश सरकार दोहरी नीति आउ केदा।
वो अदाओं से मारते हैं पर	इनि: अया: अदा ते बालु जा: कोआ:।
मंगलवार को पुलिस ने परिजन के बयान लिए।	मागार हुलांग पुलिस को कुपुल कोआ: बयान को अउ केदा।
होगा जो विद्यार्थी के अध्ययन में सहायता कर रहा है।	जाएं दो मेना:इ गेआ चि पढ़ाव होनको देंगा तनि:।
दिल्ली में गुरूजी को हर तरह से सत्ताया गया।	दिल्ली रे गुरू तकिन सोबेन लेका ते बलाए के:ए किना।
और एक प्रकार की शिथिलता जान पड़ने लगती है।	ओड़ोः मोयोद मोद् बरन रेआ: अड़िसा को टोरो: ओ तना।
नेहरू के मातहत भारत का यह विरोधाभास था।	नेहरू तकिना उड़ु ते भारत रेआ एद्कन उड़ु: को ताइकेना।
मैडम अगर में जानता होता।	मैडम जदि नेआ इतुआन ताइन रेदो।
गरीबों के साथ अत्याचार देखकर भी गुस्सा आता है।	रेंगे: होड़ो कोलो: अत्याचार लेल के रे जि रे किसिं गे हिजुः तना।
ऎसा भी नहीं है कि इसका विकल्प ही नहीं हो।	नेकाओ कागे चि नेआ रा: जान एटा: उपाएओ बनो:।
फिलहाल एक धार्मिक मिशन से जुड़ी हुई है।	निमिर मियद् धोरोम कोरोम रेआ: मिशन रे जोटो: कना।
मिटा दीजिए अपने प्रोफ़ाइल से अपनी ईमानदारी की तारीफ़।	मेटाव तम अमा: प्रोफाइल ते अमा: इमानदारी रेआ: तारीफको।
स्टूडेंट्स पर ट्रैफिक पुलिस की खास नजर	पढ़ाव होनकोरे पुलिस कोआ: लेनेल।
खुफिया कैमरे में उनकी दुकानदारों से ये बातचीत कैद हुई।	खुफिया कैमरा रे ने दुकानदार कोआ: जपागर संजच जना।
उसे पुलिस ने फर्जी मामले में गिरफ्तार किया है।	इनि: पुलिस को उपाए: मामला रे को सब किआ।
यही इनका महत्व है और सांस्कृतिक कार्य भी।	नेआगे निकुआ: मनातिंग माइन मेना: ओड़ो: संसकिर कमि रेआ:।
जो सौ बरस तक मूसलाधार बरसते हैं।	ओकोए सौ सिरमा हमि: पुरा: दा: गमा जदा।
वह बच्चों और युवाओं के साथ काम करने के लिए	इनि: होनको ओड़ो: दंगिड़ि कोलो: कमि नगेन मेना:इ।
अब उनका सामना जापान के तत्सुमा इतो से होगा।	ना: इनिगा : गोपोए: जापान रे तत्सुमा इतो लो होबा:ओअ।
टेलीविजन ने समाज का मिजाज बदला है।	टेलिविजन ते समाज रेआ: मिजाज को बदलि जना।
महान हिंदू धर्म यह तो कतई नहीं कहता।	मरंग हिन्दू धर्म नेआदो चिउलाओ काए: कजिआ।
आवश्यक हुआ तो सार्वजनिक उद्बोधन करना भी संभव होना चाहिए।	जरूड़ु रेदो सार्वजनिक उद्बोधन लगातिंगा।
त्यागपत्र दो या नहीं तुम्हारी मर्जी।	त्यागपत्र ओमेआम चि का एना अमा: उड़ु:।
महावीर ने शादी कर ली तो बौखला गए।	महावीर अड़ांदि जना दो होड़ो:को खदराव जना।
नई कविता प्रयोगशील कविता का ही विकास हइ।	नवा कविताको प्रयोगशील कविता को रेआ उबर तना:।
अनिल का बयान और नाना की बेकरारी	अनिला: बयान ओड़़ओ: नाना आ: अकलबकल।
तभी देखा की आगे सड़क बंद है।	तोबे ले लेल ला: चि अयर होरा केसेदा कना।
वह आधे डब्ल्यू के आकार में बैठी थी।	इनि आधा डब्लयू आकार रे दुबाकन तइकेना।
यहां के आवोहवा पर्यटकों के लिए मुफीद साबित होगी।	नेता रेआ: होयो होनोर होड़ोको मेनते एटा: होड़ोको मेनते बुगिन मेना:।
विवाह पर्याप्त है शंका के लिए।	अड़ांदि ठीक गेआ शंका नगेन ते।
अब वो नया मोबाइल ख़रीदेंगे ना।	ना: इनि: नवा मोबाइल किरिंगया।
वे कहते हैं एक ईस्ट इंडिया कम्पनी ने	इनकु मेन केदा चि मोयोद इस्ट इंडिया कम्पनी।
विवाहिता को हायर सैंटर रैफर किया गया।	अड़ांदिआकन कुड़ि को हायर सेंटर इदि किआ:को।
मगर इन सबका मुखिया कौन हैं।	मेनदो दो निकुआ: मुल ओकोए।
लेकिन मन को राहत न मिली।	मेनदो जि रे सुकु का नम जना।।
पूछताछ के बाद उसने कुछ अन्य युवकों का नाम बताया।	कुनुलि रे एटा: दंगाड़ा कोआ: लुतुम अओ उदुब केना।
ये सवाल आपकी अपनी खुशियों का है	नेआ कुनुलि अमा: रसिका रेआ: तना:।
जैन श्वेतांबर मंदिर ट्रस्ट वर्षभर यहां कार्यक्रम आयोजित करता है।	जैन श्वेतांबर मंदिर ट्रस्ट गोटा सिरमा नेता: रे कार्यक्रम सेसेन तन गेआ।
ख़ुली है शहर में दुकां पत्थरों की।	शहर रे दिरि दुकान को नि:कना‌
प्रतिपाद्य तत्व तो स्वतः सिद्ध पदार्थ है।	प्रतिपाद्ध तत्व दो अए: गे सिध्द कना पदार्थ मेनागा।
एक मामूली सी घटना ने क्या गुल खिलाया।	मियद हुड़िंग लेकन कमि चिलका कमि को रिका केदा।
हालांकि इसमें गद्य और पद्य दोनों में लिखा गया है।	नेआ रे गद्य ओड़ो: पद्य बरन लेकाते ओलाकना।
ले खिचड़ी भाषा की डिग्री के साथ सामरिक	इनि: खिचड़ी भाषा रेआ डिग्री लो:ते सामरिक।
अपने बाबा की तरह रोज़ाना भारतीय शास्त्रीय संगीत का	इनि: बाबा लेका जनाव भारतीय शास्त्रीय संगीत रेआ:।
कई पावर हाउस इससे प्रभावित हुये हैं।	चिमंग गे पावर हाउस नेआते प्रभावित कना।
सूची पर कांग्रेस उपाध्यक्ष राहुल गांधी भी विचार करेंगे।	सूची रे कांग्रेस उपाध्यक्ष राहुल गांधी उड़ु:या।
एक आँसू की पतली धार उसके आँखों से बह चली।	मेद् दा जोरो इदि जना।
इनमें कहीं घालमेल दिखाई नहीं देता।	नेआ रे जाआन धालमेल का लेलो: तना।
फिर तो डिलेड इनडेफिनेटली लिख कर आ गया।	सेरेओ डिलेड इनडेफिनेटली ओल‌ केआते हिजु: जना।
आयकर अधिकारियों ने शुक्रवार को उसका बयान दर्ज किया।	आयकर अधिकारी तको शुक्रवार हुलांग इनि:अ बयान अगु केदा।
कारोबार में रुचि कम ही बन पाएगी।	कारोबार कोरे सुकु कोम का कोमो: तना।
चारों नाजिम व डिप्टी नाजिम मुसलमान थे।	इनकु चार जन नाजिम ओड़ो: डिप्टी नाजिम तुडकु को तनकु।
नाम लो तो अनन्य भाव से लो।	नुतुम अगु रेदो अनन्य भाव लेका ते अगुए मे।
ट्रांसफर के बावजूद बिलासपुर नहीं चाहते हैं अनूप कुमार।	ट्रांसफर होबाजनरेओ बिलासपुर सेनो: का मोने जाइ:अ अनुप कुमार।
और आर्थिक स्थिति संभलने लगी।	ओड़ो: टका पौसा ठीक इदि जना।
इस बार तो इलाके की मुस्लिम जनता को भी भड़काया।	निसकन ने तुडकु को खैरव रिका केए कोआ।
कई दुकानदार अपनी दुकानों से खिसक लिये।	इसु पुरा: दुकानदार तको दुकान ते को उड़ुंग जना।
शिखर से चारों ओर का नजारा अद्भुत था।	शिखर ते सोबेन सा: रेआ: लेनेल इसु सुगाड़ा लेलो: तना।
धन वैभव का उपयोग भी त्यागभाव से ही कर।	धन वैभव रेआ: उपयोग त्यागभाव ते होबा:ओ तना।
बदलाव को रोका नहीं जा सकता।	बदली कबु रोकाव दड़िआ।
मौसम मुंह के भीतर का सुहाना होता है।	मौसम मोचा बितर रेआ मजा ताइना।
स्त्री को आप क्या जानते हैं?	कुड़ि अम चिना: इतुआना।
ये तीनों मजदूर झारखंड और उत्तरप्रदेश के रहने वाले थे।	निकि अपिया कमितनको झारखंड ओड़ो: उत्तर प्रदेश रेन कु।
आपका अपना सपना आप ही जानें।	अम अमा: कुमु गे लेल लेम।
स्वामी जी के दर्शन के लिए इतना धन देना होगा।	स्वामी जी लेल नगेन पैसा ओम होबा:ओआ।
लेकिन दुनिया ऐसे नहीं चलती है साहब।	मेनदो सायोब दुनिया नेका सेसेना।
इसका रिजल्ट वो बाद में फोन से बताएंगे।	नेआ रेआ: रिजल्ट तयोम ते फोन ते उदुबया।
मैं उनसे दो बार ही मिला हूँ।	अइंग इनि: लो बरसा गे भेंट कनाइगं।
अपनी मां को भी बहुत प्यार करते थे।	अया एंगा केओ जुदा दुलाड़ा।
यह सभी श्रेणी के करदाताओं के लिए लागू होगी।	नेआ सोबेन श्रेणी रेन करदाता कोरे टोगो:आ।
और नहीं भी होती है देह।	ओड़ो: होड़ोमो का ताइना
तुम नहीं और अगहन की ठंडी रात।	अम बंगमेआ ओड़ो: ने अगहन रेआ रबंग।
उनके नीचे के कई अधिकारी बदल गये।	इनि: ते लतर रेन इसु पुरा: सायोब को बलली जना।
वह चाहे जो भी संदेश दे।	इनि: जाना: जगर कजि रेओ।
और त्वचा की सतह पर गंभीर	ओड़ो: ऊर रे टोओ जना।
मौर्य सम्राट अशोक ने इस क्षेत्र को विकसित किया।	मौर्य सम्राट अशोक तकिन नेआ क्षेत्र बाइ केदा।
हमारे घर में एक ड्राइंग रूम और दो बेडरूम थे।	आबुअ: ओड़ा: रे मोयोद् ड्राइंग रूम ओड़ो: बरिया बेडरूम ताइकेना।
इस प्रलोभन को वह न रोक सका।	नेआ‌ हाया इनि: काए बगे दड़िजाना।
एसा सोचने की उन्हें फुरसत भी नहि थी।	नेका उड़ु रेआ इनि ता: फुरसाइत का ताइकेना।
यह संविधान के नजरिये से भी सीरियस मैटर है।	नेआ संविधान हिसब ते सीरियस जगर तना:।
तो फिर इस सद्बुधी का इस्तेमाल हिन्दुस्तान में क्यों?	मेनदो नेलेकन सेड़ान जगर रेआ कमि हिंदुस्तान रे चना: मेनते।
खेती करने के लिए उपयुक्त है।	चासा नगेन इसु सुगाड़ा मेना:।
वे भी झोपड़ी छोड़कर हमारे घर आ गए थे।	इनि: अया: ओड़ा: बगेकेआते अले ओड़ा: हिजु: जना।
इस गोलीबारी में कोई हताहत नहीं हुआ।	नेआ गोलीबारी रे जाएं कको टो:ओ: जना।
विश्वनाथ चतुर्वेदी का कहा सही निकला।	विश्वनाथ चतुर्वेदी आ: कजि सरते जना।
इन्हें बिठा कर मकान में ताला लगा देना।	निकु दुब केआते ओड़ा ताला तुकाएमे।
राजेश चेतन मूलतः राष्ट्रीय चेतना के कवि हैं।	राजेश चेतन मूल राष्ट्र चेतना रेआ कवि तनि:।
इससे उसकी स्वतंत्रता में बढोत्तरी हुयी है।	नेआ ते इनिअ: स्वतंत्रता ला: जना।
मोहन को ही सबकुछ समझती थीं	इनि मोहन गे सोबेना कजि ला:ए।
शुरूआत की तीन लाख लोगों से जुड़े पर्यटन व्यवसाय से।	एटेः रे अपिया लाख होड़ो को जुटन जना पर्यटन व्यवसाय ते।
रहें हैं। जीवन के गुप्त	जीवोन रेगे उकुकाना।
ऐसे समय भीलों ने इनकी बहुत सहायता की।	नेकन समय रे भील होड़ो को बेसे देंगा केना।
एक बंगाल में और दूसरा आंध्रप्रदेश में।	मियद बंगाल रे ओड़ो; मियद आंध्र प्रदेश रे।
ये शहर व्यापारिक गतिविधियों का भी सबसे बड़ा केंद्र था।	नेआ शहर व्यापार कमि कोरे सोबेना ते मरङ टयद् मेना।
पापा दो साल तक अस्पताल में थे।	आबा बरिया सिरमा अस्पताल रे ताइकेना।
भुगतान में चूक होने पर नकदी निधि की हानि	पैसा का ओम छबा ले रे नकद टका रे धटि होबा:ओआ।
मुझे नभ के पार है उड़ जाना	अइञ अपिर मोने जाइ:ञा।
आर्थिक रूप से समसुद्दीन चौबे पर भारी था।	टाका पैसा ते समसुद्धीन चौबे ते अयर गेआ।
जीत और वन्त कौर उसे प्रेम चाचा कहकर बुलाती थीं।	जीत ओड़ो: वन्त कौर इनि: दुलाड़ा ते हुड़िंग आबा कजि‌ तन तइकेना।
सुदूर गांवों में भी तीन मंजिले भवन बन गये हैं।	संगिन हातु रे आपिया तल्ला ओड़ा: बइआकाना।
इस किताब में हलाल और हराम की बातें नहीं हैं।	नेआ कितब रे हलाल ओड़ो: हराम लेकन जगर को बनो:.
तू अपना बड़ा बेटा मुझे दे दे।	अम अमा: मरङ कोड़ा होन अइंग ओमाइंग मे।
अंग्रेजी से हमारे लिए दुनिया के दरवाजे खुलते हैं।	अरेंगजी जगर होरा ते दुनिया रेआ दुअवर को निगो: आ।
रामदास अधिकांशतः थाने में मुंशी का ही काम करने लगा।	रामदास पुरआ: दो‌ थाना रे मुंशी कमि कमि तन ताइकेना।
जो जख्म दीखते नहीं उन पर मरहम लगाना कैसा?	ओकोआ: टो:ओ को का लेलोआ एना रे रानु चिलका रानु यम।
इसके बाद पुलिस उन्हें वापस लेकर चली गई।	एनाते पुलिस इनकु इदि रूड़ा के: कोआ।
अर्थात ज्यादा कीमत देकर घटिया माल भारत को टिका दो।	माने दो नेका चि जान लेकन जिनिस को ओम केआते कमि उड़ुंग।
अतिउत्साह और अतार्किक प्रयासों से बचें।	इसु रसिका ओड़ो: बेगर उड़ु: केते जगर आलो जगारेआ।
अब वह जब भी मिलती नागेंद्र के पैर जरूर छूती।	ना : दो ओकोन सोमोय‌ भेटेन नाए एमतंग गे काटा चपु या:ए
गरम करने से आप इन्कार करते हैं।	लोलो नगेन अम मनातिंग केदा।
जनता की मासूमियत और अबोधपन का फायदा	जनता कोआ: सोज जगर कोआ: फायदा।
मैं अपनी ड्यूटी कर रहा हूँ।	अइंअ अपाना: कमि तनाइंग।
इसके बाद उन्होंने महापौर के पांव छूकर आशीर्वाद लिया।	एनाते इनि महापौर तकिना: कटा सब केआते जोआर कि:आ।
इसके अंतर्गत अस्थि तथा कार्टिलेज आते हैं।	नेआ बितर रे जंग ओड़ो: जिलुको मेना:।
वे अनिद्रा के भी शिकार थे।	इनि दुड़ुम का:ए दड़ितश ताइकेना।
यहां क्या हुआ आप सभी जानते है।	नेता चना: होबा लेना आमो इतुआनाम।
वहाँ फर्टिलाइजर और दूसरे प्रकार के कारखाने नहीं हैं।	एनता: रे फर्टिलाइजर ओड़ो: एटा: रोकोम रेआ: कारखाना को बनो:।
एक प्रकार से इन्हे उप प्रबन्धक माना जा सकता है।	नेलेकाते इनि: उप प्रबंधक बु मनातिंग दड़िआ।
अजी दिल बहलाने की बात क् यों करते हो।	अते कजि पसे रेआ को चना: मेनते जगरम।
नई बात सिर्फ ब्लागधारा में है।	नवा जगरको ब्लॉगधारा रेगे मेनागा।
मैंने अपना चुनाव कर लिया है।	अइंग अइंक के साला केदा।
एक मुसलमान कैसे सोचता है।	मोयोद तुड़ुकु चिलका उड़ु: या।
उनकी छोटी आँखें प्रतीक हैं सूक्ष्म दृष्टि की।	इनिगा: हुड़िंग मेद् ते हुड़िगं गे लेलो: आ। नेआ दो सरते कजि।
यह हृदय की मांसपेशी की एक महत्वपूर्ण जन	नेआ‌ कुड़म रेआ मियद इसु जरूड़ुकन सिरको।
यह जाति अमरीका में बहुत पाली जाने लगी है।	नेआ जाति अमेरिका रे बेसे आसुल तानाको।
मैं इन लम्हों को ताउम्र नहीं भुला पाऊंगा।	अंइग नेआ को जिदो: दो कांइग रिड़िंग दिड़िआ।
गणतंत्र दिवस परेड की तैयारी जोरशोर से जारी	गणतंत्र दिवस परेड रेआ जोरते को तेयारी तना।
वो सभी कतारें और उनमें खड़े लोग बिल्कुल शांत हैं।	एन सोबेन पंति ओड़ो: एन पंति रे तिंगुआकन होड़ो को हपेआकानाको।
छत्तीसगढ़ की सीमा से सटे गुदारी गांव में मुठभेड़ हुई।	छत्तीसगढ़ सीमा ते नड़े: रेन हातु गुदारी रे गोपोए।
नौकरी के नाम पर लुटते जा रहे बेरोजगार	नुकरी नुतुम तेगे गे रेपे: जा कोआको।
वाम एकता न हो पाने में हम कम्युनिस्ट दोषी हैं।	वाम एकता का बयिकन कन रे अबु कम्युनिस्ट कोआ: दुषी।
जगत में ब्रह्मचर्य का जन् म हो सकता है।	जुग रे ब्रह्मचायर्र रा: जनम होबा दडिओअ।
इस व्यापार में प्रमुख हिस्सा बाघ अंगो का है।	नेआ व्यापार रे मुल कजि दो कुला होडोमो को मेना।
महीने के उत्तरार्ध में सूर्य व्यय स्थान में संक्रमण करेगा।	आधा महीना‌ रे उत्तरार्ध रे सिंगि एटा ता: सेनागा।
सुबह को नास्ते के बाद दोपहर का कच्चा खाना होगा।	सेता: लोआडी जोम केआते तिकिन बेरेल मंड़ि जोम होबा:ओअ।
आप पर सिक्यूरिटीवाले शायद कुछ शक करें।	अम सिक्योरिटी रेनको कको पतिया।
छह महीने बाद फिर यही जवाब।	छे महीना तयोम तेओ नेआगे जगर।
ये गलत तरीका गलत निष् कर्षों तक ले जाता है।	सिदा गलती के रे अयर गलती इदिओ: गेआ।
आईपीएल में पैसे बन रहे हैं।	आईपीएल ते पैसा बइओ: तना।
मैं आपके सामने चौधरी से बातें कर सकता	अइंग अमा: सनमंग रे चौधरी लो जगर दडिआ।
अपना वरिष्ठ नागरिक कार्ड अपने साथ रखें।	अपाना: वरिष्ठ नागरिक कार्ड अपन लो: जोगाव मे।
एक नई पुस्तक में यह खुलासा हुआ है।	मियद नवा कितब रे नेआ जगर उदुबा कना।
सच इन सबसे अलग हो सकता है।	सरते जगर नेआकोते बिनगा दडिओ:आ।
यह छात्रों के अकादमिक विकास में सहयोग प्रदान करेगा।	नेआ पढावतनको अ: नगेन अकादमिक विकास रे देंगाया।
उसका लिंक मैंने भड़ास पर दे रखा है।	नेआ रेआ लिंक आइंग भड़ास रे जोगाव कदाइंग।
अभिषेक के कई प्रकार तथा रुप होते हैं।	अभिषेक या: चिमंनग बोरोन ओड़ो रूप मेना।
जीवन स्वयं एक लम्बी कहानी है।	जीवन रेआ कानि बेसे जिलिंग गेआ।
निशा अब रुपये मांगकर उसे ब्लैकमेल करने लगी थी।	निशा ना: दो पैसा असिकेते ब्लैकमेन तना।
उस समय राम की ओर सीता का मन कितने और	एन सोमोय सीता: जी इसु पुरा: राम सा: रेगे तइकेना।
साबरमती आश्रम · जामा मस्जिद · काँकरिया झील	साबरमती आश्रम जामा मस्जिद कांकरिया झील
पाकिस्तान के लिए गंभीर भविष्यवाणीः अल्ताफ खान	पाकिस्तान नगेन उड़ु रेआ कजि उनुदुब: अल्ताफ खान
ऊतक निदान के रोगविज्ञानी द्वारा दिए गए सेल कि	उत्तक निदान रेन रोग विज्ञान‌ रेनको ओमला: सेल
चुनाव लोकतंत्र का सबसे बड़ा पर्व	चुनाव लोकतंत्र रेआ: मरंङ उतर परब।
माइकल फैराडे ने भी प्रयत्न किया पर	माइकल फैराडे तकिन जोर ला:।
उससे बड़ा पहलवान ब्रह्माण्ड में दूसरा कोई नहीं।	इनिआते मरंग पेड़े:गाकन ने ब्रह्मांड रे जाएं बंकुआ।
इसके साथ साथ उन्हें दवाईयां व फल भी वितरित किए।	नेआ लो:ते इनकु रानु ओड़ो: जो को हाटिंग ला:।
कल्याण में रिक्शे वाले मनमाना भाड़ा वसूल करते हैं।	कल्यान रे रिक्सा चलावतनको जे मोने गोनोंग को असि ताना।
वहीं कांग्रेस भी पश्चिम बंगाल सरकार से अपने मंत्री हटाएगी।	कांग्रेस पश्चिम बंगाल सरकार ते अया: मंत्री फरका केना।
जिन लोगों का धन कही फंसा हुआ है।	एन होड़ोकोआ: पैसा जां ता: रे पसेआकना।
वाद मे आक्रोशित लोगो ने हाईवे जाम कर दिया।	तयोम ते खैरवाकन होडोको हाइवे केसेद् केदा‌।
दूसरों को सच्ची मुस्कान प्रदान करें।	एटा: होड़ोको रसिका हाकिंग मे।
स्वार्थ का घेरा लगातार बढ़ रहा है।	स्वार्थ रा: टयद् मरंग इदि: ओ तना।
दूसरी ओर मतलूब ने फोन उठाया।	एटा: सा: मतलूब फोन हलंग केदा।
रंगराजन फिलहाल प्रधानमंत्री के आर्थिक सलाहकार परिषद के मुखिया हैं।	रंगराजन ना:अ प्रधानमंत्री तकिना: आर्थिक सलाहकार परिषद रेन मुखिया तनि:।
उत्तराखंड में आजकल अग्निकाल लागू है।	निमिर उत्तराखंड जुल तना।
फिर उसके कहने पर गाड़ी का गेट खुला।	इनिगा: कजि ते गाड़ी रेआ दुअर को नि: केदा।
जहाँ उन दोनों का जिक़्र आया और कहकहे उठे।	इनकिना: कजि उड़ुगं जन रेगे लंदा केदा‌को।
आप ने अद्भुत संगीत सुनवा दिया।	अबेन इसु सुगाड़ा दुरंग अयुम रिका केदा बिन।
नोटवर्किंग के बेशुमार द्वार ओपन करती है।	नोट वर्किंग इसु कमिकोरा: होरा बइआ।
मियां नवाज़ और पाक यूपी दलित स्मारक घोटाला	मियां नवाज ओड़ो: पाक यूपी दलित स्मारक रा: धोटाला।
यह कोई नया या अपरिचित नाम नहीं रह गया है।	नेआ जांन नवा ओड़ो: का उरूमाकन नुतुम का तना:।
वक्त उड़ता सा चला जाता है	सोमोय अपिर इदि:ओ तना।
सबते पहलै बाबा नागार्जुन समारोह करौ।	सोबेना ते सिदा बाबा नागार्जुन समारोह रिका ला।
फिर पुलिस विभाग का सर्वोत्तम आरक्षक ठहरा।	मेनदो पुलिस विभाग रा: सोबेनाते मजा आरक्षक मेनागा।
तब वह उसे घसीटता हुआ मरम्मत की दुकान तक लाया।	एनाते इनि: ओर इदि केआते कमि बइ दुकान ता: इदि कि:आ।
प्लेन में उड़ने वालों की संख्या भी कम नहीं।	प्लेन रे‌ अपिर तनको कोम कको कोम जना‌।
ऐसा आउटलेट नॉर्थ रीजन में पहली बार खुला है।	नेआ आउटलेट नार्थ रीजन रे पहिला धांव बइआकना।
अक्स्मात् उनके पिता का देहांत हो गया।	एनजा लो: गे इनि:अ अपु बंगाइ जना।
हमने तुझपे हजारो सितम हैं किए	अम अले बेसे सदाव के:मा।
अपने कॉलेज की शिक्षा को जारी रखने और नए कौशल	पढाव सेसनकन‌ नगेन नवा‌ कमि कजि को।
स्कूल के बाद कालेज और कालेज के बाद यूनीवर्सिटी।	स्कुल पढ़ाव जन चि कालेज ओड़ो: कालेज पढ़ाव जन तयोम ते यूनिवर्सिटी।
कुछ खाए बिना ही अपनी चारपाई पर लेट गए।	जाना: बेगर जोम केआते परकोम रेगे बटि जनाए।
जबकि उस पर सिर्फ अफसर ही अकेला बैठा था।	मेनदो एनारे सायोब एसकर तेगे दुबाकन तइकेना।
माननीय मुख्यमंत्री जी के द्वारा समस्त प्रभारी मंत्रियों को पत्र	माइनन मुख्यमंत्री तकिन सा: ते सोबेन‌ प्रभारी मंत्री को ता: चिठ्ठी।
परमेश्वर के नाम का इस्तेमाल और इसका मतलब	परमेश्वर तकिना: नुतुम कमि रे आगु ओड़ो: नेआ रा: माने।
साहित्य का एक मकसद होता है।	साहित्य रा: मियद्‌गे कमि ताइना।
शौहर के पैर के नीचे जन्नत होती है।	किसन अ: कटासुबा रे सुकु।
लेकिन इसके बावजूद उन्हें इसका लाभ नहीं मिलता है।	सेरेओ इनकु नेआ रेआ फायदा कको नमेआ।
भई ये तो बड़ा लफड़ा है।	अते दादा नेआ दो का ठीक गेआ।
लेकिन मेरी भी गलती नहीं थी।	मेनदो अइंगा गलती का ताइकेना।
अधिकतर बुरा। किन्तु होता सबकुछ जुनून से ही।	पुरा: कमि बगड़व दो अकल बकल कमि कोते गे होबा तना।
एक अकेला अणु कोई रचना नहीं है।	मियद् एसकर अणु बइरि दो रचना का तना:।
अर्थकाम को एक मुकाम तक पहुंचा दिया।	अर्थकाम मियद् मुकाम हमि: तेबा: तुका कि:आ।
सरकारों द्वारा कर्ज लिया जाना कोई नई बात नहीं है।	सरकार सा: ते कर्जा आगु नवा जगर दो का तना:।
कालेजों में प्रवेश से पहले मान्यता की पुष्टि कर लें	कालेज रे दाफिला सिदा मान्यता रेआ कुलि लगागिंआ।
आशुतोष की जोधा परंपरा भी है और आधुनिका भी है।	आशुतोश तकिना: जोधा ओड़ो: आधुनिक बरन छोलोन मेना:।
भगवान शिव तीसरे नेत्र से ही सबकुछ देखते हैं।	भोगोबान शिव अपिया मेद् तेगे सोबेना: लेला।
बुल्ले शाह की बातें काफियों के तौर पर हैं।	बुल्ले शाह गा: जगरको काफिया कोआ: लेका गेआ।
युवराज के लिए दुआ करते करोड़ों	युवराज नगेन इसु पुरा: होड़ोको बोगां तना।
अकड़ में अंगों के काम न करने का भाव है।	गंड़े होड़ोको गंड़े गे को ताइना।
यह अर्थ तो सरासर गलत है।	नेआ माने दो का ठीक जना।
तब ऊपर की सूखी हुई वर्मी	चेतन रेआ: वर्मी रोड़ोआ कना।
देश में तो कभी भी हो सकती है।	दिसुम रेदो जा इमंतंग होबा दाड़ि:ओआ।
उनकी धमनियों में केवल रक्त नहीं बह रहा था।	इनकुआ सीर रे मायोम बाइरी दो का दंग लिंगि तन ताइकेना।
जिसके आने से जाम लगता है।	जाएञ हिजुः जन रेगे जाम लगा:ओ अ।
साथ इड़ा का नाम आया है।	नेआ लो : ते इड़ा: नुतुम हिजुः लेना।
सुजाता लगभग उसके शरीर पर गिर पड़ी।	सुजाता लगभग इनियाः होड़मो रेगे उयुः जना।
इसके बाद रीढ़ की हड्डी बिलकुल सीधी रखें।	एन तयोम ते देया जञ सोज गे जोगाओ लगातिङ।
विज्ञान और प्रद्योगिकी क्षेत्र में अँग्रेज़ी के	विज्ञान प्रौद्योगिकी क्षेत्र रे
उसको मैंने विक्रम कपाडिया के एक नाटक में देखा था।	आइंग विक्रम कपाड़िया मोयोद् नाटक रे लेल लि:आ।
इस अवसर पर भक्तों द्वारा कांवर लाने की परम्परा है।	नेआ अवसर रे भक्त को सा: ते कावर लगाव रेआ: जरूड़ु मेनाः।
जिन्हें मैंने कभी अच्छी नज़र से नहीं देखा था।	ओकोय आइञ बुगिन मेद् ते मुसिंङ ओ काइञ लेल लि:आ।
धुँआ अन् दर तक भर गया।	सुकुल बितर जकेद् पेरे: जना।
अपने देश का पैसा खर्च करके।	अबुुवः दिसुम रेआ: पैसा खर्चा केआते।
हिमांशी जी भी काफी अच्छा लिखी है।	माइनन हिमांशी पुरा: सुगाड़ा ओलाकदा।
पुताई शुरू और उथले साँस लेने के रूप में वह	एटेः गाते जोलोम अर सयद् काए दड़ितन लेका।
पीसीसी ने घोषित किए जिला पदाधिकारियों के नाम	पीसीसी धोषित केदा जिला पदाधिकारी कोआ: नुतुम।
अंग्रेजी की कहानियां मैं पहले ही पढ़ लेती थी।	अंग्रेजी कानि को आइञ सिदा रेगे पढ़ाव जद् ताइकेना।
आप एक कार जीपीएस नेविगेशन प्रणाली	आमा: मोयोद कार रे जीपीएस नेविगेशन प्रणाली।
क्या यह भाजपाकी मुगलशाही नहीं है?	चिलका नेआ भाजपा रेआ: मुगलशाही का तना:।
यह असहज योग की स्थिति है।	नेआ का रबल लेका योग तना।
और क़र्ज़ दरें हासिल कर सकते हैं।	ओड़ो: कर्ज दर नम दड़िआ।
आपने खुद को गुनाहों का देवता माना।	अम अमतेगे गुना तन बोगांम मनातिगं तना।
मुझे इस फल की खुशबू और स्वाद ज्यादा पसंद हैं।	अइंग नेआ जो रेआ सुगाड़ा सोआन ओड़ो: सिबिल सुकु जा:इञा।
आरोपी एमआर का मोबाइल फोन लेकर चंपत हो गया।	आरोपी एमआर रेआ मोबाइल फोन कुमड़ु केआ ते निर जना।
एक पुलिस अफसर भी साथ थे।	मोयोद पुलिस अफसर ताइकेना।
तुरंत भावना के बहाव में बह जाते हैं।	सेकड़ा गे भावना आतुगा।
दादी माँ के पसंदीदा बुना हुआ थाली पीछने का कपड़ा	शाकिम बुढ़िया: सुकुते बाइतन थाड़ा गोसो: तेआ लिजा:।
भारती के अनुसार ये क़दम खतरनाक साबित हुआ।	भारती लेका ते नेआ मोयोद् एदकन होरा होबा दाड़ि:ओआ।
और यहाँ इसका प्रयोग उसी प्रतीकात्मकता के साथ हुआ है।	ओड़ो: नेता रे नेआ रेआ: प्रयोग प्रतिकात्मकता हिसब‌ते होबा लेना।
सुबह का समय ध्यान के लिए सबसे अच्छा है।	सेता: रेआ सोमोय ध्यान रेआ मेनते मजा मेना:।
मैंने उसकी तरफ कृतज्ञता से देखा और पीछे मुड ग़यी।	आइंग इनि इकिर जिबोन ते लेल केआते तयोम सा: रूड़ा जना।
प्राचीन वॉल प्लेट्स के साथ सजा। प्राचीन प्लेट वर्ल्ड	प्राचीन वॉल प्लेट्स लो: ते गलांगा कना। प्राचीन प्लेट वर्ल्ड
नजदीक से जाना अब हमने विज्ञान।	जपा: ते बु इतुआना विज्ञान।
इस द्वीप के स्वामि वीरवर द्युतिमान थे।	द्वीप रेन स्वामी वीरवर द्यक्तिमान ताइकेना।
कंप्लेन पर पहले कार्रवाई भी किए हैं।	शिकाइत रे सिदा रे कार्यवाही होबा कना।
बेटे की तबीयत अब कैसी है?	कोड़ा होन आ: रूआ निमतंग चिलका मेना:।
यह चक्कर आने का क्या चक्कर है?	ने लेकि बुल रेआ: चाना: जगर मेना:।
क्या सच मे जश्न मनाने की बात है?	चिलका सरते चि रसिका रेआ जगर मेना:।
सिल्लो ने कड़वे तेल का चिराग जला दिया था।	सिल्लो हड़द् सुनुम रेआ: बमबरू जुल केदा।
उन्हें लगता है इससे बेहतर तो पुराने धांई में थे।	इनकु ठोर जदा चि नेआ ते मजा दो सिदा रेआ: गे ताइकेना।
कृष में मुझे मालूम था कि क्या करना है?	कृष रे आइग ठोर जद ताइकेना चि चिना: लगातिंगा।
उस युवती के चाचा के परिचित थे।	एन दंगिड़ि होना: हुड़िगं अबा लेला कद् ताइकेना।
शायद दसवीं करके सिलाई कढ़ाई का कोर्स किया था उसने।	होबा दड़िओअ इनि दस कलास पास केआते लिजा: तुकुइ रेआ कमि इतुकेना।
अलबेला वाले भगवान दादा को लीजिए।	अलबेला रेन भगवान दादा आगुइपे।
स्कूलों के पास नजर आने लगे टपोरी	स्कुल जपा: रे लेल जनाको कुम्बुड़ु को।
शब्द आता हो आप सर्च इंजन में	टुंग हिजु:तना‌ आप सर्च इंजन रे।
मुझे दरद भि बहुत हो रहा था।	आइंग जोर हासु जा:इंग ताइकेना।
एफएमसीजी और तकनीकी क्षेत्र मामूली बढ़त पर हैं।	एफएमसीजी तकनीक क्षेत्र मामूली बड़ा होबा तना।
वहां अपने बोर्ड भी लगा दिए।	एनता: आकोआ: बोर्ड क़ लगाव केदा।
कार्यक्रमों में अपनी उपलब्धियों का बखान करती हैं।	कार्यक्रम रे अकोआ: उपलब्धि रेआ को जगरो:अ।
इन पानी जैसी ग़ज़लों का पत्थर सा माज़ी होता है।	ने दा: लेका गजल रेआ: दिरि लेकन माजी को ताइना।
ऐसे में तासीर से कोई फर्क नहीं पड़ता।	नेलेका रे तासीर जेतन बिनगा का टोगो:आ।
सावन उत्सव सभा में बैठी एक युवती।	सावन उत्सव सभा रे दुब जना मोयोद कुड़िहोन।
दानदाता सोना देने के लिए तैयार हैं।	दान ओम तन को सोना ओम नगेको केटे: कना।
बताया जाता है कि यह स्मारक	नेआ सिदा रेआ स्मारक।
इसलिए कानून अकेला पर्याप्त नहीं है।	एना मेनते कानून एसकर का तना।
किसी विकसित देश की बच्ची को देखो।	जान विकसित दिसुम रेन होनको लेल लेकोम।
उसने उस मुद्रा को उठाकर रख लिया।	इनि एन टका को हलंग केआते जोगाओ केदा।
वे तड़के तीन बजे तक डयुटी पर थीं।	इनि इदंग तीन बजेआते कमि रे ताइकेना।
हमने इसी को अपने जीवन का लक्ष्य समझ रखा है।	अले नेआ गे जिनिद रेआ लक्ष्य ले बाइकदा।
जानकारी के साथ साथ प्रस्तुति बहुत पसन्द आई।	उनुदुब लो:ते लेल रिकाओ इसु सुकु जना।
धरती का वातावरण पलट रहा है।	ओते एंगा: वातावरण पलटिओ: तना।
ऐसे पृष्ठ समग्र में शामिल किए जा रहे हैं।	नेलेकन सकमको समाजमा रे जमा:ओ आ
फोटो तो हमेशा की तरह अच्छे लगे।	फोटो दो जनावलेका के मजा मेना:।
खजुराहो विमानक्षेत्र खजुराहो मेँ स्थित है।	खजुराहो विमानटयद् खजुराहो रे मेना:।
रोज बिना उपलब्धि के घर लौटना किसे सुहाता है।	जनव बेगर नमते ओड़ा रूड़ा ओकोए सुकुइआ:।
प्रीमियर काफी विलंब से शुरू हुआ।	प्रीमियर बेसे हेड़ा ते एटे: लेना।
और इस सवाल का उत्तर देने वाली कहानियां भी हैं।	ओड़ो: नेआ कुनुलि रेआ: कजि रूअड़ा कानि को मेना:।
इसके बाद शव पीएम के लिए भेज दिया।	एन तयोम ते गोए कनि: पीम नगेन को कुल कि:आ।
चर्चा करने का नाम ही नहीं लेते।	चर्चा रेआ: लुतुम गे कको लुतुम जदा।
वह झोपड़ी हटाने के ऐवज में फ्लैट मांगने लगी।	इनि: झोपड़ी फरका बदला रे फ्लैट असि तना।
तू यह है अब तक का रीकैप।	दो नेआ ना: सनते रेआ: रीकैप।
उन दिनों पटना में नभाटा के संपादक दीनानाथ मिश्र थे।	एन सोमोय रे पटना रे नभाटा रेन संपादक दीनानाथ मिश्र ताइकेना।
केशव जी की उतनी पूछ और पहुंच नहीं रही।	केशव तकिना: उनुरूम ओड़ो: तेबा: बनो:।
इच्छाओं पर नियंत्राण कर संयमित जीवन जीओ।	सनंग कोरे नियंत्रित केआते बुगिलेका ताइन लगातिंगा।
बेटे के जन्म के बाद अब वह खुश हैं।	कोड़ा होन जोनोम जन चि निमतंग इनि: सुकु रे मेना:इ।
जैसा अपना घर का नाम चूंचूं है।	चिलकाचि इनि: आ ओड़ा: नुतुम चूंचूं।
ऐसी अनन्यता की ही कामना भक्त करता है।	नेलेका का छबाओ लेला बोगां बुरू कोगे नम तना।
यही लोग सबसे ज्यादा बावेला मचाते हैं।	ने होड़ो कोगे पुरा गरंग ककला या।
मैं किसी से ख़फ़ा नहीं होता	आंइंग जेताए लो काइंग हुड़िंग जि तना।
धर्म और जात किसी की बपौती नहीं है	धोरोम ओड़ो: जाति जेताए बपौति का तना:।
वैसे भी ऑक्टोपस में फर्क कर पाना आसान नहीं।	सेरेओ आॅक्टोपस लेलरूम बलाए गेआ।
हालत हमारी भी खराब हो गई थी।	हालात आइंगा: बुगिन का ताइकेना।
छोटूराम की पार्टी के विरोध में स्थापित किया।	छोटूराम पार्टी बिरोध रेआ रोआ केदा।
वे किसी भी सूरत में डिस्पोजल नहीं बनने देंगे।	इनि: जान चिकाओ रेओ डिस्पोजल काए बाइरिका।
कम्पन बन कर कह गई वही	एकलातन तन लो: ए कजि तुका जना।
अब बाकी दौरा भी रद्द कर दिया गया है।	निमनंग सरे:अकन दौरको होका जना।
पाकिस्तान से हम वार्ता करते ही क्यो है?	पाकिस्तान लो चा तेबु जगर तना।
शिरीष और शाहरुख का झगड़ा तो जगजाहिर है।	शिरीष ओड़ो: शाहरुख दो सोबेन को बु इतुआना‌।
कॉलेज छोड़ने के बाद यह हमारी पहली मुलाक़ात थी।	काॅलेज होका जना ते नेआ अमा एटे नपम।
खेती के और जमीं के कागज़ात माँगते।	चासा ओड़ो: ओते रेआ कितब को असिआ।
आज के ज़माने में ऐसी कर्मठता?	ने सोमोय रे ने लेका केटे:।
वर्तिका की तरह नृत्य करते हुये	वर्तिका लेआ सुसुन तन लो:।
इस संतुलन की कोई निश्चित व्याख्या नहीं की जा सकती।	नेआ संतुलन रेआ जेतन व्याख्या का दड़िओआ।
अपने पिता को देखकर उन्होंने पेंटिंग करना सीखा।	अया: आपुते लेल केआते आयो रंगा इतूश जना।
और मरने के लिए काम पर डटा रहे आदमी	ओड़ो: गोएन नगेन ते कमि रेगे को तिंगुन जना होड़ोको।
मैं इस मानसिकता के साथ शूटिंग पर गया।	आइंग नेआ उड़ु: लो: ते शूटिंग रे सेनो: जना।
सनी से वे बेहद प्रभावित हुए।	सनि ते इनि: पुरा: गे प्रभावित जना।
महात्मा गांधीजी किसी काम को छोटा	महात्मा गांधी जान कमिको हुड़िग।
पर उसने यह धूप गांव ही आकर देखी।	इनि: नेआ जेटे हातु हिजु: केआते लेल केदा।
मेरे विचार मे भारत वे सभी	अइंग: उड़ु: रे भारत।
सियार सांपों में उठक बैठक कर रहे हैं।	तुयु बिंग को ल़ो: दुब जारू तन ताइकेना।
पश्चिमी ब्लू इंटरेक्टिव वेब पोर्टल की शुरूआत	पश्चिमी ब्लू इंटरएक्टिव वेब पोर्टल रेआ: एटे:।
आज मैं उनकी बहुत इज्जत करता हूं।	तिसिंग आइन इनि: इसु पुरा: माइन जाइ:आ।
रोज के विषय अलग होते थे।	जनाव रेआ विषय बिनगा गे ताइन तन ताइकेना।
अकस्मात रुका हुआ धन प्राप्त होगा।	अचका गे होकाकन टका नमोगा।
पर हाथ रखा था वह ठठाकर हंस रहा था।	ति जोगाव कन इनि जोर ते लंदातन ताइकेना।
ज्यूडिशरी ने लोकतंत्र को कलंकित होने से बचाया	जुडिशरी लोकतंत्र रेआ कलंकित किन बंचाव केदा।
दोष अंग्रेज़ी भाषा का ही है।	दोषी दो अंग्रेजी भाषा रेआ: गे मेना।
मोदी ही बीजेपी हैं और बीजेपी मोदी।	मोदी गे बीजेपी ओड़ो: बीजेपी गे मोदी।
उसके अधिकांश सहपाठी उसे झक्की समझकर उससे कन्नी काटते हैं।	इनि:आ पुरा लेका सोंगे को होसोड़ो जगर कोआते हेसाओ इदि तना।
सूर्यास्त हो ही रहा था।	सिंगि असुरो: तन गे ताइकेना।
ऊपर जाकर उसने पिता को यह बात बताई।	चेतन सेन केआते इनि: आपु ते नेआ जगर उदुबा:इआ।
इसके बाद उन्होंने पीडब्लूडी कार्यालय का भी निरीक्षण किया।	एन तयोम ते इनि पीडब्ल्यूडी कार्यालय लेलआउ सेन जना।
विकास योजनाओं को आगे बढ़ाना बड़ी चुनौती है।	विकास योजना को अयल ते इदि मरंग चुनौती।
अब पाकिस्तानी कप्तान के हाथों होगी फजीहत	निमतंडग पाकिस्तानी कप्तान सा : ते होबा:ओआ फजीहत।
जुबैर के लिए मस्जिद भी बना दी गई।	जुबैर नगेग मस्जिद बाइआकना।
उन्होंने ट्राई के विचारों का समर्थन किया है।	इनकु ट्राइ आ उनुड़ू: को देंगा केदा।
सभी कुछ न कुछ कहना चाहते थे।	सोबेन जाना: का जाना: जगर सनंग तन ताइकेना।
आगे उनका लिंक भी लगा दूंगा।	अयर ते नेआ रेआ लिंक एयो लगा:ओआ।
बीपीएल हितग्राहियो के माफ होंगे बिजली बिल	बीपीएल ग्राहक कोआ बिजली बिल माफ नोगो:आ।
इनके ओवरलो आगे » उत्तर भारत में बीएसएनएल ब्राडबैंड ठप	निकुआ: ओवरलो अयर- उत्तर भारत बीएसएनल ब्रॉडबैंड होका कना।
में इस की समीक्षाएँ प्रकाशित हो चुकी है।	नेआ रेआ समीक्षा को चपाकना।
आईना चुपचाप अपना फैसला करता रहा	आइना हपे तेएगे अए: फैहला तुका।
ऐसा कोई उपकरण इससे पहले उपलब्ध नहीं है।	नेलेकन उपकरण नेआते सिदा का ताइन केना।
पंकज पंडित के पास एक फोन कॉल आई थी।	पंकज पंडित ता: मिस फोन हिजुः लेना।
इसके बारे में चिंता न करें।	नेआ रेआ: आलोम उड़ुः।
परमारथ की जा मन आसा।	परमारथ रेआ: मोने रा: उड़ुः।
यमपाश में फँसते ही उलूक के भी प्राण निकलने लगे।	यमपाश रे फसे जनलो:गे उलूक जि ओटंञ जना।
ज़िन्दगी का एक और अनमोल साल।	जिबोन रेआ ओड़ोः मोयोद गोनोङन सिरमा।
खूदा को न मानने वाला मुस्लिम हो सकता है?	खुदा का:ए मानातिञं तनि: चि तुड़ुकु?
चार से ज्यादा तो बिरले ही होते है।	मोड़ेय ते ला:दो कोमगे को ताइना।
श्रद्धालु कथा सुनने सैकड़ों की तादाद में पहुंचे।	बोंगा तनको ओड़ओ कानि आयुम नगेन इसुपुराः होड़ो को तेबाः लेना।
गुणवत्ता और बिक्री की दी जानकारी	गुणवत्ता ओड़ोः अकरिञं रेआ कजि को उदुब ला:।
खाकी पैंट और मटमैली शर्ट।	खाकी पेंटे ओड़ोः गोंडो शर्ट।
मुझे संदेश मिला था आप चाहें किताबे वापिस ले लें।	अइङ कजि नम लाइञ अम मोने रे कितब अगुरूड़ा केम।
बड़े सालों बाद कानपुर दौरे का योग बना।	इसु दिन तायोम कानपुर सेनोः रेआ संजोग बइ लेना।
बस स्टैंड से बाजार तक सड़कों पर पानी बहने लगा।	बस स्टैड ता; ते पिटि हमि: संडाका रे दा: लिंगि तना।
हर वक्त एक भूख में बिलबिलाते चेहरे।	सोबेन सोमोय रेंगे: ते काउ बाउ तन मेद मुड़ा।
उनके जो शेर खूब पसंद किये गये वो ये थे	इनिः गा: शेर ओकोना जोर को सुकु जना।
और हम सब को इनका प्रतिकार करना चाहिये।	ओड़ोः अबु सोबेन को नेअ जगर का मानातिञ लागातिङ।
उसकी कुदृष्टि तुम पर पड़ चुकी है।	इनियाः एदका लेल मा।
क्योँ उसको ललकार कर प्रतिद्वन्दी बनाया जाता है?	चाना: मेनते इनि: लो कपाजि केआते बकाड़ा रिकम।
ज्यादातर लोगों को ठीक से हिन्दी लिखना तक नहीं आता।	इसु पुरा: होड़ोको हिन्दी ओल पाड़ाव कको इतुआना।
रघु शर्मा केकड़ी शहर में करेंगे जनसंपर्क	रघु शर्मा केकड़ी शहर रे होड़ो को सनामंङ रछ जगारा।
वो इस चेतनधारा से जुङता जाता है।	इनिः चेतनधारा लो: जुड़ि तना।
इस नाम में अँड़ुहर जैसी सीधी बेशर्मी नहीं थी।	नेआ नुतुम रे अंड़ुहर लेका सोज गि:यु का ताइकेना।
इतनी पूछताछ बर्दाश्त कर पाते?	निमनङ कुलि बेड़ा का:ए सातिञम?
वहीं दूसरी ओर बाजार की भी प्यास बढ़ती चली गई।	एनताः एटा: सा: रे पिटि रे कमि ला:गो: तन गेआ।
अगर ऐसा मन सोचता है तो बुरा क्या है?	जदि जी नेका उड़ु: रे चाना:?
रामलीला मैदान में ऐतिहासिक भीड़ जुटाया है।	रामलीला पिड़ि रे होड़ो को जुटन जनचि इतिहास बआइ केदा।
क्या आप अपनी नौकरी के बारे में नफरत है?	चि अम अमा: नुकरी कम सुकुआ?
होठो की अर्जी एसे ठुक्राओ ना	लाचो रेआ: अरजी नेका अलोम बगेमे।
ये लाइनें सभी को याद होंगी।	नेआ लाइनको सोबेन को टोओर गेआ।
एक अजगर एक प्रेत और एक गिद्ध	मोयोद मरंग बिञं मोयोद बोञां मोयोद गिदि।
हालांकि उन्होंने इससे जुड़ी विस्तृत जानकारी नहीं दी।	इनिः नेआ का:ए उदुब ला:ए।
रानी ने तो हद ही कर दी।	रानी का:ए ठीक केदा।
खुशी से जैसे उसकी आँखें चढ़ी हुई थीं।	रसिका तेदो बालु उतर लेना।
♠ यह प्रशंसा निश्चय को दृढ़ करने के लिए है।	नेआ रेआ: कजि ठाउका नगेन मेनागा।
क्या हो गया है है इन लोगों को?	चाना होबा जना निकु?
मेरे पुत्तर का हाथ जल गया।	आइञा: होना: ति लो जना।
प्रेमचंद की कहानियों में सार कम और अव्यावहारिकता ज्यादा है।	प्रेमचंद तकिना: कानि रे सार‌ कोम गेआ मेनदो का पति लेकन जगरको पुरा: मेना:।
और इकठ्ठा करना तितलियों के लिए	ओड़ो: जमा लेम पम्पलद् को नगेन।
राजस्थान में स्वाइन फ्लू ने अपने पैर पसार लिए हैं।	राजस्थान रे स्वाइन फ्लू पसेर जना।
सवारी क्वीन विक्टोरिया रोड से गवर्नमेंट हाउस के लिए चली।	सवारी क्वीन विक्टोरिया रोड ते गवर्नमेंट हाउस सेनो: जना।
शिक्षा के क्षेत्र में बहेतर तरक्की की है।	शिक्षा होरा रे बेसे कमि होबा कना।
मगर सच्चे राजा की भांति तुम भी त्यागी हो।	मेनदो सरते राजाको लेका अमो होनांग इसु बुगिन गेआम।
लेकिन इन समाजशिल्पी दपत्तियों के लिए कुछ भी दुष्कर नहीं।	मेनदो ने समाज शिल्पी हड़म बुड़िया को नगेन जाना: रबल बनो:।
कानून विशेषज्ञ फिलिप मास्त्रोनार्डी इस तर्क से सहमति जताते हैं।	कानून विशेषज्ञ फिलिप मास्त्रोनार्दी नेआ तर्क पतिआ।
कंपनी के लिए अभी भी तोप	कंपनी नगेन नागो तोप।
अजी आशिकी पर किसका जोर चला है?	आशिकी रे ओकोए: जोर सेसेना‌
रानी उनकी ओर आश्चर्य से देखने लगीं।	रानी इनि: भकुआओ तन लेल कि:आ।
आखिर कब खत्म होगा ये आतंक कहर।	मेनदो चिमतंग छबा:ओआ नेआ आतंक रेआ बोरो।
ऐसी उदासी बैठी है दिल पे	नेका दुकु तन लेका दुबाकन‌
ऐसा एक तूफान चलाना चाहता हूँ।।	नेलेका मोयोद् तुफान चलाव मोने तना।
यह पूरे दक्षिण अफ्रीका का सबसे पुराना कैफे है।	नेआ गोटा दक्षिण अफ्रीका रेआ पुरना उतर कैफे तना:।
जिसके गोबर के बिना कोई धार्मिक अनुष्ठान सम्पन्न नहीं होता।	ओकोआ एन गुरि: बेगर जाना: कमि का परोमोआ।
वह उनके साथ सच्चे मित्र भाव का बर्ताव करता था।	इनि: इनकु लो: सरते सोंगे लेका जगर तन ताइकेना।
इसका इंटरनेशनल कनेक्शन काफी अच्छा है।	इनि:गा इंटरनेशनल कनेक्शन मजा मेना:।
इसलिए वह वहीं चुपचाप खड़ा रहा।	एना मेनते इनि: हपेकन ताइकेना।
अमूर्तता का सबसे पुराना उदाहरण शिवलिंग है।	अमूर्तता रेआ सोबेनाते पुरना उतर उदाहरण शिवलिंग मेनागा।
झगडा रुके नहीं रुक रहा था	कपाजि का होकातन ताइकेना।
पढ़ाई खत्म होने से पहले ही करोड़पति	पढाव छबा सिदागे करोड़पति।
अजय पैर में पोलियो के कारण विकलांग था।	अजय पोलियो होबाजन चि विकलांग जना।
दस साल बाद भी नहीं मिले मैदान	मोद सिरमा रेओ पिड़ि का नम जना।
तो मेरी बहन और मेरी बीवी दोनों हंसने लगी।	अमा: मिसि ओडोः आइञा: कोनेआ बरनकिन लंदा केदा।
कोसी जन संवाद यात्रा जुलाई में	कोसी जनसंवाद यात्रा जुलाई ते।
हें बहु असो जे ऐसे।	हे किमिन नेलेका चि।
हमारी आयात और निर्यात नीति बहुत अच्छी है।	अबुआ: आयात निर्यात नीति इसु सुडाड़ा।
माँ मेरी प्रेरणा स्त्रोत रही।	अइंगा एंगा तेगे अइंग प्रेरणा नम जदा।
आपने पल्लवी से परिचय कराया है।	अम पल्लवी लो:ते लेपेल रिका कि: अम।
इसलिये उन्होंने अपने जूते चप्पल बाहर उतारे।	एनातेगे इनि जुता खरपा बाहर रेगे ओचो: केदा।
यह स्मरण ही हमें जड़ों से जोड़ता है।	नेआ उड़ु:गे अले जोटो कोते जोड़ेन केआते जोगाव तना।
एक दूसरे को समझने की जरुरत है।	अबु बुजाओ रेआ कजि तना:।
व्यवसाय के लिए लाभदायक समय है।	व्यवसाय नगेन इसु मजा सोमोय मेना:।
पहले तो बहुत गुस्सा हुआ मगर बाद में मान गया।	सिदा दो बेसे खदराव जना तयोम ते मनातिंग जना।
जियत सिंघ कै गह को मोछा॥	जियत सिंध रेआ: गहको मोचा।
अधिक खाने से चर्बी बढ़ती है बुद्धि नहीं	बेसे जोम ले रे मोटो बाइरि मोटो सेंड़ा दो इमनंग गे ताइना।
आकांक्षा बिस्तर पर रो रही थी।	आकांक्षा गिति:कन रा:तन ताइकेना।
यह कोशिश कांग्रेस पर भारी पड़ी है।	नेआ कमि कांग्रेस रे हंबल गे टोओ जना।
हमला होने के कुछ ही क्षण बाद खुद को	हमला तयोम ते हुड़िंग कोन तयोम आए:।
शादी के कुछ फ़ोटोग्राफ़ भी लिए गए।	अड़ानदि रेआ: तरा मरा फोटो को अउआकना।
कलकत्ता आकर कौन नहीं फंसा?	कलकत्ता हिजु: जन ओकोए का:ए फसेजना।
इस्लामी शरियत और शिक्षा का हवाला	इस्लामी शरीयत ओड़ो: पढ़ाव रेआ: कजि।
कैरेबियन क्रूज या सभी समावेशी छुट्टी क्या पसंद है?	कैरेबियन क्रु ज चि समावेश कन चुटटी चिना: सुकुआम?
मैं भी यही प्रयास कर रहा हूँ।	अइंगो नेआ मोनेजदा।
आपको कौन सा डांस करना पसंद है?	ओकोआ सुसुन अम सुकुआम।
आपके सुझावों से असहमत होने का प्रश्न ही नहीं।	आमा जगर पतिए गेआले।
संकल्प पूर्ण करने का मार्ग सुगम हो जाता है।	मोनेआकन ते होरा रबलो:अ।
इसमें कई गंभीर अपराध वाले मामले भी हैं।	नेआ रे इसु पूरा दो एदका कमि को मेनागा।
इसमें मजदूर वर्ग की भूमिका किसी से कम नहीं थी।	नेआ रे कमि नाला होड़ो कोआ: कमि इसु पुरा: मेना:।
उसको भी आईने के अन्दर छोड़ आया हूं।	नि दोरपोन बितर बगे हिजुः केनाइञ।
अंहिसाग्राम में दीपावली मिलन समारोह आयोजित	अहिंसा हातु रे दीवाली लेल लेपेन दुनुब।
बीएलओ के खिलाफ एसडीएम को ज्ञापन	बीएलओ खिलाफ एसडीएम तकिन ता अरजि।
वो अंकिता को तलाश रही थी।	इनि अंकिता: दड़ा तन तइकेना।
मुझे बिहारियों से प्रेम हो गया	अइञ बिहारी होड़ो को: सुकु जना।
राष्ट्रीय कृषि एवं ग्रामीण विकास बैंक	राष्ट्रीय ओड़ो: ग्रामीण विकास बैंक
इस कथाधारा में चिंतन से विमुख वे कभी नहीं हुए।	नेआ कानि रे उड़ु: ते इनि‌ काए फरका लेना।
माध्यम से एक्सचेंज शिकायतकर्ता की शिकायत निवारण के	ओकोए एना कोते अए गे धनि बइन तना।
पहली बार में ही सही तरीके से करें।	मिसख रेगे ठउका नोगोए मे।
मॉर्मन प्रोफेसर। मॉर्मन महिला घर	माॅरमन प्रोफेसर माॅरमन कुड़िकोआ: ओड़ा।
पूर्वी बिहार में हर साल लाई जाने वाली बाढ़ का	पूर्वी बिहार रे जनाव सिरमा चना मेनते बाढ़ हिजु:ताना
तभी धींगामुश्ती में लड़की का ब्लाउज चर्र से फट गया।	एन सोमोय गे धींगामुश्ती रे कुड़ि आ जाकिट केचा: जना।
चिमटा कितने काम की चीज है।	चिमटा बेसे कमि गरंङ।
भगवान का शुक्र है कि से	भोगबान कजि तेगे।
यह हमारे लिए बहुत मददगार तरीका है।	नेआ अबुआ: नगेन इसु पुरा देंगा नोगो: जगर।
मालिनी नाम की नदी के तट पर पाई गई थी।	मालिनी नुतूमाकन गड़ा संनग रे नम लेना।
कि बदबू न फैले शहर में	शहर रे एदका सोआन अलोका नमो:।
उस पर हम सभी ने बहुत पोस्टे डाल दी।	एना रे अबु सोबेन को पोस्ट बु ओल ला:।
इसी से अस्पताल का नाम या बदनामी होती है।	नेआ मेनतेगे ने अस्पताल रेआ: नुतुम डुबुइ: तना।
स्पेन यूरोपियन संघ का सदस्य है जिसके कारण	एनातेगे स्पेन युरोपीयन संघ रेआ सदस्य बइआकना।
ऐसे में कहाँ है अरूंधती और कहाँ है सेक्युलर मीडिया।	नेका रे कोता: रेकोआ अरूंधति ओड़ो: कोता: रे मेना: कोआ सेकुलर मीडिया।
हर व्यक्ति कहता है मुझे असत्य से घोर घृणा है।	सोबेन कोगेगे कजिआ चि होसोड़ो जगर कको सुकुआ।
ब्रिटनी की ऐनी के लिए के रूप में वह	ब्रिटेन रेन एनि नगेन नेआ रूप।
आज कल आर्य चारूदत्त इसी अपमान को जी रहे है।	निमिर आर्य चारूदत्त नेआ का सुकुअन कजि लो: ते जिदा कना।
किसी अन्य जाति को क्यों नहीं?	एटा: जाति को चना: मेनते का?
फिर कंगना भी कुछ धक्का लगाती हैं।	ओड़ो: कंगना‌ बतरि उदुर नो: केदा।
एक ही मामले में आपके दो रुख हैं।	मियद जगर रा: गे अमा: बरिया कजिको मेना:।
ज़रा सा प्रवाह तेज़ होते ही	दा: जोर ते‌ लिंगि जन रेगे।
उन्ही से वे सभी याद आती हैं।	एना कोते गे सोबेना उरूम रूड़ा।
कांग्रेस का इरादा पच्चीस फीसदी का।	कांग्रेस आ: सनंग पच्चीस खांड़ा रेआ मेना।
फिर वही एसपी सिंह और फिर वही रोना धोना।	ओड़ो एनि: एसपी सिंह अर इनि:गा राना।
सुरक्षा सप् ताह में संता इतने में पुलिस	सुरक्षा हफ्ता रे संता ओड़ो: इमनंग रे पुलिस।
तुमने नाहक ही अपना दावा कर दिया था।	अम दो सामा रेआ:गे कजि तनम।
नाक काटने का काम अदालत का है।	मू हदेआ: कमि दो अदालत रेआ गे।
उसका बड़ी गर्मजोशी से स्वागत किया।	इनिगा: पुरा जोर ते दारोम कि:आ:।
वहां पर भी कुरान को कोर्स में पढ़ाया नहीं जाता।	एनता: रेओ कुरान कोर्स रेको पढ़ाव जा: ओआ।
स्टेट बैंक तीस हजार करोड़ इनवेस्ट करेगा।	स्टेट बैंक तीस हजार करोड़ पैसा लगाव या।
कार्यक्रम के दौरान केक काटकर खुशियां मनाई गई।	कार्यक्रम रे केक हद् केआते इसु पुरा: रसिका जना।
